StudyInstanceUID,ACL,MCL,Medial Meniscus,Lateral Meniscus,Medial OA,Lateral OA,PF OA,Effusion,Synovitis,Baker's,Contusion,Fracture
1.2.826.0.1.3680043.8.498.10004873229099053869093324292195817260,0.1054616,0.070976466,0.7071914,0.18549141,0.5802772,0.27154335,0.5861051,0.5776535,0.13859777,0.26953882,0.10615628,0.03387458
1.2.826.0.1.3680043.8.498.10004945927472656027199792075652399585,0.057186168,0.049165115,0.06507554,0.03509525,0.03581165,0.03099962,0.11734436,0.112658724,0.02969302,0.084022485,0.07490225,0.03442411
1.2.826.0.1.3680043.8.498.10009278692606631573540062909909132231,0.03826442,0.033497512,0.19307837,0.047509048,0.25713477,0.12721536,0.5008268,0.23518245,0.054446705,0.19419588,0.056495126,0.0278662
1.2.826.0.1.3680043.8.498.10009639203170750274174707434356622764,0.09640308,0.056670092,0.12503546,0.051423803,0.03045017,0.024924334,0.0776289,0.1645766,0.024323467,0.07003093,0.10476049,0.032184374
1.2.826.0.1.3680043.8.498.10013663742400736029415768216599146542,0.038181946,0.032426815,0.21190344,0.04807791,0.27621102,0.13397133,0.48954841,0.25738305,0.053900983,0.20066063,0.05706687,0.02676797
1.2.826.0.1.3680043.8.498.10018552945042470316597008531304016339,0.049686324,0.042680744,0.06901602,0.03470715,0.043290503,0.034128528,0.15999174,0.12230062,0.02849653,0.09074297,0.06784166,0.02991026
1.2.826.0.1.3680043.8.498.10018749256316287542884435387067561101,0.10058039,0.07063538,0.08155683,0.047838915,0.0252471,0.025014004,0.06677544,0.13629478,0.030980268,0.068826154,0.10857427,0.043138742
1.2.826.0.1.3680043.8.498.10021179701366615563817491713738306606,0.31598267,0.12940578,0.4723599,0.17928475,0.05501638,0.03775689,0.06472631,0.38723254,0.038431298,0.10570761,0.3378591,0.063603066
1.2.826.0.1.3680043.8.498.10021288557171866794624317186288618513,0.064607985,0.051193412,0.08316292,0.037583333,0.03308627,0.027177393,0.096981965,0.11777906,0.025885478,0.07549475,0.08205617,0.033553064
1.2.826.0.1.3680043.8.498.10025765742726180988537955593315007559,0.66446257,0.4447555,0.80535674,0.67896587,0.53932846,0.32994425,0.32492143,0.78871745,0.44845638,0.32185304,0.59180516,0.28416634
1.2.826.0.1.3680043.8.498.10026410865298348818136520318965356394,0.06537164,0.0528856,0.5138322,0.10636627,0.5824187,0.29144862,0.63409513,0.4533532,0.11709017,0.28701678,0.072842315,0.032841053
1.2.826.0.1.3680043.8.498.10029168398037940681915299760479434938,0.044813756,0.03904126,0.08014529,0.033453513,0.057659402,0.04080913,0.2109392,0.13136701,0.030040499,0.10326578,0.064742625,0.0287992
1.2.826.0.1.3680043.8.498.10029520033957968044048068502185417806,0.7462468,0.49706453,0.78471637,0.69667685,0.3699675,0.24250779,0.204098,0.75452626,0.367443,0.2563632,0.6547246,0.30560404
1.2.826.0.1.3680043.8.498.10039686090738454718354181337513293981,0.062293522,0.05045143,0.06622205,0.03664637,0.033210415,0.030326461,0.09480098,0.12201396,0.030162746,0.090398386,0.08322179,0.035614315
1.2.826.0.1.3680043.8.498.10048842414095994814596043262132965018,0.6408671,0.3412209,0.5243384,0.4117549,0.09085701,0.07428589,0.065165244,0.54117507,0.12040413,0.12674026,0.5196485,0.17485029
1.2.826.0.1.3680043.8.498.10058298717414171145622092128156266866,0.15576659,0.070750326,0.2478103,0.09463336,0.043360874,0.028917128,0.062806346,0.31713042,0.02979463,0.10228387,0.2038322,0.03867605
1.2.826.0.1.3680043.8.498.10059200627175320481920009076697103801,0.047894463,0.039622255,0.3906942,0.07464972,0.46062005,0.23039925,0.6200804,0.35144892,0.087696515,0.25206643,0.061018538,0.029223744
1.2.826.0.1.3680043.8.498.10061120822929703004201627784850458401,0.16343386,0.11312629,0.8135381,0.31471586,0.8421194,0.5383722,0.75707793,0.7038688,0.30011195,0.45226482,0.15633252,0.05674919
1.2.826.0.1.3680043.8.498.10064642360075735959136394136507408269,0.23258136,0.11185101,0.19325863,0.10223061,0.029454147,0.02758246,0.05122155,0.23650832,0.034443557,0.074226886,0.21279098,0.056442153
1.2.826.0.1.3680043.8.498.10066945398485042741116657288959323922,0.08286445,0.06808196,0.49969256,0.121186346,0.5326847,0.27256703,0.6020385,0.45877072,0.12922546,0.28893477,0.08800758,0.04010021
1.2.826.0.1.3680043.8.498.10077497528995409346950814927366582736,0.675864,0.3752684,0.5920513,0.46661857,0.11391478,0.088601224,0.076438144,0.5983039,0.14837167,0.14223684,0.561996,0.1910389
1.2.826.0.1.3680043.8.498.10077803906105306230229342168184970097,0.18989833,0.09078948,0.18729854,0.088984996,0.03100184,0.027931765,0.05163088,0.23556343,0.032248296,0.08765242,0.20638189,0.051098373
1.2.826.0.1.3680043.8.498.10081117556977868957150377234052259018,0.43814364,0.24471772,0.86802846,0.55255526,0.66314256,0.32596663,0.43532753,0.80896956,0.35815814,0.2913226,0.35217917,0.09965358
1.2.826.0.1.3680043.8.498.10085187975213640798228717119613397941,0.18472204,0.07398493,0.40425318,0.11368405,0.060549498,0.036390517,0.09610379,0.33798218,0.027734747,0.087610595,0.18005963,0.031637266
1.2.826.0.1.3680043.8.498.10087350795575215080051569638065974347,0.06556657,0.055283934,0.0659503,0.03646947,0.03116977,0.028761089,0.09691372,0.109826505,0.030292753,0.075526446,0.07839528,0.038718756
1.2.826.0.1.3680043.8.498.10088120558600684332737135714636269365,0.06521539,0.050054025,0.0841469,0.039117593,0.03260664,0.026693378,0.097205244,0.12233262,0.025490034,0.07468348,0.08284358,0.03341647
1.2.826.0.1.3680043.8.498.10088707526476055079083082931629995449,0.047617238,0.038791183,0.08932787,0.032970015,0.053117506,0.03959656,0.1793129,0.123951465,0.025145087,0.096862234,0.068753935,0.026676238
1.2.826.0.1.3680043.8.498.10090136633727522725960302994815319097,0.089286976,0.080374464,0.65098137,0.17979848,0.7940152,0.54772466,0.78080076,0.51754576,0.2755705,0.41191608,0.08630132,0.055263992
1.2.826.0.1.3680043.8.498.10090631811016939819371208464230332678,0.06737434,0.057651088,0.06361823,0.037324328,0.031244105,0.02966249,0.10091035,0.108524874,0.0317258,0.07704682,0.07708041,0.039087076
1.2.826.0.1.3680043.8.498.10095687747295410396510538520594649149,0.040758185,0.03435232,0.18202665,0.0455187,0.17915669,0.09573048,0.4120216,0.22273175,0.043165073,0.16746627,0.060359236,0.02549678
1.2.826.0.1.3680043.8.498.10096063158753121251217031021181036863,0.06629682,0.05444081,0.07141555,0.037960656,0.032203805,0.027882831,0.09559422,0.106503546,0.028515715,0.07578935,0.07949718,0.037889156
1.2.826.0.1.3680043.8.498.10096216489317602387766193675918767557,0.08783412,0.05027091,0.6088553,0.12965924,0.48186773,0.21528298,0.5582067,0.48758277,0.068877175,0.26282114,0.107544,0.025026783
1.2.826.0.1.3680043.8.498.10096919689272424388113819845481617364,0.077380195,0.058294628,0.09109153,0.042625234,0.02898312,0.025208555,0.07993495,0.12101659,0.026446713,0.0699699,0.09266148,0.03704208
1.2.826.0.1.3680043.8.498.10100718559177860518999368876392117659,0.051469855,0.037966985,0.09730674,0.036870945,0.04657584,0.033081934,0.14203615,0.15914673,0.025408812,0.09289032,0.07223992,0.023976766
1.2.826.0.1.3680043.8.498.10112440805412493412191181061985753636,0.03793791,0.031886745,0.14374085,0.04049355,0.15747322,0.08339099,0.38552758,0.20131192,0.039069127,0.1576101,0.058805965,0.025175728
1.2.826.0.1.3680043.8.498.10118623027360228027776975311765133100,0.13362543,0.058851693,0.3417072,0.08049947,0.057724528,0.03811694,0.10863808,0.23579937,0.025960831,0.08812576,0.14147203,0.029587585
1.2.826.0.1.3680043.8.498.10120841513315425967980213160839994882,0.35441124,0.1399224,0.6379331,0.25405404,0.103606425,0.05495383,0.09610246,0.527279,0.05281538,0.1320305,0.37401682,0.063461475
1.2.826.0.1.3680043.8.498.10121558854084271154265851933273260339,0.26322022,0.11415279,0.37325853,0.13621362,0.042633437,0.03159646,0.061979845,0.29326355,0.032278728,0.08220733,0.2491082,0.05431313
1.2.826.0.1.3680043.8.498.10123751739767586025744123799948754343,0.2830698,0.11116492,0.5042754,0.1691605,0.062640555,0.036056496,0.074599236,0.38871995,0.034277692,0.08860461,0.26485145,0.04894063
1.2.826.0.1.3680043.8.498.10124063607403942330156450768015985834,0.048328556,0.037049744,0.31854007,0.05899487,0.3524765,0.17269455,0.53827095,0.274285,0.05042146,0.21762414,0.06534489,0.026360657
1.2.826.0.1.3680043.8.498.10124701778993602117271554854098856833,0.040786654,0.03108611,0.24402274,0.04898496,0.2313864,0.10505402,0.41695005,0.29543304,0.045845162,0.16954006,0.05639992,0.020575825
1.2.826.0.1.3680043.8.498.10128954897472795975323353442305671586,0.06456702,0.04975551,0.07962744,0.037084248,0.03470631,0.030565888,0.11087903,0.111610875,0.026116937,0.0805794,0.08044162,0.03286842
1.2.826.0.1.3680043.8.498.10129462959695121379466274688956171166,0.20762467,0.121593386,0.8375526,0.35927802,0.79374593,0.4673967,0.6930295,0.73075455,0.2690049,0.40317532,0.20061982,0.057320103
1.2.826.0.1.3680043.8.498.10132169498032330070492330913783717864,0.04190737,0.030888636,0.14970618,0.040912226,0.10316547,0.056545157,0.2589724,0.2283842,0.031316895,0.12758932,0.061624363,0.020350022
1.2.826.0.1.3680043.8.498.10133843191898064967257276100779798471,0.06585424,0.053057533,0.076327555,0.038224045,0.030658077,0.027416842,0.103656545,0.11140376,0.027973797,0.075968996,0.082728505,0.03753253
1.2.826.0.1.3680043.8.498.10135587809070718435691939321937314104,0.19996893,0.16095029,0.81956536,0.43194488,0.88279617,0.6469178,0.7762216,0.7825025,0.5470241,0.5106382,0.17469911,0.09074964
1.2.826.0.1.3680043.8.498.10136486417446492428821313562961937182,0.28087348,0.11852474,0.36833188,0.1417232,0.041725554,0.031571064,0.05928794,0.3024332,0.03299935,0.08282838,0.26122966,0.055575736
1.2.826.0.1.3680043.8.498.10143536655047216390592811329604738314,0.50229263,0.21736011,0.52324784,0.28951874,0.073093474,0.051690444,0.06525997,0.46521568,0.06361584,0.10193268,0.3984385,0.0954919
1.2.826.0.1.3680043.8.498.10144735099702632881322032871591573824,0.22770213,0.09797792,0.73161167,0.24841157,0.27255225,0.101789705,0.24566095,0.63574386,0.076248325,0.17252186,0.22393231,0.03823067
1.2.826.0.1.3680043.8.498.10147180484860577398303524379319212586,0.27360955,0.1659833,0.8714483,0.4196756,0.74498206,0.38097203,0.58506113,0.7627613,0.2831278,0.34277892,0.23746254,0.06654307
1.2.826.0.1.3680043.8.498.10147717839726734017869499799005084725,0.17937243,0.106666766,0.8189877,0.288922,0.6765981,0.31219223,0.580479,0.69418204,0.17548223,0.30475038,0.17108454,0.04504542
1.2.826.0.1.3680043.8.498.10148037169326559689992758180208780221,0.09855234,0.05191143,0.4064798,0.08146381,0.10204928,0.054527033,0.18744223,0.31155717,0.031246051,0.11422487,0.11909074,0.025249925
1.2.826.0.1.3680043.8.498.10148517526101576084961355066637531019,0.67267907,0.3988356,0.8190123,0.63823843,0.411007,0.24076857,0.2578264,0.73811895,0.28817695,0.2690945,0.6144638,0.2361513
1.2.826.0.1.3680043.8.498.10149967031679082348901055550415519790,0.03874846,0.03385457,0.10892746,0.035843786,0.112435274,0.06709393,0.33668813,0.15967223,0.036510754,0.13695776,0.060338285,0.027593235
1.2.826.0.1.3680043.8.498.10150914432481980534086434136814789205,0.15483704,0.07161226,0.27909088,0.08861649,0.038545758,0.027705712,0.06819199,0.26616427,0.025147343,0.08906219,0.19706288,0.036784694
1.2.826.0.1.3680043.8.498.10155611590208164695256621422536643320,0.6631113,0.35928452,0.62184054,0.46420932,0.11873814,0.08978324,0.07974124,0.5748418,0.1370278,0.1360475,0.5317344,0.17175044
1.2.826.0.1.3680043.8.498.10157549662917062273945150928668828930,0.23288392,0.09152943,0.6110472,0.1985239,0.14573158,0.063380085,0.15153758,0.53139657,0.048182353,0.12599503,0.21885456,0.034821022
1.2.826.0.1.3680043.8.498.10158178668962379857908493434842864484,0.24423106,0.103752665,0.63461465,0.23854579,0.19740051,0.08454,0.18423897,0.5904181,0.070355214,0.17415603,0.25685224,0.04568592
1.2.826.0.1.3680043.8.498.10159551371305936155888341171022480536,0.49287736,0.23568495,0.41389933,0.25471798,0.054909322,0.047588434,0.05543716,0.3933206,0.06735706,0.09935567,0.3983066,0.11793236
1.2.826.0.1.3680043.8.498.10161011217774350674534600439166319161,0.052799076,0.03705449,0.18743195,0.043340772,0.0814011,0.049860492,0.21638975,0.20333153,0.028614404,0.109144896,0.07315139,0.022745298
1.2.826.0.1.3680043.8.498.10162168547770229150261479353227398478,0.050942745,0.03483939,0.38255298,0.07552639,0.29220432,0.12774359,0.46687606,0.38167676,0.053392943,0.20144874,0.06890891,0.021219911
1.2.826.0.1.3680043.8.498.10162720374291180196973998234794414415,0.31536227,0.13282055,0.39090532,0.16787533,0.046021268,0.03418271,0.061622683,0.33755046,0.038078528,0.084537886,0.30430892,0.06785623
1.2.826.0.1.3680043.8.498.10165669527316708372190215034240922433,0.041912396,0.03243328,0.27866504,0.0510669,0.23799782,0.11142745,0.4200494,0.2897228,0.044671427,0.1744542,0.059844434,0.021834906
1.2.826.0.1.3680043.8.498.10170898615867673028696505248839028269,0.35687274,0.16593406,0.8274605,0.43488356,0.49208337,0.20122696,0.33239225,0.757337,0.19609493,0.22499777,0.30925784,0.064522706
1.2.826.0.1.3680043.8.498.10181119664728335020976262955776463973,0.052964322,0.043821108,0.07114663,0.03421926,0.038560208,0.03175361,0.1300957,0.124173336,0.027876075,0.08692977,0.07069741,0.029745081
1.2.826.0.1.3680043.8.498.10181291283712008544475048457589664787,0.6479851,0.35078865,0.7736412,0.5768775,0.28243086,0.15118775,0.16134489,0.7276456,0.21655172,0.19123313,0.54959446,0.1711655
1.2.826.0.1.3680043.8.498.10182565688010898600749222617373997197,0.042949375,0.035717007,0.27012122,0.057538114,0.36135295,0.17410031,0.5709807,0.28803325,0.06393866,0.24457501,0.06319764,0.028609589
1.2.826.0.1.3680043.8.498.10183939841890895037058579455663880292,0.09405178,0.04654673,0.25283423,0.06293785,0.04968881,0.029030928,0.108123176,0.23218115,0.021353144,0.08170935,0.11651063,0.024419425
1.2.826.0.1.3680043.8.498.10189392162056736163704940747328177364,0.10958077,0.05318612,0.2968405,0.083647065,0.06329142,0.033331074,0.12644662,0.30979198,0.026012434,0.09769118,0.13398406,0.025137484
1.2.826.0.1.3680043.8.498.10190506315646895064803936408630113507,0.14189295,0.061810553,0.2585103,0.07746672,0.042807218,0.029296828,0.08282353,0.25255373,0.023670025,0.07967097,0.1413522,0.02937982
1.2.826.0.1.3680043.8.498.10197515493414564227930855210542221039,0.07010938,0.055771884,0.07157154,0.038755104,0.029629579,0.027696125,0.0912268,0.1260359,0.029089017,0.076761626,0.08438572,0.035189703
1.2.826.0.1.3680043.8.498.10197565004992937722841731691775578390,0.40396252,0.17785302,0.4842736,0.22477287,0.061286315,0.045758616,0.07070101,0.3929412,0.052638844,0.09601606,0.35136557,0.08551646
1.2.826.0.1.3680043.8.498.10199522802568420589167284753473646773,0.068412594,0.057934392,0.07240572,0.037671622,0.031433616,0.029898444,0.10712051,0.1079765,0.03082967,0.07716611,0.08274217,0.04232359
1.2.826.0.1.3680043.8.498.10201197020583611347810070328854760801,0.28859943,0.115360215,0.36889872,0.16652067,0.057940852,0.03852018,0.060293794,0.42077023,0.04285033,0.11564726,0.30690622,0.05923177
1.2.826.0.1.3680043.8.498.10201660732108909756259359440298787775,0.08577745,0.06448775,0.6407399,0.17652006,0.7486083,0.42874253,0.72399634,0.58712864,0.20649235,0.39855295,0.09485435,0.04158047
1.2.826.0.1.3680043.8.498.10205592316907266136938526795826751183,0.62722,0.3162286,0.5791221,0.42795134,0.107975714,0.08029502,0.07660838,0.56994146,0.11363061,0.14301388,0.5435129,0.17264849
1.2.826.0.1.3680043.8.498.10207134048598925821261298801127950516,0.06307007,0.050229635,0.07239899,0.038174935,0.032980304,0.028192071,0.10013569,0.12160173,0.028059335,0.07926787,0.0808402,0.035339486
1.2.826.0.1.3680043.8.498.10209387047693448282446870911381660585,0.26007426,0.11293218,0.24956012,0.12558913,0.036923528,0.030938286,0.05018556,0.30443555,0.037722725,0.09501605,0.26747686,0.061029065
1.2.826.0.1.3680043.8.498.10211034309703220222647821582770542129,0.057970937,0.04717133,0.06894501,0.03549991,0.034786437,0.029900078,0.1140667,0.12099089,0.028032918,0.08336326,0.0743953,0.03204809
1.2.826.0.1.3680043.8.498.10211815027850731240126403602239595062,0.06471913,0.0548465,0.068792105,0.03624136,0.031098109,0.02918031,0.105610296,0.1078833,0.029600488,0.075008065,0.08026701,0.04071545
1.2.826.0.1.3680043.8.498.10218285921271312931891912812808052375,0.048944157,0.039950375,0.095303304,0.033605013,0.05311334,0.039482918,0.18797487,0.13214467,0.028633405,0.0990109,0.070291616,0.02841914
1.2.826.0.1.3680043.8.498.10218458664774126578027318307405130821,0.2585537,0.10094018,0.4933303,0.16767655,0.08411984,0.048748463,0.105183914,0.40534827,0.037764143,0.123124965,0.2873192,0.049556054
1.2.826.0.1.3680043.8.498.10229223546412441924801428332647762115,0.66481113,0.391555,0.80460954,0.6337542,0.38156497,0.20516983,0.21235083,0.76572496,0.29634634,0.22287191,0.57615453,0.20457004
1.2.826.0.1.3680043.8.498.10239418182819270860819533058081041576,0.25661895,0.12509914,0.22470671,0.115103014,0.031305693,0.028389018,0.05252381,0.24225222,0.036529206,0.07266752,0.23853782,0.067975864
1.2.826.0.1.3680043.8.498.10240166440044087554182120832488098189,0.048854955,0.032581937,0.31262332,0.06820598,0.21340449,0.10168756,0.28777993,0.42255282,0.05013724,0.21555017,0.09010888,0.020989237
1.2.826.0.1.3680043.8.498.10240237086492917349933491458808329326,0.15485758,0.07200547,0.30390257,0.09143955,0.038675055,0.02751823,0.06902406,0.27074227,0.02590953,0.08787445,0.2010595,0.037390705
1.2.826.0.1.3680043.8.498.10241639721703882165429374175491428414,0.06629682,0.05444081,0.07141555,0.037960656,0.032203805,0.027882831,0.09559422,0.106503546,0.028515715,0.07578935,0.07949718,0.037889156
1.2.826.0.1.3680043.8.498.10243300429607935614655219482457289307,0.053344246,0.04535862,0.07014935,0.03381264,0.038431816,0.029681351,0.12450525,0.13364227,0.028863955,0.08869913,0.079223484,0.03031804
1.2.826.0.1.3680043.8.498.10247930792182001003497189021027466833,0.04779019,0.03980513,0.3699821,0.078943565,0.50590634,0.2374397,0.6121326,0.4104511,0.093417406,0.2836698,0.06327208,0.028194955
1.2.826.0.1.3680043.8.498.10252121617380434672930525780360219531,0.08068734,0.04862952,0.13820992,0.049474027,0.03560154,0.02692641,0.0896894,0.19495364,0.024198815,0.080252826,0.10832417,0.0263999
1.2.826.0.1.3680043.8.498.10252163031705285141538200795896549203,0.047000915,0.04353374,0.27405167,0.06380811,0.36688474,0.18842167,0.5916437,0.28201264,0.07291072,0.24084936,0.0631756,0.0330129
1.2.826.0.1.3680043.8.498.10254828365033984708960944586564394286,0.06136676,0.050187502,0.06741074,0.036331512,0.03273639,0.029013712,0.105546184,0.11812063,0.028681403,0.08119282,0.07712184,0.03403817
1.2.826.0.1.3680043.8.498.10255067212695306715722782826234429766,0.1293032,0.05936989,0.27348432,0.07569213,0.043783568,0.029374154,0.08447824,0.23250702,0.02368661,0.08282253,0.14621007,0.02996932
1.2.826.0.1.3680043.8.498.10256441455107860474283716992657597873,0.280417,0.16633688,0.8586588,0.39122015,0.6403894,0.2881748,0.50235194,0.733913,0.21456295,0.2946154,0.25181097,0.06458206
1.2.826.0.1.3680043.8.498.10261794102024899290234062909324134903,0.07084235,0.058205277,0.07132998,0.039020088,0.028890174,0.026368095,0.089103594,0.12217039,0.029498912,0.07531344,0.088933975,0.038293496
1.2.826.0.1.3680043.8.498.10262024906324456863812446480254600405,0.17860667,0.11332001,0.7920579,0.2675027,0.6162657,0.27251282,0.54981565,0.64964193,0.15798077,0.29249144,0.17181756,0.04861742
1.2.826.0.1.3680043.8.498.10262784969531507133353458615303007839,0.089983955,0.07847334,0.67310864,0.17893448,0.77486193,0.5028383,0.7572301,0.5351058,0.24847084,0.39281335,0.08721105,0.049654648
1.2.826.0.1.3680043.8.498.10271567891603078238024189515805908561,0.33776742,0.21518539,0.85337067,0.5182582,0.794119,0.4866802,0.600828,0.82537556,0.501136,0.404095,0.28585872,0.10116519
1.2.826.0.1.3680043.8.498.10273861326753707436672556008991334542,0.059863076,0.052351885,0.061679836,0.036804862,0.032486707,0.029489305,0.11866642,0.108885065,0.029709907,0.0816037,0.07662539,0.036476333
1.2.826.0.1.3680043.8.498.10274314637471308855247991547659839029,0.10191891,0.0898952,0.6658436,0.18823145,0.7294565,0.44633627,0.7371532,0.5380854,0.23184319,0.3667835,0.09664687,0.051630978
1.2.826.0.1.3680043.8.498.10274956886032850418742861294277331382,0.047584448,0.040289044,0.33579233,0.07110508,0.4730907,0.22520696,0.6054713,0.36536023,0.08595653,0.26956537,0.061391305,0.028726488
1.2.826.0.1.3680043.8.498.10275265831651276229168539541982478639,0.13488808,0.07096238,0.6882744,0.20014507,0.38958672,0.14703323,0.41670367,0.6109602,0.08588636,0.21980016,0.14628743,0.030318514
1.2.826.0.1.3680043.8.498.10284263494252700630857173843779724077,0.53009504,0.32400918,0.84417886,0.61860836,0.6525808,0.36582866,0.411402,0.8217034,0.45789504,0.33094716,0.4599432,0.16948064
1.2.826.0.1.3680043.8.498.10284446538566255572004044331831825072,0.117520176,0.05422542,0.5570879,0.11648815,0.15029699,0.06382178,0.2125187,0.42600796,0.035883002,0.12880923,0.13608338,0.023913225
1.2.826.0.1.3680043.8.498.10287488031206457680758379452936914669,0.050681707,0.04191419,0.074631736,0.032330003,0.044767506,0.035632998,0.15101516,0.12642708,0.029612262,0.09856175,0.07497802,0.029710984
1.2.826.0.1.3680043.8.498.10299396087685174806129850512856451005,0.15060502,0.0761905,0.15097721,0.07282022,0.029611887,0.02583873,0.053484805,0.21280116,0.030261295,0.0857119,0.17580472,0.04536252
1.2.826.0.1.3680043.8.498.10299618611626190927173051117228647808,0.07010127,0.060477525,0.06301385,0.037440483,0.030759472,0.029914906,0.10351561,0.10270619,0.031929232,0.07832664,0.0812952,0.04314648
1.2.826.0.1.3680043.8.498.10301089872627496769249366231947887097,0.15910025,0.0830456,0.19105856,0.079124205,0.028448636,0.025624473,0.05502203,0.19878344,0.02852936,0.07584715,0.18158808,0.045844104
1.2.826.0.1.3680043.8.498.10304242666970626179776896768140580106,0.056551177,0.04490437,0.074877515,0.03644384,0.03628543,0.029817777,0.11714695,0.13391824,0.027161235,0.085634016,0.07585111,0.029593395
1.2.826.0.1.3680043.8.498.10306159113324811538703788080836752052,0.11429067,0.09825574,0.72855204,0.2583813,0.8432596,0.56108606,0.76852846,0.6843927,0.36413795,0.46630308,0.10730715,0.05767685
1.2.826.0.1.3680043.8.498.10309477218703786877612946261946268132,0.065462835,0.038093667,0.20692563,0.048267744,0.05584271,0.032235228,0.13828121,0.2094456,0.020939829,0.08600861,0.08975309,0.021287676
1.2.826.0.1.3680043.8.498.10310831394568337664174691281092566272,0.124025494,0.073321894,0.16489142,0.06494997,0.028423244,0.02625899,0.06409832,0.17296994,0.027760608,0.07695953,0.15100639,0.041653402
1.2.826.0.1.3680043.8.498.10312350714164739081126996907250465738,0.32194212,0.13146478,0.4721164,0.17968251,0.05396834,0.0360581,0.064473644,0.3566352,0.036412317,0.08974417,0.29494867,0.06171697
1.2.826.0.1.3680043.8.498.10314240078685804110739316196999571466,0.140707,0.11738963,0.77779865,0.2983165,0.8437995,0.55467635,0.7496128,0.71651566,0.38555163,0.44565195,0.12664644,0.059629124
1.2.826.0.1.3680043.8.498.10318366890716843554246682186865048846,0.07379295,0.05397882,0.56521803,0.14258982,0.6474844,0.31966883,0.65019673,0.57700044,0.14993086,0.33227575,0.09354645,0.033444677
1.2.826.0.1.3680043.8.498.10321461243762453573005633063753741725,0.0888026,0.05552198,0.13388479,0.04983397,0.0306693,0.024119344,0.07693453,0.1587327,0.023044156,0.071231514,0.109494835,0.031156544
1.2.826.0.1.3680043.8.498.10321556388278642027434955207617064548,0.06736902,0.050072975,0.08067518,0.03871792,0.032556687,0.028734514,0.10069057,0.11711616,0.025462035,0.078307495,0.083999895,0.031968743
1.2.826.0.1.3680043.8.498.10321702681363532511953946967334431952,0.099948235,0.053298052,0.24610743,0.0642973,0.040570192,0.028981972,0.08984965,0.22537526,0.02339776,0.0884917,0.14490177,0.028724495
1.2.826.0.1.3680043.8.498.10322724865012212544754724404226583315,0.08679942,0.053089913,0.6477139,0.14230901,0.5955933,0.28556368,0.6291295,0.51865035,0.095882,0.2961226,0.10201814,0.027681803
1.2.826.0.1.3680043.8.498.10322853084122920408377349136830993432,0.0832128,0.052992985,0.61929005,0.12972683,0.44750136,0.18572958,0.49554837,0.5255326,0.08172668,0.2340736,0.09861173,0.025687236
1.2.826.0.1.3680043.8.498.10326352669696598934883805147731461341,0.14192048,0.064471275,0.28869426,0.08478777,0.041126885,0.027705757,0.07370099,0.27477357,0.02464358,0.09137593,0.18680003,0.03257887
1.2.826.0.1.3680043.8.498.10327608571317884761792196888985963332,0.06337332,0.05333649,0.064908884,0.035838287,0.033291217,0.030554466,0.10942892,0.10647437,0.030151203,0.07971052,0.07438345,0.03746732
1.2.826.0.1.3680043.8.498.10330805760778577501878048995484987687,0.10668576,0.06315689,0.1745847,0.059977084,0.030453624,0.026179427,0.07233308,0.17549263,0.025540803,0.07843218,0.14182605,0.036257986
1.2.826.0.1.3680043.8.498.10336221220793312503236159680373829726,0.04783685,0.036797706,0.10720425,0.03564815,0.06860707,0.04781237,0.21717495,0.15676549,0.029321283,0.10323745,0.06265853,0.023811337
1.2.826.0.1.3680043.8.498.10336300544286006569730381727202519821,0.2846488,0.16538765,0.84802586,0.44824636,0.7265914,0.37079278,0.54023236,0.80082804,0.33690265,0.3431814,0.25576857,0.07090671
1.2.826.0.1.3680043.8.498.10339654093023509742663983374586998753,0.063910864,0.037906878,0.18606874,0.052658368,0.058945812,0.034543645,0.11134487,0.27949715,0.026810223,0.118677154,0.111574784,0.022612762
1.2.826.0.1.3680043.8.498.10348611327224519953673858098392135936,0.056309216,0.036653373,0.20306408,0.04596926,0.078300446,0.046138097,0.20081563,0.22133462,0.026730271,0.10643158,0.07734787,0.021507941
1.2.826.0.1.3680043.8.498.10349368332722015923160611226877741306,0.067506954,0.05770691,0.06788751,0.03723806,0.030160597,0.028098406,0.09999802,0.11149957,0.029878369,0.073648974,0.08259827,0.040848173
1.2.826.0.1.3680043.8.498.10351168527688244230248760520733020605,0.1297513,0.114097536,0.73266435,0.29976565,0.8729175,0.6368079,0.79534835,0.70903814,0.46017197,0.51026034,0.1208283,0.07284253
1.2.826.0.1.3680043.8.498.10351460911387106879135924409514835385,0.07010127,0.060477525,0.06301385,0.037440483,0.030759472,0.029914906,0.10351561,0.10270619,0.031929232,0.07832664,0.0812952,0.04314648
1.2.826.0.1.3680043.8.498.10352011938574988727803498915608467179,0.06073713,0.049819216,0.07072503,0.035929013,0.034606926,0.031044047,0.11801845,0.112451546,0.028694069,0.08096086,0.07349591,0.033267137
1.2.826.0.1.3680043.8.498.10352044313309892076985642485759368197,0.2662019,0.10367015,0.33619696,0.12407609,0.04221065,0.031728968,0.06286158,0.27929968,0.028561287,0.08405704,0.25201544,0.05055694
1.2.826.0.1.3680043.8.498.10354576637002647863048798607011636355,0.061063055,0.048333164,0.071818754,0.03710603,0.033181965,0.028644005,0.10577449,0.12789342,0.027670814,0.081514314,0.07818675,0.03182283
1.2.826.0.1.3680043.8.498.10361030765327974510262894062047216433,0.037943013,0.031585123,0.14509176,0.040072583,0.13627423,0.07317492,0.35711995,0.19752273,0.036648057,0.14375839,0.057496734,0.023611696
1.2.826.0.1.3680043.8.498.10370612191212456931506340727148605247,0.26439822,0.13661617,0.7928482,0.37143958,0.5644858,0.24806976,0.42726916,0.76562494,0.22393505,0.28852493,0.259625,0.061491966
1.2.826.0.1.3680043.8.498.10371162371589200772388569623043753617,0.15806548,0.13546719,0.7809822,0.35442007,0.8911981,0.65506685,0.8163165,0.73947746,0.48035938,0.5252369,0.14248453,0.08152609
1.2.826.0.1.3680043.8.498.10374791734880310643587680407133671218,0.112540804,0.08419729,0.72862005,0.2435967,0.7889302,0.4689603,0.7222859,0.6895324,0.27099478,0.43254945,0.11955557,0.048554417
1.2.826.0.1.3680043.8.498.10378535286770237477615181844634903700,0.4361577,0.1857362,0.5605649,0.260106,0.072739474,0.050479524,0.06857185,0.4551819,0.05603637,0.111333914,0.4042647,0.08599757
1.2.826.0.1.3680043.8.498.10382074558506016193900889176239337801,0.038924735,0.030000629,0.16051325,0.039827462,0.13566133,0.07098727,0.3260317,0.23139675,0.034678947,0.1465752,0.05784762,0.020861419
1.2.826.0.1.3680043.8.498.10386894500329189457070808193345170500,0.07564356,0.05917662,0.0714017,0.0403335,0.028295342,0.026745073,0.0861451,0.12066671,0.029585445,0.0739114,0.086811915,0.03808293
1.2.826.0.1.3680043.8.498.10387227472110643414333498953513810066,0.6144284,0.29044783,0.6986218,0.43849117,0.13918598,0.08813709,0.0982336,0.5839762,0.103853844,0.15136807,0.543197,0.14034374
1.2.826.0.1.3680043.8.498.10387383212921524066516723428665512341,0.06957082,0.054851238,0.5106635,0.11301395,0.66040355,0.36080685,0.7063588,0.42295995,0.111014865,0.33380395,0.08029316,0.035216708
1.2.826.0.1.3680043.8.498.10387876708310019345913209598612198432,0.27184236,0.1112679,0.46779257,0.18706697,0.0826062,0.045877352,0.10466297,0.43562728,0.043515358,0.11807054,0.27773207,0.054395627
1.2.826.0.1.3680043.8.498.10391178814963564201551003358372148419,0.07417557,0.055521328,0.61364955,0.13224068,0.65646595,0.30923748,0.6682801,0.49631602,0.11485513,0.28795445,0.081659265,0.03387819
1.2.826.0.1.3680043.8.498.10395211177230760565674811878437948933,0.18396015,0.11623877,0.8279455,0.31114498,0.73832715,0.36833277,0.62937635,0.70684886,0.21693198,0.34301767,0.16896193,0.05046899
1.2.826.0.1.3680043.8.498.10401813253995823397883215400000450724,0.049397644,0.03970692,0.10216845,0.034417663,0.06681034,0.049040236,0.21611667,0.1310691,0.028284637,0.11056106,0.07087893,0.027533928
1.2.826.0.1.3680043.8.498.10402431429660337753694827208437698007,0.05551295,0.049727246,0.060744666,0.035187542,0.036050133,0.031131621,0.13585402,0.10765798,0.029613808,0.085677564,0.07314246,0.035474673
1.2.826.0.1.3680043.8.498.10405028141768633100332386157519916334,0.07229178,0.05885956,0.06926615,0.039484862,0.028925506,0.027472466,0.089081064,0.11474032,0.029916132,0.07405115,0.08305479,0.03925156
1.2.826.0.1.3680043.8.498.10407865232593182855530878478701744409,0.080695935,0.053828575,0.6423201,0.13690744,0.58428025,0.2523291,0.60876316,0.52204883,0.094681196,0.26194414,0.09078414,0.029251313
1.2.826.0.1.3680043.8.498.10409870090434047408497289167124673434,0.5988181,0.29721707,0.5744007,0.3837518,0.092360616,0.06826091,0.06926961,0.5235986,0.09763359,0.118014894,0.47752026,0.137605
1.2.826.0.1.3680043.8.498.10415616591430643294142401482460086713,0.34591782,0.13500115,0.5201454,0.2007433,0.063866414,0.041482292,0.069580786,0.42621028,0.041266557,0.10676797,0.35040197,0.062672086
1.2.826.0.1.3680043.8.498.10417042894702157309437002434676100667,0.47701216,0.2071093,0.49377143,0.2675063,0.06635676,0.04810628,0.060336642,0.45033094,0.06177155,0.09718066,0.38643196,0.095391
1.2.826.0.1.3680043.8.498.10418888172081069709796646795446885715,0.04399584,0.032203257,0.25751856,0.052506976,0.2290924,0.108024076,0.41766983,0.30883852,0.046275947,0.18389733,0.06154656,0.021365853
1.2.826.0.1.3680043.8.498.10419958821528108176389641942168280311,0.41358683,0.16901426,0.5626942,0.26303834,0.08805027,0.051924374,0.08298572,0.4867389,0.057072945,0.10669422,0.36580363,0.07530808
1.2.826.0.1.3680043.8.498.10419993051271996183722192755371692029,0.25639215,0.10134562,0.639994,0.22295102,0.1686466,0.07105001,0.16380888,0.5801878,0.05952661,0.14659826,0.25307465,0.041158736
1.2.826.0.1.3680043.8.498.10422130685453254363700365908336246863,0.038566478,0.031864997,0.1830916,0.04564277,0.19391729,0.096756965,0.4245969,0.2416488,0.04380892,0.1711289,0.058283728,0.024190424
1.2.826.0.1.3680043.8.498.10422536395266111565753575369125069689,0.04710161,0.03229299,0.13778146,0.03933386,0.07301232,0.04366259,0.19693656,0.20871092,0.026519148,0.10964621,0.06781048,0.019880125
1.2.826.0.1.3680043.8.498.10423586531262405323219596291234698626,0.22219162,0.14129776,0.8262145,0.3766205,0.7544578,0.40936837,0.6331926,0.774573,0.3283289,0.38468906,0.21002825,0.064601414
1.2.826.0.1.3680043.8.498.10425131723456547056365404016184663035,0.16146035,0.11000683,0.7972244,0.31717527,0.76339287,0.42749292,0.6640249,0.743604,0.31219366,0.3725155,0.14909023,0.050133962
1.2.826.0.1.3680043.8.498.10427893579790102216163565692202919399,0.058005854,0.044087157,0.089010246,0.03750569,0.036423482,0.028945843,0.116559006,0.14647253,0.025623996,0.08154525,0.075072736,0.026109485
1.2.826.0.1.3680043.8.498.10429032846672074760218668873927822056,0.18441397,0.11770332,0.7963447,0.34655192,0.76562536,0.42351434,0.637614,0.77493316,0.33832678,0.38377118,0.1783712,0.05648371
1.2.826.0.1.3680043.8.498.10432568348356281020515782178064869805,0.3579716,0.14118022,0.6657347,0.26406842,0.1161097,0.05953502,0.10565307,0.5476187,0.056896105,0.1391554,0.37389988,0.063589394
1.2.826.0.1.3680043.8.498.10434135978927658622039675788413759069,0.4366668,0.19591042,0.5938376,0.2795615,0.09478746,0.056207675,0.089513734,0.5431184,0.07124814,0.12903453,0.42819124,0.09421717
1.2.826.0.1.3680043.8.498.10440858363080910322920496514558347561,0.53024566,0.23183377,0.68438977,0.38450173,0.15504785,0.08654199,0.11894907,0.58579427,0.091788895,0.16044624,0.4832702,0.11183453
1.2.826.0.1.3680043.8.498.10442828926117258624043497279351962738,0.7251248,0.4267611,0.70700175,0.5854445,0.18786854,0.13077456,0.10781635,0.6709075,0.2071156,0.17613836,0.61222935,0.22909714
1.2.826.0.1.3680043.8.498.10445893053733106322562086357169418409,0.081375435,0.067845896,0.6170833,0.16517752,0.7413725,0.4241071,0.7109922,0.59306645,0.2192978,0.3928647,0.08589292,0.041124158
1.2.826.0.1.3680043.8.498.10447920208680921688438738178539475509,0.050325405,0.036232475,0.11620347,0.03518436,0.054812897,0.037780322,0.16565172,0.14802456,0.022972083,0.092957854,0.07183608,0.023027591
1.2.826.0.1.3680043.8.498.10454875772176439944597553400963295397,0.41684017,0.17702171,0.5959805,0.30388245,0.12257294,0.07049332,0.11056415,0.5557715,0.07555276,0.14648138,0.389305,0.08594358
1.2.826.0.1.3680043.8.498.10455589411958266725060942213473374667,0.089005835,0.04792525,0.46481916,0.09937447,0.19280252,0.08482008,0.29138467,0.4215913,0.042233884,0.15557149,0.103608795,0.021876514
1.2.826.0.1.3680043.8.498.10459044164648238749799867924228983674,0.09911722,0.055126794,0.48942658,0.1308826,0.28210106,0.11884787,0.34522828,0.5316451,0.06943801,0.2291072,0.14197733,0.03018226
1.2.826.0.1.3680043.8.498.10459901081962705567398560859229437818,0.69982845,0.4028681,0.6236481,0.49856824,0.12968478,0.100228064,0.08161749,0.59859437,0.16706954,0.14724247,0.564808,0.20412341
1.2.826.0.1.3680043.8.498.10470282959537049979906878778884086884,0.6320078,0.31716543,0.6883804,0.48444495,0.15197286,0.09700802,0.09952991,0.63372636,0.13251956,0.14646569,0.53054,0.15033509
1.2.826.0.1.3680043.8.498.10472519452146922631626638652503679695,0.057460237,0.035914864,0.16295213,0.04559159,0.059469055,0.035417475,0.1535907,0.22783832,0.023840044,0.101753674,0.08281105,0.020248378
1.2.826.0.1.3680043.8.498.10475397432011699698577978597417345091,0.32797578,0.14016722,0.30341926,0.15606382,0.040896084,0.0325336,0.05348875,0.34224108,0.040346123,0.08482461,0.2852161,0.06551462
1.2.826.0.1.3680043.8.498.10485026284343436524865922231113748546,0.14020981,0.10896502,0.7803174,0.30452743,0.81753075,0.51628774,0.7299239,0.7219932,0.36246404,0.41801533,0.12765478,0.054010347
1.2.826.0.1.3680043.8.498.10491012711700179118010977263805828326,0.060109116,0.049344882,0.4630093,0.10013616,0.60257965,0.30253306,0.6585781,0.46018603,0.12583008,0.31725755,0.069362834,0.032322068
1.2.826.0.1.3680043.8.498.10492484093480313596330475837639172625,0.066841364,0.055826217,0.0678638,0.03706538,0.030660955,0.028212614,0.0937492,0.112239525,0.030009668,0.074051075,0.07983029,0.038827688
1.2.826.0.1.3680043.8.498.10495281520660483987888839682017074584,0.119694196,0.05363735,0.43590418,0.109095335,0.111040585,0.050540626,0.16064024,0.42199036,0.033504106,0.12983632,0.14348114,0.023956291
1.2.826.0.1.3680043.8.498.10495855084258410825408867079175646590,0.22739409,0.098122165,0.5077657,0.19474877,0.14025797,0.06761833,0.15395488,0.5225157,0.059265416,0.15491736,0.24726677,0.047577426
1.2.826.0.1.3680043.8.498.10499265498716562276605625682538326716,0.039738763,0.032977823,0.101264805,0.03451928,0.08853684,0.052249495,0.2499764,0.18048243,0.032320656,0.123389535,0.064513184,0.023778379
1.2.826.0.1.3680043.8.498.10501068619333941198079851978532746117,0.06549944,0.056329813,0.06138117,0.03834198,0.0298953,0.028228108,0.10256014,0.10917775,0.030573595,0.078731045,0.08187285,0.03997995
1.2.826.0.1.3680043.8.498.10502440129091559437492859441158882078,0.047641963,0.033856392,0.23817144,0.048246227,0.16853742,0.08805373,0.37297094,0.24660064,0.039131798,0.14817345,0.06059514,0.023015931
1.2.826.0.1.3680043.8.498.10505282086293876725410939800054491454,0.05968586,0.047320087,0.071779706,0.036235146,0.034032494,0.028996091,0.10865012,0.12464867,0.027592566,0.08208122,0.07694861,0.031592235
1.2.826.0.1.3680043.8.498.10511712617129216774539441890488742560,0.109088905,0.061976716,0.18735906,0.067494705,0.039561924,0.027733529,0.08261858,0.25685915,0.027766006,0.091326326,0.15756683,0.033279456
1.2.826.0.1.3680043.8.498.10512466806929129734785318932315918522,0.0644181,0.034387484,0.2508083,0.052322872,0.08177107,0.04563387,0.18577403,0.23687463,0.02185062,0.11330326,0.09394268,0.019949665
1.2.826.0.1.3680043.8.498.10519480654942067141173172019311858213,0.061662354,0.046914764,0.08493826,0.036925495,0.035031654,0.029962013,0.113702275,0.1181595,0.024664424,0.08077782,0.07991738,0.030305853
1.2.826.0.1.3680043.8.498.10519566075312736546346469231439794627,0.06337332,0.05333649,0.064908884,0.035838287,0.033291217,0.030554466,0.10942892,0.10647437,0.030151203,0.07971052,0.07438345,0.03746732
1.2.826.0.1.3680043.8.498.10521372086358356219840179458708706015,0.14114037,0.11617507,0.7597218,0.31107247,0.8679294,0.60489887,0.7946144,0.72262275,0.41885817,0.50130403,0.13462056,0.0694795
1.2.826.0.1.3680043.8.498.10522585237725235866013737575867341946,0.2870218,0.21050628,0.88542235,0.4986329,0.86411035,0.5752653,0.7135544,0.79888356,0.48474336,0.45476145,0.2352778,0.0932201
1.2.826.0.1.3680043.8.498.10524164196949381411165626176732559196,0.09054732,0.07442149,0.6277408,0.18144676,0.7341229,0.44189987,0.6830555,0.5905182,0.2164859,0.44302,0.10408366,0.046903543
1.2.826.0.1.3680043.8.498.10530226787566708645477257565528473018,0.09956484,0.062717356,0.11940084,0.053873397,0.029031783,0.023493743,0.07149372,0.19345586,0.02617755,0.07704265,0.12886661,0.035170052
1.2.826.0.1.3680043.8.498.10532708800468111850607752497432656694,0.0801557,0.044801332,0.5315052,0.11051659,0.2860559,0.111764945,0.37263402,0.5038423,0.053891104,0.19757535,0.09922324,0.020520858
1.2.826.0.1.3680043.8.498.10533568124272062696642461303295694739,0.062006887,0.05488556,0.059119415,0.036697395,0.032338593,0.030244019,0.117846236,0.105076335,0.03084012,0.08174851,0.07687852,0.03868613
1.2.826.0.1.3680043.8.498.10534260101860670685224894870019533364,0.15910025,0.0830456,0.19105856,0.079124205,0.028448636,0.025624473,0.05502203,0.19878344,0.02852936,0.07584715,0.18158808,0.045844104
1.2.826.0.1.3680043.8.498.10536557774352716497356905292652597953,0.45581946,0.18750839,0.599005,0.28512523,0.089523435,0.05345478,0.08004866,0.51690286,0.060071975,0.10988185,0.39429384,0.084242225
1.2.826.0.1.3680043.8.498.10537503354035115750949427337500909327,0.5925905,0.29045033,0.61855936,0.41133562,0.10766705,0.075303726,0.076772526,0.55565,0.10550259,0.12002713,0.4807456,0.13196754
1.2.826.0.1.3680043.8.498.10538502578022388392340022120166213828,0.04554506,0.03813366,0.2275519,0.049895838,0.18463533,0.099106446,0.41804,0.23849963,0.048694,0.1542247,0.06433221,0.026842276
1.2.826.0.1.3680043.8.498.10540882690103231159064894952851205573,0.06471913,0.0548465,0.068792105,0.03624136,0.031098109,0.02918031,0.105610296,0.1078833,0.029600488,0.075008065,0.08026701,0.04071545
1.2.826.0.1.3680043.8.498.10540980111087702906123811593906850156,0.07849195,0.06218967,0.6286397,0.17100617,0.6800222,0.39023116,0.6037006,0.63414735,0.20391409,0.41610307,0.10743663,0.037943203
1.2.826.0.1.3680043.8.498.10541029960718591409318399557079055927,0.70886123,0.41307327,0.6064672,0.49771205,0.12571675,0.10047196,0.0801399,0.59796894,0.16979575,0.14848016,0.5792874,0.21694884
1.2.826.0.1.3680043.8.498.10541215772904358938061268226270989801,0.09227276,0.06432784,0.11129446,0.050143924,0.026610754,0.025348961,0.06957394,0.14297527,0.027669039,0.07409018,0.1160276,0.03884644
1.2.826.0.1.3680043.8.498.10541227283184832783436242773084724216,0.39599374,0.25636587,0.8987969,0.5634646,0.7898207,0.45485413,0.5830605,0.81589204,0.42769414,0.37821004,0.3322596,0.1061759
1.2.826.0.1.3680043.8.498.10542526906255526405613760733936070251,0.26797426,0.12853359,0.5964313,0.24732366,0.18785085,0.09135718,0.1914094,0.58794737,0.0881944,0.19749072,0.32769364,0.06988365
1.2.826.0.1.3680043.8.498.10546313646515875953943156661172963953,0.06107356,0.049547702,0.0685732,0.036220413,0.03312981,0.029233426,0.10699109,0.117375456,0.028443683,0.080817066,0.07641352,0.033857394
1.2.826.0.1.3680043.8.498.10549360192675575195491716398555148512,0.08746145,0.04528561,0.24358569,0.06608965,0.06268236,0.03661909,0.12595919,0.29570943,0.027363509,0.0981035,0.11667448,0.023348194
1.2.826.0.1.3680043.8.498.10562412345413239960204081248510238736,0.21140605,0.08874116,0.37324506,0.11566898,0.044363264,0.02947621,0.06753228,0.28947276,0.027188916,0.08000407,0.21202846,0.042434633
1.2.826.0.1.3680043.8.498.10563016328082326759266280856730347260,0.117716394,0.053555977,0.61680263,0.13687322,0.20608251,0.082278006,0.25181314,0.5209048,0.045268115,0.17822063,0.16769813,0.025182454
1.2.826.0.1.3680043.8.498.10574706940531650593705137704922433109,0.0633418,0.051405687,0.50604993,0.10205713,0.48495254,0.24554877,0.6164194,0.42961565,0.10725549,0.26890895,0.07397976,0.030724887
1.2.826.0.1.3680043.8.498.10578013533179563448221888658506023084,0.10304434,0.064141065,0.6946954,0.18287212,0.6967133,0.3615439,0.68186724,0.58324367,0.13616008,0.35925406,0.115880094,0.033293527
1.2.826.0.1.3680043.8.498.10580260109117947709069163110100632085,0.105549306,0.056165375,0.29881027,0.07038914,0.06447793,0.04214245,0.13477792,0.24377766,0.02814233,0.09554525,0.123480774,0.028828673
1.2.826.0.1.3680043.8.498.10581718331223731732815674582085184169,0.043133687,0.03565837,0.097200304,0.033725463,0.07005909,0.04679451,0.22515316,0.15556233,0.02987169,0.11293491,0.06240081,0.024602238
1.2.826.0.1.3680043.8.498.10587511485561679190576188107774736852,0.119168006,0.057159696,0.46237975,0.12803592,0.16315077,0.07283634,0.21702807,0.4859799,0.04863276,0.15926498,0.14891519,0.027407162
1.2.826.0.1.3680043.8.498.10589889055723532336864750992142411145,0.31858635,0.14353198,0.30932248,0.15550652,0.04258866,0.033284727,0.05494393,0.32223088,0.041879278,0.08076428,0.28534436,0.07501612
1.2.826.0.1.3680043.8.498.10590148272001480024086117269799629816,0.06629682,0.05444081,0.07141555,0.037960656,0.032203805,0.027882831,0.09559422,0.106503546,0.028515715,0.07578935,0.07949718,0.037889156
1.2.826.0.1.3680043.8.498.10590169032156570386146081157598789893,0.19423904,0.10681691,0.51918954,0.22904664,0.30342534,0.16078468,0.2979032,0.5998121,0.133125,0.25893295,0.2423363,0.06649212
1.2.826.0.1.3680043.8.498.10591507262178959553431147886647585916,0.2888818,0.15431003,0.8355694,0.43106085,0.6494844,0.3050895,0.49332204,0.7768707,0.26707706,0.30178508,0.25668553,0.06628814
1.2.826.0.1.3680043.8.498.10593694750925047629619718537436931628,0.08742798,0.06576158,0.0825922,0.043826766,0.026087804,0.025908807,0.07763283,0.12014483,0.029103525,0.06925129,0.10109849,0.04464216
1.2.826.0.1.3680043.8.498.10599128554628698518723223547497007137,0.053887933,0.04493943,0.07615364,0.034240745,0.040506143,0.03144238,0.13093069,0.11280959,0.026539737,0.08184775,0.07070353,0.03151257
1.2.826.0.1.3680043.8.498.10600654987896381983520458496207741798,0.1640624,0.06973376,0.6556742,0.16481121,0.18241505,0.06966353,0.21552631,0.51391155,0.041318446,0.14227334,0.18093626,0.028558178
1.2.826.0.1.3680043.8.498.10601062881015669567737602031338578146,0.071142316,0.06844824,0.4835835,0.11336324,0.671735,0.4237378,0.7354988,0.38522422,0.1766089,0.35072494,0.07434775,0.050094496
1.2.826.0.1.3680043.8.498.10601711635138681269270505152909539290,0.08086525,0.056021504,0.084212944,0.044499468,0.028248258,0.026182024,0.070421,0.14339736,0.028720962,0.08478209,0.10551109,0.0372252
1.2.826.0.1.3680043.8.498.10601812195848580582490508608655011196,0.16412972,0.14186215,0.80680364,0.35289904,0.8855262,0.67977685,0.81327605,0.70209587,0.5051504,0.50214183,0.13502534,0.08429613
1.2.826.0.1.3680043.8.498.10603952065748622499432940419853732241,0.057323117,0.040470995,0.48113433,0.096691884,0.4578062,0.20051757,0.5575334,0.47940978,0.082967736,0.2781453,0.078650974,0.02539569
1.2.826.0.1.3680043.8.498.10614508096225944703643482200835890514,0.15732434,0.13444574,0.81340206,0.3525166,0.86907166,0.6468542,0.80333763,0.7160202,0.4813888,0.47545454,0.13468605,0.07463746
1.2.826.0.1.3680043.8.498.10615816709018712955642546871639043403,0.16507283,0.0847993,0.19657062,0.078997225,0.028880555,0.025117556,0.057612818,0.18725538,0.02699612,0.06955473,0.16910297,0.04494211
1.2.826.0.1.3680043.8.498.10619486897279334206912764495067756449,0.15618795,0.080741584,0.15739937,0.076010704,0.029304858,0.024696201,0.062418077,0.1974706,0.0271573,0.071886316,0.16067095,0.0445159
1.2.826.0.1.3680043.8.498.10619967804774235096151367674093177430,0.49724212,0.21318309,0.74734277,0.38548943,0.15704776,0.0782409,0.11619765,0.60437214,0.08442369,0.13814321,0.44262323,0.09616596
1.2.826.0.1.3680043.8.498.10624417936475721846835761375334601839,0.15993874,0.072801515,0.29823846,0.09019902,0.038079526,0.028526142,0.06684495,0.26627174,0.026364041,0.0825367,0.19388302,0.036862947
1.2.826.0.1.3680043.8.498.10626071553432761206594400919097854593,0.04777053,0.031124853,0.2146136,0.052031755,0.11484417,0.059156522,0.18709305,0.34821263,0.03542095,0.16604748,0.089538164,0.02023212
1.2.826.0.1.3680043.8.498.10626411974489938664325062396760010912,0.2932343,0.12141458,0.4271592,0.1585351,0.047851577,0.034750048,0.060501825,0.35605803,0.036128376,0.093649425,0.30668935,0.057194673
1.2.826.0.1.3680043.8.498.10627019153481144392726933328057818971,0.07657257,0.053471122,0.11477908,0.04561079,0.029777342,0.025658933,0.08087111,0.14798328,0.02551396,0.079947315,0.1077011,0.032784954
1.2.826.0.1.3680043.8.498.10627795990821506536342369227971125477,0.043663975,0.03694419,0.3022595,0.06411659,0.36892974,0.17427368,0.56047106,0.3206731,0.0685715,0.22839893,0.05870216,0.02639099
1.2.826.0.1.3680043.8.498.10631238417904652761254062374051500506,0.55827,0.24060206,0.61948377,0.3546473,0.09958425,0.06695811,0.07950345,0.51460063,0.07429476,0.12845132,0.4889265,0.113557294
1.2.826.0.1.3680043.8.498.10632177122947017620482277062226288392,0.07513842,0.045321085,0.5546403,0.10827348,0.48020554,0.21749893,0.5736362,0.44984236,0.06675295,0.26994064,0.09216568,0.024257632
1.2.826.0.1.3680043.8.498.10642286343421893916348249679230632066,0.35784584,0.20150746,0.88316596,0.48507267,0.69852966,0.33564055,0.50267273,0.7825964,0.2869074,0.31663334,0.30335408,0.07987058
1.2.826.0.1.3680043.8.498.10648346793256473462304051626410900340,0.110819176,0.09955073,0.6991123,0.2457671,0.8461149,0.588491,0.79365945,0.6457477,0.3717919,0.452574,0.10129478,0.061906822
1.2.826.0.1.3680043.8.498.10650751856837517181090589171468851374,0.14956522,0.11077142,0.77337724,0.30502915,0.7924676,0.4799958,0.6979838,0.7149339,0.34932616,0.39360842,0.12851335,0.053454686
1.2.826.0.1.3680043.8.498.10652685418462611085839874321267337079,0.092334844,0.05230524,0.15488264,0.0578965,0.03934758,0.028015329,0.0886946,0.21808612,0.025428561,0.08606294,0.12139849,0.030247634
1.2.826.0.1.3680043.8.498.10652764425372125015319160977894047658,0.03909552,0.03362686,0.19882368,0.046850186,0.26771113,0.13055955,0.48404828,0.259236,0.053118866,0.204023,0.056873955,0.02586271
1.2.826.0.1.3680043.8.498.10653432159060774337155662807644609967,0.24164988,0.09693436,0.3618015,0.14299646,0.057235695,0.034827657,0.08354268,0.35309282,0.033409335,0.09685393,0.23693205,0.048254203
1.2.826.0.1.3680043.8.498.10656388982978239967297620214873636996,0.08581979,0.048219554,0.5891483,0.14049506,0.3997712,0.1664205,0.4466502,0.54573685,0.07310425,0.27689797,0.13039769,0.028097587
1.2.826.0.1.3680043.8.498.10657506540109137829814058249895525831,0.6487869,0.34620094,0.58765113,0.4511474,0.11237819,0.08527357,0.07466742,0.57886994,0.13369627,0.13482744,0.5345807,0.17194013
1.2.826.0.1.3680043.8.498.10657584461509809047185519742966035356,0.24223557,0.09541132,0.34263828,0.11813474,0.04190787,0.031440534,0.06615824,0.2812431,0.02729092,0.08446523,0.2396855,0.045924183
1.2.826.0.1.3680043.8.498.10659781998801845781246073928620795082,0.43633467,0.3218048,0.8849812,0.64208925,0.8476529,0.5949984,0.6450558,0.8433808,0.64519423,0.4425164,0.35610673,0.15395653
1.2.826.0.1.3680043.8.498.10661650555947788912511478165000737040,0.11677979,0.083519444,0.7269708,0.22809882,0.82643795,0.5340328,0.78246945,0.6070943,0.23142873,0.44131243,0.1192495,0.04870114
1.2.826.0.1.3680043.8.498.10673300644364559354643106316993112731,0.1099075,0.063096285,0.68275726,0.18871406,0.648618,0.33136883,0.6397622,0.592788,0.12692791,0.34566927,0.1256265,0.033949636
1.2.826.0.1.3680043.8.498.10674673641872871321890995010616205087,0.30769882,0.1236024,0.71207076,0.28891858,0.22337098,0.092334315,0.17613593,0.6170353,0.07893643,0.16517292,0.29027092,0.054814875
1.2.826.0.1.3680043.8.498.10675139840690240606562530926349987331,0.1460508,0.06414261,0.40239555,0.10533375,0.07017339,0.03619048,0.115440235,0.36233383,0.028108535,0.09185125,0.15698348,0.0266124
1.2.826.0.1.3680043.8.498.10676253869668012791900504544106495589,0.1595437,0.07621558,0.26407313,0.088273235,0.034740422,0.026897002,0.064015426,0.2443926,0.026184658,0.084826075,0.19825199,0.04067999
1.2.826.0.1.3680043.8.498.10684020894033412667820478260168097071,0.34651062,0.1382861,0.7451737,0.30584458,0.189329,0.08476016,0.1610775,0.6132142,0.07251351,0.17404379,0.3732891,0.06335784
1.2.826.0.1.3680043.8.498.10686407053180376367066321489809395592,0.13602361,0.07575619,0.15943886,0.066550225,0.027459038,0.02423204,0.059981845,0.16635507,0.026262445,0.06751429,0.14434922,0.04185658
1.2.826.0.1.3680043.8.498.10688670034893539180306173203903350286,0.5590308,0.31146422,0.749529,0.50602347,0.29154038,0.16387309,0.2036873,0.71377623,0.21187606,0.23285973,0.53738785,0.18043987
1.2.826.0.1.3680043.8.498.10699348333280906956391277892869999716,0.060089845,0.045377556,0.09449727,0.036969267,0.035478014,0.028313188,0.10820908,0.13730572,0.02506223,0.07992725,0.07971971,0.028632326
1.2.826.0.1.3680043.8.498.10702284568670902901846767166679293654,0.09724815,0.054124873,0.20076191,0.060287844,0.034626864,0.025809605,0.076671064,0.21309592,0.023259418,0.083243616,0.14064218,0.030133864
1.2.826.0.1.3680043.8.498.10704240846075023334288326143979277080,0.15389758,0.06525254,0.43014127,0.11383561,0.07498332,0.037284393,0.1187561,0.38799152,0.028748443,0.09867065,0.1665295,0.026993873
1.2.826.0.1.3680043.8.498.10713285016170190922777298047146228811,0.052798495,0.048015628,0.3500138,0.07159442,0.49262786,0.26390648,0.6583185,0.2949662,0.09979784,0.27043134,0.060696248,0.037533626
1.2.826.0.1.3680043.8.498.10715956446507906169485719013515169244,0.35078788,0.13809676,0.3821787,0.19109857,0.05576435,0.03972709,0.055652652,0.41320965,0.046980213,0.11035942,0.3452975,0.07268373
1.2.826.0.1.3680043.8.498.10724604223190030113012801427752979879,0.072126135,0.058221437,0.08041615,0.04014412,0.029963683,0.026265232,0.08549567,0.11293082,0.028019693,0.072012,0.0870981,0.03834336
1.2.826.0.1.3680043.8.498.10726624821670417064567481545750543282,0.1533988,0.11358802,0.762398,0.32135546,0.82385683,0.52387816,0.73918736,0.73960716,0.3739051,0.4649689,0.15674645,0.065194786
1.2.826.0.1.3680043.8.498.10728448245470003618625208276233778895,0.23181783,0.101770304,0.35706288,0.12231601,0.041634355,0.031170096,0.061119646,0.29938313,0.03171079,0.08778962,0.2538365,0.050101772
1.2.826.0.1.3680043.8.498.10729725525284633011179038668107963557,0.14972866,0.07954056,0.7122712,0.2462289,0.549568,0.23923394,0.47032344,0.70803714,0.1725431,0.2839919,0.16101582,0.037833836
1.2.826.0.1.3680043.8.498.10731612202208916303411280624156291171,0.18421307,0.09881592,0.8168609,0.27775425,0.58955956,0.2401831,0.50204307,0.6839354,0.1371974,0.2600288,0.17834719,0.039243836
1.2.826.0.1.3680043.8.498.10736346409444614168571281812134757732,0.1025249,0.083838716,0.67566967,0.19208662,0.7279508,0.41321567,0.6862064,0.6062299,0.22642703,0.36980078,0.10269909,0.0448909
1.2.826.0.1.3680043.8.498.10738640862162795323010965765443420384,0.0733957,0.053147685,0.077743046,0.042137407,0.029838793,0.026576806,0.075953305,0.14326455,0.028411414,0.08645439,0.09945044,0.03667795
1.2.826.0.1.3680043.8.498.10739653650865735867752564520952904802,0.13276145,0.1042621,0.6932925,0.22002703,0.6752066,0.36588177,0.63452995,0.603898,0.2183125,0.3410898,0.12322442,0.05262209
1.2.826.0.1.3680043.8.498.10740857795874468664161171813136103519,0.26936984,0.20240174,0.87605816,0.4886318,0.8980293,0.67175645,0.7899992,0.7896112,0.52711993,0.5159865,0.22656144,0.099846914
1.2.826.0.1.3680043.8.498.10748806810865802591313438958975301375,0.10732931,0.07484539,0.69535834,0.21796992,0.7039568,0.36507502,0.66032535,0.67856276,0.21371382,0.37719885,0.12836976,0.042253256
1.2.826.0.1.3680043.8.498.10750145216793948201921667945805555093,0.5219811,0.3319331,0.8519653,0.63234526,0.69154376,0.40376982,0.4641851,0.82610166,0.4819864,0.36494893,0.46369243,0.18181631
1.2.826.0.1.3680043.8.498.10751346650129497348457481341700957445,0.06629682,0.05444081,0.07141555,0.037960656,0.032203805,0.027882831,0.09559422,0.106503546,0.028515715,0.07578935,0.07949718,0.037889156
1.2.826.0.1.3680043.8.498.10751624265599812767108610284996090628,0.20770136,0.12336457,0.7886178,0.3477492,0.68811053,0.35463873,0.58080804,0.75456786,0.25989637,0.37458938,0.21529235,0.06328094
1.2.826.0.1.3680043.8.498.10756245293186761042431460535210737327,0.1396312,0.065444544,0.5647672,0.1276371,0.15222383,0.06854763,0.21133015,0.42816243,0.041970886,0.12836345,0.15054315,0.02882223
1.2.826.0.1.3680043.8.498.10759288702627176691392048851622294054,0.36186668,0.13723123,0.688781,0.2658194,0.12664248,0.058789212,0.1193802,0.54504704,0.051732015,0.12535818,0.33353543,0.058232
1.2.826.0.1.3680043.8.498.10760847155803463653759690525160815826,0.7161781,0.4507843,0.79583555,0.66985303,0.35589588,0.2126527,0.19199105,0.7574059,0.32572702,0.22218037,0.617522,0.24653153
1.2.826.0.1.3680043.8.498.10761658878615069270304502752374858610,0.28565606,0.11497694,0.61451995,0.24355514,0.14548476,0.06630876,0.11383168,0.5924168,0.06447448,0.16417564,0.33513305,0.05490477
1.2.826.0.1.3680043.8.498.10762741411077456296656623422020928762,0.08952432,0.08097911,0.6398587,0.17046411,0.77317476,0.52314264,0.7703006,0.49919116,0.25597498,0.40192935,0.0863562,0.055215254
1.2.826.0.1.3680043.8.498.10765617676329232046176300833850901740,0.051897,0.043423105,0.091752075,0.035143334,0.052093424,0.039456986,0.1880846,0.1334451,0.031104641,0.09992089,0.07488973,0.0314086
1.2.826.0.1.3680043.8.498.10768305343887790230989914438483009428,0.4780854,0.21634306,0.8112976,0.45219433,0.33762684,0.15539677,0.2424918,0.68219554,0.13429527,0.21735397,0.44713482,0.10437728
1.2.826.0.1.3680043.8.498.10769126730281890056368854871900324448,0.4494926,0.2640008,0.7569271,0.50979644,0.5214205,0.29324886,0.38480443,0.7496156,0.31980842,0.35465038,0.44978485,0.16998367
1.2.826.0.1.3680043.8.498.10770877369291591553624215762368014357,0.10740906,0.06080175,0.123365715,0.05615869,0.029927103,0.025229963,0.060820602,0.18656462,0.027464295,0.087766044,0.13989742,0.037998356
1.2.826.0.1.3680043.8.498.10774147135673365265606645781662088745,0.5094089,0.30408233,0.8468866,0.60684896,0.66241354,0.36585116,0.4237745,0.82051826,0.44013634,0.33527777,0.43899348,0.155805
1.2.826.0.1.3680043.8.498.10777331080659372520952742261140923555,0.43317854,0.2197078,0.70529836,0.41856173,0.3154684,0.16011885,0.22154872,0.69962,0.18759072,0.22445498,0.42609513,0.12095848
1.2.826.0.1.3680043.8.498.10782963448708192069959366583555573334,0.16936897,0.077215835,0.23884426,0.085639335,0.03618451,0.027152983,0.06713628,0.23075157,0.026181592,0.07206962,0.16101234,0.038049158
1.2.826.0.1.3680043.8.498.10783501127779906316117667790784040770,0.1952947,0.157943,0.8433726,0.41218963,0.87275094,0.6472513,0.77441305,0.7605485,0.5347631,0.4705432,0.15850544,0.080972314
1.2.826.0.1.3680043.8.498.10790689419760453870458170966064168002,0.06629682,0.05444081,0.07141555,0.037960656,0.032203805,0.027882831,0.09559422,0.106503546,0.028515715,0.07578935,0.07949718,0.037889156
1.2.826.0.1.3680043.8.498.10802653832050736637820225444196833450,0.06634331,0.055552643,0.06638096,0.03673611,0.030961962,0.028368104,0.095428854,0.11073166,0.030128097,0.07487174,0.07927369,0.03880644
1.2.826.0.1.3680043.8.498.10803283287658556463524649793955055077,0.31453845,0.11950848,0.5455633,0.2063032,0.08245944,0.044214174,0.08840201,0.46633306,0.042279467,0.09513478,0.27506056,0.048186112
1.2.826.0.1.3680043.8.498.10808663384878038371710260386807468588,0.15328854,0.06868186,0.29429537,0.08780609,0.03873982,0.02793982,0.06846014,0.26075426,0.024764683,0.08691297,0.19296637,0.036187112
1.2.826.0.1.3680043.8.498.10812894672739619566834776054635588406,0.17328407,0.07681475,0.30968884,0.09551958,0.04230697,0.029316526,0.076898366,0.25964323,0.025965363,0.080517285,0.18587995,0.038312405
1.2.826.0.1.3680043.8.498.10818980124981334596808438908811623528,0.038821734,0.03209184,0.1222743,0.034987874,0.12109046,0.069314495,0.3278105,0.17695634,0.03505559,0.14543407,0.060940895,0.02503246
1.2.826.0.1.3680043.8.498.10824420630965162625242888916805538597,0.0586391,0.048447013,0.06693791,0.035379462,0.034290433,0.02998172,0.112079665,0.117648415,0.028673023,0.08291685,0.07503231,0.033119075
1.2.826.0.1.3680043.8.498.10829579914809383212986717269028170263,0.04650261,0.041983612,0.0695484,0.03362855,0.049829114,0.038590804,0.19196223,0.1171106,0.030000811,0.09809725,0.06550805,0.030678496
1.2.826.0.1.3680043.8.498.10830288389793651695251406408666084306,0.043509163,0.030914564,0.15640543,0.039827246,0.102982655,0.057317853,0.27249283,0.21959652,0.029901903,0.11921963,0.060696557,0.020007659
1.2.826.0.1.3680043.8.498.10835889400414225749339608096119636738,0.1178841,0.074496634,0.09938279,0.055501204,0.025332259,0.024187991,0.061000045,0.15988465,0.029749246,0.069631375,0.12758659,0.04330642
1.2.826.0.1.3680043.8.498.10839126901366636822676830560774505865,0.061381485,0.049037747,0.06361455,0.036370188,0.033502135,0.030534636,0.09626363,0.1227442,0.030315727,0.09105597,0.0818332,0.035255205
1.2.826.0.1.3680043.8.498.10842906919708856642000130208791281263,0.064878754,0.039173905,0.4925388,0.099707715,0.34852898,0.14676377,0.4541726,0.46976265,0.05952273,0.2364863,0.09041382,0.022057064
1.2.826.0.1.3680043.8.498.10843463954622076609489312662891432839,0.050832592,0.040901583,0.29465637,0.062483978,0.31802815,0.15403572,0.50835407,0.3185818,0.060310002,0.21378441,0.06482883,0.026981972
1.2.826.0.1.3680043.8.498.10843917293035279597622029625809500972,0.117591605,0.049885575,0.5719801,0.121467106,0.2159221,0.08814364,0.29387444,0.43739235,0.03578456,0.16920106,0.13501841,0.021914853
1.2.826.0.1.3680043.8.498.10848350333764008140459854470293737650,0.04248824,0.03619625,0.11967335,0.034245003,0.09195627,0.059213668,0.30575782,0.14297037,0.03361227,0.12228078,0.061861534,0.02841751
1.2.826.0.1.3680043.8.498.10850742579000782417673172155504794301,0.04315722,0.030949537,0.13733095,0.038098045,0.07863553,0.045227822,0.20986977,0.20331036,0.026939493,0.11317356,0.06648957,0.020708265
1.2.826.0.1.3680043.8.498.10851562687641986545442408470139368318,0.04558309,0.03266472,0.32006934,0.06653861,0.34070057,0.1482635,0.48609498,0.38462076,0.062192973,0.22684705,0.062393505,0.021313278
1.2.826.0.1.3680043.8.498.10852517092524464338210061305792376636,0.72126794,0.42941678,0.6614721,0.54877234,0.1558468,0.11639913,0.09250728,0.6393999,0.19617814,0.15887332,0.59825814,0.2277099
1.2.826.0.1.3680043.8.498.10854012268828835845581966634225522931,0.1253378,0.07314402,0.14133573,0.06367109,0.02845955,0.023353394,0.061524026,0.20945548,0.027953323,0.07622291,0.15710074,0.040434264
1.2.826.0.1.3680043.8.498.10854223557359336882116168394037581766,0.2790084,0.17641059,0.86841244,0.41965768,0.72929484,0.3678352,0.5764265,0.75697273,0.28613442,0.33799955,0.24086922,0.07028749
1.2.826.0.1.3680043.8.498.10855290714402117092990651362697310270,0.40282232,0.15571146,0.7152001,0.2977716,0.13288295,0.06436186,0.1139363,0.5510235,0.05882597,0.124925986,0.36377022,0.066626266
1.2.826.0.1.3680043.8.498.10857485602186206735293765836065270655,0.052667167,0.049307577,0.34183785,0.07994513,0.4937291,0.26179373,0.65150696,0.33407882,0.10454567,0.28263238,0.06511161,0.0366388
1.2.826.0.1.3680043.8.498.10857771747813858957718058322384884551,0.24140805,0.10834909,0.34422937,0.12722518,0.03922019,0.031378467,0.058642454,0.2900455,0.03289076,0.08762889,0.26382384,0.055390764
1.2.826.0.1.3680043.8.498.10862481204237376580557516731952961213,0.07024294,0.050002392,0.5447252,0.10491315,0.47591743,0.21422638,0.5553178,0.4627267,0.08701153,0.2438787,0.07931666,0.027736584
1.2.826.0.1.3680043.8.498.10867622488467375444427908425709367385,0.055459682,0.044435665,0.07464313,0.03370338,0.03797181,0.03332942,0.12868756,0.105443835,0.027977802,0.085078,0.07181959,0.032447446
1.2.826.0.1.3680043.8.498.10876177342063734507664188801203192617,0.2511297,0.11220265,0.66223955,0.25547865,0.2215061,0.099272214,0.2161205,0.59228754,0.08018276,0.19362131,0.2879265,0.057031468
1.2.826.0.1.3680043.8.498.10880553082640412137979450100928382021,0.07697613,0.0597545,0.5671647,0.13052812,0.70699817,0.40231472,0.7242167,0.46489602,0.13527781,0.35489473,0.08526663,0.037160534
1.2.826.0.1.3680043.8.498.10884987036948550523442514147204321748,0.043434244,0.034800697,0.122966364,0.0361606,0.084257185,0.052946854,0.24882053,0.17564155,0.030861871,0.11990102,0.061132155,0.023259869
1.2.826.0.1.3680043.8.498.10886583574130697346788286647281863932,0.1503323,0.068451315,0.3173625,0.10316814,0.05859175,0.033313453,0.105224855,0.3221639,0.028589034,0.10063163,0.17886981,0.034953058
1.2.826.0.1.3680043.8.498.10890699078723972693302029683905114834,0.06210192,0.0521566,0.49572882,0.12443619,0.6484479,0.37411985,0.614822,0.53446436,0.163337,0.40281007,0.088676125,0.037260514
1.2.826.0.1.3680043.8.498.10895521387894821238259709507311341758,0.4133708,0.20304228,0.7081847,0.40062866,0.30130658,0.15100022,0.23262651,0.6684376,0.15112904,0.23440373,0.41735804,0.1136083
1.2.826.0.1.3680043.8.498.10896245499713818848442117831482755673,0.2835571,0.11250282,0.55861706,0.18062483,0.07490129,0.040591806,0.087904796,0.41373476,0.0364112,0.09861314,0.26982448,0.048835147
1.2.826.0.1.3680043.8.498.10902166579916526176697193295886992412,0.06649452,0.050602533,0.07693224,0.03999503,0.03168232,0.026744336,0.0956021,0.1316632,0.026838262,0.07885536,0.08601542,0.032889545
1.2.826.0.1.3680043.8.498.10903003118372337016190215211789983264,0.14784633,0.08056427,0.610745,0.20283984,0.41913325,0.18694685,0.41019607,0.62339586,0.13055836,0.26824957,0.17947467,0.044902403
1.2.826.0.1.3680043.8.498.10917389623891555306584069980815338466,0.07114041,0.044161446,0.54939103,0.116376154,0.46088043,0.19047852,0.513899,0.53811944,0.08823236,0.24772142,0.084875226,0.022818627
1.2.826.0.1.3680043.8.498.10917606677895195837968927716728385881,0.043045606,0.030913083,0.14086115,0.03775033,0.08503763,0.05172647,0.24274321,0.19860494,0.027908582,0.1219164,0.06635224,0.021030253
1.2.826.0.1.3680043.8.498.10918580785296934228715514366408269433,0.29604158,0.14935489,0.8383691,0.4108058,0.6852236,0.35495526,0.54763085,0.74658597,0.24218829,0.34646833,0.28451204,0.06989022
1.2.826.0.1.3680043.8.498.10919665962088003807153039302898262235,0.18959524,0.086967684,0.72291094,0.2383182,0.3307788,0.13562067,0.31370318,0.6300628,0.085211344,0.24130371,0.24415354,0.04291645
1.2.826.0.1.3680043.8.498.10920269679387171659375091645187772303,0.23111986,0.090385556,0.36008278,0.13218878,0.05374754,0.033501264,0.07361401,0.3600204,0.032039646,0.09353057,0.22931954,0.04240498
1.2.826.0.1.3680043.8.498.10924685588962763768106617368647678902,0.03748267,0.030950999,0.13355479,0.037531067,0.13913202,0.07966574,0.34831327,0.19062437,0.038933147,0.1564072,0.060569633,0.02563747
1.2.826.0.1.3680043.8.498.10924995713871537837233985073507509566,0.082388,0.05852574,0.09390009,0.044538833,0.027848313,0.024488408,0.07853,0.15282871,0.027320333,0.07560924,0.10675406,0.035613306
1.2.826.0.1.3680043.8.498.10927716750119165925963563081261605359,0.578851,0.29596806,0.7900984,0.550946,0.3432979,0.170094,0.19932137,0.74697095,0.21363385,0.21167381,0.50918806,0.14475597
1.2.826.0.1.3680043.8.498.10930374192038896613513882597332665403,0.06459354,0.051576223,0.07083429,0.03683761,0.032835077,0.029671686,0.10697217,0.12152018,0.028626403,0.078426264,0.07647511,0.032571808
1.2.826.0.1.3680043.8.498.10931111730564885182398163970692599398,0.06382857,0.046492275,0.48062226,0.10143148,0.594166,0.30187437,0.65713644,0.41316923,0.089630276,0.31513035,0.07923869,0.030085605
1.2.826.0.1.3680043.8.498.10932818400202426453525918723737011737,0.43203107,0.20012216,0.4563647,0.22793359,0.057318095,0.046050858,0.061436575,0.36970943,0.055508934,0.097396314,0.36230406,0.09908081
1.2.826.0.1.3680043.8.498.10933003998197427979325590791540457658,0.06435201,0.05276577,0.07427954,0.037125677,0.03063824,0.02759892,0.09995683,0.116619155,0.02826725,0.0767641,0.0809763,0.03594793
1.2.826.0.1.3680043.8.498.10937181824204907065071760564745305722,0.4960927,0.22842255,0.42391562,0.26531428,0.05831635,0.047895562,0.05676508,0.43891332,0.06681581,0.10261595,0.41237083,0.10805127
1.2.826.0.1.3680043.8.498.10937504474673840994058935502377258768,0.058539957,0.04945725,0.06406622,0.036233157,0.033585466,0.029849954,0.12304109,0.11332151,0.028899552,0.08297104,0.07461626,0.03440857
1.2.826.0.1.3680043.8.498.10937585701850306334458420860276069606,0.04538152,0.03233063,0.20628144,0.042031217,0.14446126,0.07810227,0.33542857,0.20254053,0.02891253,0.13931122,0.06664468,0.0213698
1.2.826.0.1.3680043.8.498.10938719716535758543863717421521822626,0.08952432,0.08097911,0.6398587,0.17046411,0.77317476,0.52314264,0.7703006,0.49919116,0.25597498,0.40192935,0.0863562,0.055215254
1.2.826.0.1.3680043.8.498.10939964887585312209861601414669494409,0.10259645,0.08631341,0.72143507,0.22400655,0.7732589,0.47355098,0.7325662,0.6160664,0.28535596,0.38344428,0.09534017,0.048088215
1.2.826.0.1.3680043.8.498.10951328287594724738476663200798896670,0.093859024,0.054903865,0.14065394,0.05224279,0.031242417,0.024930941,0.076055296,0.16518562,0.022849508,0.071293905,0.11279372,0.03201089
1.2.826.0.1.3680043.8.498.10959153852077371752490787490374555514,0.4116566,0.1604679,0.5476066,0.23718508,0.072038494,0.04649519,0.07334829,0.42490178,0.048933107,0.09716851,0.3455257,0.07210964
1.2.826.0.1.3680043.8.498.10960770430559425421609885784366918575,0.08287929,0.052354358,0.59113246,0.13605289,0.46761343,0.19717677,0.5008282,0.5626255,0.09680606,0.26229164,0.09466519,0.02552982
1.2.826.0.1.3680043.8.498.10964287649604862436796341368993301245,0.08322741,0.055157613,0.48464757,0.10567157,0.33582872,0.15516108,0.44209978,0.44997054,0.07557437,0.2023177,0.09109615,0.028024614
1.2.826.0.1.3680043.8.498.10965573028231658307306828073340279415,0.04280913,0.03218451,0.21201274,0.049872853,0.1695578,0.08359398,0.37792993,0.25689736,0.038422983,0.15836394,0.06167692,0.021792222
1.2.826.0.1.3680043.8.498.10975347305662629858093628672419901528,0.07684468,0.05296902,0.08958373,0.044022534,0.029605597,0.026106024,0.07270744,0.14970307,0.027625257,0.08527455,0.1048062,0.035971
1.2.826.0.1.3680043.8.498.10979105661314213697886164132444977106,0.068186276,0.055615366,0.07060992,0.037784196,0.029869698,0.027359111,0.08980292,0.116500005,0.02894838,0.073942766,0.08252841,0.038054395
1.2.826.0.1.3680043.8.498.10981062990502278795793220223076241424,0.1684227,0.08364149,0.78785944,0.25705802,0.6167156,0.28792188,0.56656575,0.65834683,0.13464305,0.30701336,0.17789403,0.037866604
1.2.826.0.1.3680043.8.498.10983416091338854252058678062116243962,0.24333581,0.10608552,0.24572444,0.11206744,0.035588715,0.02870549,0.055528153,0.27808067,0.03218762,0.080517195,0.22778329,0.05275879
1.2.826.0.1.3680043.8.498.10992875360571368325079907908221899699,0.70753235,0.41278774,0.720986,0.5643527,0.18024354,0.12376413,0.108840056,0.65375566,0.18855865,0.1655704,0.60098356,0.21781658
1.2.826.0.1.3680043.8.498.10994554560803816407362754025763036100,0.06420352,0.043405566,0.121213734,0.04338513,0.043296073,0.029444797,0.10802755,0.20860724,0.02737112,0.09655819,0.101991266,0.026371442
1.2.826.0.1.3680043.8.498.10994848378662155711176898659205016445,0.47774228,0.23026295,0.45784625,0.26183996,0.062017087,0.05007031,0.06491468,0.41434032,0.0680364,0.10061117,0.40208864,0.116693884
1.2.826.0.1.3680043.8.498.10994854354532517072359864903910225174,0.10253698,0.07258346,0.70354426,0.18696916,0.71631116,0.35842973,0.68083614,0.59032685,0.14998901,0.3299962,0.1059024,0.037856277
1.2.826.0.1.3680043.8.498.10994899269366718796438389394954844979,0.075071596,0.059456997,0.07608264,0.039145183,0.028381584,0.026745258,0.08912066,0.11400187,0.028423065,0.072614774,0.09195081,0.041769158
1.2.826.0.1.3680043.8.498.10995980880227536691827030731644023480,0.06629682,0.05444081,0.07141555,0.037960656,0.032203805,0.027882831,0.09559422,0.106503546,0.028515715,0.07578935,0.07949718,0.037889156
1.2.826.0.1.3680043.8.498.10998144118962608870602180672090998054,0.38589257,0.1625854,0.5152013,0.21864809,0.06235893,0.042094816,0.06534125,0.40107733,0.046057455,0.094173655,0.33748096,0.07502102
1.2.826.0.1.3680043.8.498.10998405409474759941744305665540376339,0.13904414,0.071165934,0.23388432,0.08778191,0.045615144,0.032632176,0.08359185,0.28004128,0.030378418,0.09977598,0.17897478,0.039609417
1.2.826.0.1.3680043.8.498.11006241238894862275805535376070111510,0.0655242,0.0559523,0.06267164,0.036602728,0.031601813,0.029722411,0.10165673,0.10828004,0.031554222,0.077620015,0.075947,0.039158534
1.2.826.0.1.3680043.8.498.11007527194601989039620198927241696256,0.56918097,0.31265798,0.85409236,0.59842664,0.542043,0.28717706,0.3611001,0.76862776,0.29102126,0.30581036,0.5194978,0.16809694
1.2.826.0.1.3680043.8.498.11010004366885474301784150582039137111,0.18159536,0.08165819,0.21573329,0.08997039,0.035915818,0.027456634,0.06352674,0.2568333,0.028005978,0.081075795,0.18548578,0.041692026
1.2.826.0.1.3680043.8.498.11011061033863592500429481719734134286,0.04427424,0.037902486,0.08076273,0.0329938,0.053632304,0.039121695,0.17984334,0.1350947,0.028459137,0.10347989,0.06693967,0.026636414
1.2.826.0.1.3680043.8.498.11014091506864318694851337553197477906,0.22368538,0.10813474,0.2433479,0.10422393,0.03136952,0.02769996,0.054103475,0.22434074,0.031265385,0.07368616,0.21449584,0.05419058
1.2.826.0.1.3680043.8.498.11040296449332764126530525726037541310,0.28368184,0.21752658,0.86502594,0.50979084,0.8736469,0.6142514,0.7407518,0.81779987,0.57119536,0.5012209,0.2413219,0.10864793
1.2.826.0.1.3680043.8.498.11041694833778404465582610810664391088,0.118521735,0.05152419,0.3379429,0.0863188,0.06665192,0.035821605,0.120232165,0.331987,0.025476933,0.096091524,0.13171555,0.023729201
1.2.826.0.1.3680043.8.498.11043081829401721095803441219553837608,0.17378867,0.08357483,0.18984687,0.08379221,0.03131003,0.027070452,0.05285867,0.22606447,0.03081822,0.08627125,0.19809562,0.04798433
1.2.826.0.1.3680043.8.498.11043543420859531726426521315399258528,0.13551174,0.08097526,0.71509564,0.23506261,0.56665975,0.25725773,0.542235,0.68713564,0.16780412,0.3242292,0.16466801,0.04118858
1.2.826.0.1.3680043.8.498.11043926695471016727738735328317975282,0.6449155,0.34720388,0.7907752,0.56555194,0.29678243,0.17272754,0.19317688,0.68969166,0.20008904,0.22621925,0.5944323,0.19706716
1.2.826.0.1.3680043.8.498.11045459770905584149950259201414074545,0.05894661,0.04972141,0.0671669,0.03772281,0.033169378,0.028964965,0.116456464,0.12233426,0.028372979,0.08301313,0.07879309,0.034020927
1.2.826.0.1.3680043.8.498.11049882927267755769995376553330493298,0.08397322,0.06155182,0.08018274,0.043098558,0.02763915,0.026792828,0.08026305,0.12673108,0.029356634,0.0724094,0.09273055,0.037905287
1.2.826.0.1.3680043.8.498.11050604958275820465127935558416408008,0.14322124,0.0778407,0.16901782,0.070389874,0.027805438,0.0237949,0.057192195,0.17795733,0.026108904,0.06768838,0.15443695,0.043011043
1.2.826.0.1.3680043.8.498.11052656375391331522834364601050945860,0.09564752,0.058759265,0.12600714,0.05381556,0.03136344,0.025416171,0.075529575,0.18399054,0.025405006,0.07587485,0.11618455,0.033976916
1.2.826.0.1.3680043.8.498.11052720536194493057619720620119095739,0.049114436,0.03661988,0.38912582,0.07431307,0.36567622,0.16075277,0.5026428,0.40071777,0.064978756,0.2289996,0.06945092,0.022733986
1.2.826.0.1.3680043.8.498.11057883757434391643878168168845592475,0.061990544,0.04658008,0.07427861,0.03834198,0.034285486,0.029258518,0.09248488,0.14089265,0.0282182,0.09131201,0.08581079,0.031592883
1.2.826.0.1.3680043.8.498.11060834081463491262807709963877480026,0.15508151,0.08046651,0.1665274,0.074788205,0.028244313,0.024884654,0.058346417,0.20923279,0.027896477,0.07710332,0.1719891,0.04451367
1.2.826.0.1.3680043.8.498.11064977170395595339882840534354229547,0.17457353,0.08737424,0.44668415,0.1650403,0.16826367,0.08567966,0.20476168,0.4998624,0.06929163,0.19759779,0.2313335,0.05022014
1.2.826.0.1.3680043.8.498.11067200656721609390997819562401839124,0.16624776,0.1450038,0.7951844,0.3786954,0.89080477,0.6722482,0.7952344,0.76598805,0.55184376,0.5256411,0.14951877,0.085661516
1.2.826.0.1.3680043.8.498.11070900122260301212131296598983372089,0.061615366,0.04225301,0.1328433,0.04114009,0.04172718,0.028440306,0.11390236,0.16129243,0.021870447,0.078159705,0.08443083,0.024819324
1.2.826.0.1.3680043.8.498.11077406555624926104628200252710914930,0.044252433,0.03408999,0.3147312,0.06375782,0.3684994,0.16593818,0.5227406,0.36331248,0.06579212,0.23290195,0.05998597,0.022994284
1.2.826.0.1.3680043.8.498.11079556243110299049578981210837702995,0.08592636,0.051168974,0.605114,0.14041084,0.5717051,0.27254143,0.6016151,0.5228697,0.09132289,0.31108552,0.10620035,0.028591312
1.2.826.0.1.3680043.8.498.11080651962904815250736183346281427445,0.067792825,0.054895427,0.07200367,0.03796854,0.030327985,0.028322913,0.09584639,0.11309072,0.028897597,0.07569079,0.08007867,0.03716793
1.2.826.0.1.3680043.8.498.11084010833221855396433326769153950681,0.13608328,0.07119292,0.20302895,0.07023972,0.03113347,0.024872905,0.064085715,0.18513876,0.024462204,0.06983322,0.14834829,0.038305387
1.2.826.0.1.3680043.8.498.11090884548990390279582832205294943635,0.04508109,0.030391006,0.17454897,0.04256806,0.09592844,0.051547445,0.2326077,0.24658841,0.028275937,0.12847017,0.06774933,0.018720943
1.2.826.0.1.3680043.8.498.11091958567356981151034727948765010881,0.045566633,0.035759084,0.11156271,0.033653118,0.07138015,0.047877103,0.21911211,0.14043385,0.02591059,0.10829859,0.066194504,0.024471553
1.2.826.0.1.3680043.8.498.11100224438877567316062152508871079233,0.56460017,0.2859157,0.765171,0.5182786,0.3056331,0.15724987,0.1915798,0.719241,0.19454686,0.20788902,0.50246924,0.14701839
1.2.826.0.1.3680043.8.498.11103894265181149878864749992746236768,0.053609326,0.04862922,0.059770785,0.034300543,0.0391871,0.03381221,0.15247269,0.10570709,0.031095775,0.08976256,0.07063919,0.035060003
1.2.826.0.1.3680043.8.498.11110575656494405149601490027444484170,0.05064281,0.04010487,0.32877803,0.079602286,0.4614074,0.21643409,0.562008,0.40105975,0.09280755,0.27272215,0.07174595,0.030006804
1.2.826.0.1.3680043.8.498.11111022632180183697497694737350901427,0.042313326,0.03551395,0.18852447,0.044009462,0.1890333,0.105655886,0.4357533,0.19958922,0.04659916,0.17137316,0.062445555,0.028308354
1.2.826.0.1.3680043.8.498.11113442398569287228475456000446876768,0.04627443,0.035798516,0.36039236,0.07811354,0.43724823,0.22161599,0.49229014,0.4426108,0.08558658,0.3052224,0.07598438,0.02583364
1.2.826.0.1.3680043.8.498.11119324966854127911591363740049886324,0.049478773,0.0364046,0.3417994,0.06187712,0.27311397,0.1290709,0.4425785,0.3289612,0.05143929,0.1799765,0.06516723,0.022721007
1.2.826.0.1.3680043.8.498.11122485005317809892694992204053124213,0.05568981,0.044508662,0.07406525,0.0334581,0.038177527,0.033741783,0.13040335,0.105069175,0.028231148,0.08582175,0.07108931,0.03236581
1.2.826.0.1.3680043.8.498.11123446342116837882811834332727990911,0.22187553,0.09379294,0.3652726,0.13909258,0.06331859,0.04016674,0.08449835,0.3839797,0.038125273,0.108419694,0.23305197,0.045445923
1.2.826.0.1.3680043.8.498.11125718814639515292482773418372267821,0.116436385,0.06549963,0.16817008,0.06335536,0.031982213,0.025079858,0.07420759,0.18838082,0.025618298,0.07283455,0.13832176,0.037190437
1.2.826.0.1.3680043.8.498.11126383719852491587081347886000714259,0.08084849,0.060835026,0.09201812,0.043625165,0.028410377,0.025065286,0.07675373,0.1216116,0.027052455,0.06886938,0.09549381,0.03842389
1.2.826.0.1.3680043.8.498.11128099896284546522122813576483001027,0.35582316,0.13571304,0.6703582,0.25528002,0.113952816,0.054620877,0.10791154,0.51926273,0.049643524,0.11705441,0.32977337,0.05736281
1.2.826.0.1.3680043.8.498.11129751904857491327872353316480050290,0.060787175,0.03657125,0.24310206,0.052836757,0.06731908,0.037777532,0.16965953,0.22738862,0.023968361,0.09344008,0.08901123,0.020926943
1.2.826.0.1.3680043.8.498.11131210140372132238166068091728877219,0.44417796,0.18311457,0.5072887,0.26495427,0.07327576,0.04755004,0.06768973,0.47691855,0.056177646,0.09902437,0.368044,0.077354036
1.2.826.0.1.3680043.8.498.11135115047200279264914390528987153419,0.67065763,0.36233333,0.60683805,0.46400952,0.112404324,0.086500496,0.07601163,0.57219386,0.13424547,0.13514236,0.543442,0.17904945
1.2.826.0.1.3680043.8.498.11136723251983227230447257874027263286,0.13174348,0.065356605,0.23425296,0.08247398,0.043119997,0.0279765,0.08763997,0.25392056,0.025753789,0.08453652,0.15645872,0.03363958
1.2.826.0.1.3680043.8.498.11145632111083286399683467139301564425,0.037331026,0.031070285,0.12496047,0.035757005,0.12252808,0.06846318,0.31453946,0.19562684,0.035276316,0.1434275,0.057555497,0.022884397
1.2.826.0.1.3680043.8.498.11148939654362681630811787929668902046,0.06697498,0.056926087,0.0711277,0.037128936,0.03138263,0.029794775,0.10700243,0.1074841,0.030558394,0.076728195,0.0816932,0.04167297
1.2.826.0.1.3680043.8.498.11149530279799223497509928655010867960,0.037856445,0.03118688,0.16433771,0.040614896,0.18171877,0.092617124,0.3929014,0.2310364,0.04184193,0.16789766,0.055647045,0.023105882
1.2.826.0.1.3680043.8.498.11150193626240150189232364321568347937,0.101124614,0.09061693,0.6874107,0.20456773,0.81161886,0.56905705,0.7842015,0.55203605,0.30789983,0.42662162,0.09321949,0.05931681
1.2.826.0.1.3680043.8.498.11150597567791052354257165699079348456,0.060587864,0.036206935,0.17632663,0.048446484,0.06058008,0.035570927,0.14579122,0.23809639,0.023999536,0.10162272,0.08539255,0.020288264
1.2.826.0.1.3680043.8.498.11150751959089942633754454715290410758,0.36032692,0.14551678,0.67201316,0.29038405,0.16396675,0.07490189,0.13807353,0.6055992,0.07488174,0.14494185,0.34128183,0.06405652
1.2.826.0.1.3680043.8.498.11152585968424897353533125085307104033,0.1450524,0.063690774,0.28314605,0.09713296,0.053176925,0.031762153,0.07198733,0.3510239,0.030759295,0.11277802,0.19944595,0.034600176
1.2.826.0.1.3680043.8.498.11154238555579687338157479416363307605,0.046383277,0.036835685,0.21089923,0.04595686,0.20755978,0.1102845,0.4291924,0.20613259,0.038724802,0.16905496,0.063835,0.026449809
1.2.826.0.1.3680043.8.498.11156884483511690263238401598901614096,0.13574448,0.05821887,0.32634377,0.08860448,0.06118214,0.036367733,0.11069207,0.28977624,0.024227036,0.106969096,0.16987027,0.029792903
1.2.826.0.1.3680043.8.498.11159546221032123495135103648570690656,0.09407144,0.05834842,0.11911406,0.05585161,0.032737583,0.02637146,0.08758258,0.17677149,0.026174936,0.080475725,0.12028146,0.035813667
1.2.826.0.1.3680043.8.498.11173951743276817877673759975853741079,0.15751114,0.072829224,0.41505882,0.11706646,0.08003165,0.03961462,0.11910345,0.421055,0.035676174,0.12178959,0.21224177,0.035445202
1.2.826.0.1.3680043.8.498.11180457573346204459956051956213528997,0.56743973,0.2925499,0.74921364,0.5169063,0.2915115,0.15062276,0.1825709,0.713479,0.186801,0.21662131,0.5041461,0.15097214
1.2.826.0.1.3680043.8.498.11183915112115196028799391678356464392,0.05618558,0.044159498,0.4295585,0.09053277,0.445965,0.20520552,0.58239204,0.4206189,0.08777216,0.25485677,0.06869167,0.027548103
1.2.826.0.1.3680043.8.498.11184968672176462852561645279750399747,0.12818417,0.09245912,0.7602017,0.27111235,0.7564719,0.4204036,0.6708421,0.7169537,0.27351326,0.40287653,0.12829672,0.045185115
1.2.826.0.1.3680043.8.498.11190292536746235063218740991532759863,0.042073477,0.031972367,0.15033038,0.041613515,0.09906826,0.05384845,0.2750509,0.21041973,0.03015016,0.12452277,0.062520534,0.021308247
1.2.826.0.1.3680043.8.498.11191015483427903713800997920940844550,0.0403379,0.031975433,0.11714394,0.0346694,0.085888274,0.051673952,0.24507779,0.18166877,0.02979277,0.12208914,0.06103074,0.021804895
1.2.826.0.1.3680043.8.498.11192287547210248515805146368662883131,0.34896767,0.15066373,0.683959,0.3093253,0.2379538,0.117425226,0.21040939,0.587696,0.09006396,0.21601568,0.36806184,0.077916436
1.2.826.0.1.3680043.8.498.11201589885283493748455257854104771618,0.16243817,0.100829646,0.7939592,0.29941374,0.8087843,0.48775673,0.7280606,0.69699776,0.25516218,0.4147168,0.16051312,0.050344575
1.2.826.0.1.3680043.8.498.11201741528059502111642265469347871878,0.13330981,0.07595841,0.16801862,0.0671749,0.027704569,0.023868186,0.059956506,0.17013976,0.026440619,0.06703967,0.14596885,0.042072937
1.2.826.0.1.3680043.8.498.11207013225631251718312189933025529824,0.12787025,0.07594661,0.1616272,0.06516357,0.028262123,0.02645133,0.06344611,0.17132968,0.02899894,0.07816471,0.15370014,0.04371069
1.2.826.0.1.3680043.8.498.11208107516750574657838495761140109258,0.3705677,0.1584903,0.3123669,0.16900948,0.04331028,0.036233082,0.05455312,0.33108124,0.04458699,0.084343925,0.2912179,0.07382225
1.2.826.0.1.3680043.8.498.11208663314213048426907645330143931419,0.13287903,0.078793846,0.12744303,0.06128373,0.025608167,0.024010671,0.061538547,0.1586834,0.028084954,0.06692056,0.14751333,0.048191562
1.2.826.0.1.3680043.8.498.11210361780779474361817208167009080083,0.5384345,0.28227863,0.6541329,0.44628885,0.21845056,0.12754044,0.14967957,0.6649162,0.17186378,0.19933133,0.50606525,0.16231818
1.2.826.0.1.3680043.8.498.11211598263863419448236436640277320409,0.48971373,0.21256864,0.66458863,0.35934368,0.13646948,0.07343536,0.10393571,0.6046075,0.08744903,0.13650921,0.43866402,0.09622698
1.2.826.0.1.3680043.8.498.11212667888429022863778740306223585731,0.21669208,0.08521731,0.64966506,0.18112785,0.14549285,0.063897446,0.15534264,0.48562923,0.046377324,0.1207635,0.20821866,0.034701027
1.2.826.0.1.3680043.8.498.11214158717183172156320144105486247892,0.05917859,0.05033161,0.06821908,0.035518415,0.033189118,0.02906602,0.107689664,0.11694574,0.028570436,0.0779058,0.076443106,0.035219472
1.2.826.0.1.3680043.8.498.11218351123386367961865331646414911627,0.06629682,0.05444081,0.07141555,0.037960656,0.032203805,0.027882831,0.09559422,0.106503546,0.028515715,0.07578935,0.07949718,0.037889156
1.2.826.0.1.3680043.8.498.11218782547268547937641080283066300678,0.065356396,0.0482563,0.08269165,0.03934985,0.032924853,0.028262215,0.08432526,0.1491703,0.028180845,0.09529218,0.09620871,0.03284351
1.2.826.0.1.3680043.8.498.11219813299300915347039206446596901205,0.079417,0.06107829,0.07375317,0.04111103,0.02747349,0.026977032,0.08106183,0.12283902,0.029653205,0.07190799,0.08884232,0.03911888
1.2.826.0.1.3680043.8.498.11221318524515817857172161854667955115,0.072126135,0.058221437,0.08041615,0.04014412,0.029963683,0.026265232,0.08549567,0.11293082,0.028019693,0.072012,0.0870981,0.03834336
1.2.826.0.1.3680043.8.498.11223691171233118900160265287691267884,0.098542236,0.06429401,0.1254793,0.05322446,0.028019823,0.025509808,0.068301596,0.15375714,0.027473928,0.07669407,0.12541151,0.03869404
1.2.826.0.1.3680043.8.498.11226582925516370364253861721606580867,0.069684654,0.0446728,0.5671406,0.111061506,0.48967817,0.19914733,0.5458178,0.48792565,0.07215571,0.23904966,0.08649138,0.025244873
1.2.826.0.1.3680043.8.498.11229566047228169850473554486278603754,0.5488603,0.24443513,0.60238665,0.35321948,0.10367049,0.06796697,0.076674856,0.53585625,0.08452439,0.115992546,0.44979683,0.11210592
1.2.826.0.1.3680043.8.498.11231822445970527276203191047278744341,0.06419538,0.05123854,0.06562988,0.03735312,0.0320753,0.029486017,0.089247994,0.12277371,0.030156791,0.089881316,0.08476065,0.036066923
1.2.826.0.1.3680043.8.498.11232674915186872899189440191805868376,0.25945637,0.10802222,0.28214332,0.12282325,0.040037397,0.03002229,0.05813175,0.29602253,0.03280358,0.077877305,0.22406144,0.050262596
1.2.826.0.1.3680043.8.498.11244115315611630362929576340631670750,0.057263862,0.04094734,0.11410263,0.040703166,0.045528416,0.030589296,0.1238398,0.19669369,0.02592005,0.09804854,0.09228118,0.0248589
1.2.826.0.1.3680043.8.498.11249981834802444119817546155435759007,0.33633193,0.15441446,0.35252824,0.16306461,0.041858338,0.035337627,0.056034144,0.2987692,0.04186663,0.0847916,0.29687932,0.07602124
1.2.826.0.1.3680043.8.498.11254890841796835340329521299102281678,0.5807471,0.2940995,0.7918178,0.5271784,0.30462116,0.14572264,0.17940682,0.72949153,0.18486467,0.1969069,0.5107986,0.14076416
1.2.826.0.1.3680043.8.498.11257168136762043265165109052826442974,0.09908974,0.046161544,0.4792219,0.104146175,0.1905364,0.084929995,0.28171158,0.4050386,0.03530532,0.17251232,0.13010892,0.023351826
1.2.826.0.1.3680043.8.498.11257869433929994221899994675448655047,0.36101687,0.15752424,0.80643904,0.3761948,0.3132299,0.13042796,0.2361619,0.6914625,0.10954389,0.2187757,0.38528398,0.07112272
1.2.826.0.1.3680043.8.498.11260248089108026217929330361529065683,0.21788031,0.08399568,0.575904,0.15963188,0.086115025,0.044294335,0.10738874,0.42979327,0.033674136,0.1176427,0.25769174,0.0382068
1.2.826.0.1.3680043.8.498.11262944211104069231500934582412003273,0.06520494,0.039171517,0.40561342,0.07551751,0.17526698,0.07773872,0.29613924,0.37591478,0.03712343,0.14314957,0.08250091,0.019509122
1.2.826.0.1.3680043.8.498.11264140845869814478794346490273061499,0.06153547,0.044776864,0.09810811,0.04188093,0.039406396,0.030274536,0.11458532,0.17787106,0.026943179,0.088216655,0.08776617,0.027592424
1.2.826.0.1.3680043.8.498.11268635423021790546063903457498005204,0.039874848,0.033747725,0.22535451,0.053173825,0.30973396,0.14790079,0.52563983,0.27598718,0.059354886,0.21593514,0.058222942,0.02720454
1.2.826.0.1.3680043.8.498.11270845320057097450047912107461684885,0.079928875,0.06655282,0.62935233,0.16204533,0.7626321,0.45688426,0.7447891,0.5522189,0.22211914,0.3758568,0.079315685,0.04146351
1.2.826.0.1.3680043.8.498.11275711698468745807758222802302685022,0.10160557,0.057228416,0.2069916,0.07042785,0.05808257,0.03585165,0.105018295,0.29362988,0.032896735,0.10853186,0.14523768,0.032869264
1.2.826.0.1.3680043.8.498.11276674006815021828943434205349220551,0.07151628,0.05480085,0.56495637,0.135075,0.5897094,0.28082764,0.6319215,0.53535557,0.13213906,0.29760486,0.08051758,0.029986538
1.2.826.0.1.3680043.8.498.11276732020240247755618413418003401291,0.0652631,0.057971943,0.060215756,0.036889818,0.031731755,0.03034078,0.1049141,0.10435914,0.031647805,0.07920953,0.08091721,0.042434346
1.2.826.0.1.3680043.8.498.11277078989123345865112116288626381353,0.07482297,0.05852711,0.06996568,0.039658483,0.028768053,0.027281031,0.08677157,0.118240006,0.029306235,0.074161604,0.08540004,0.03871812
1.2.826.0.1.3680043.8.498.11277278232377185347750793496260885546,0.078898594,0.06192379,0.5765643,0.16332908,0.7298949,0.41011778,0.70560527,0.59282726,0.20585485,0.39906356,0.09576406,0.040587705
1.2.826.0.1.3680043.8.498.11282162920338602001456704018617788412,0.4308199,0.17796348,0.4863003,0.23877332,0.05972956,0.0420349,0.060147084,0.42311984,0.048402663,0.098951004,0.3797921,0.08633568
1.2.826.0.1.3680043.8.498.11282706861378379965012380644125662529,0.3095954,0.14570124,0.24481808,0.13495545,0.03455282,0.032310672,0.051689275,0.26249513,0.041087046,0.07731461,0.25354716,0.072213925
1.2.826.0.1.3680043.8.498.11287173314232027941677698384842764593,0.055328485,0.039633937,0.14547153,0.043527275,0.05869731,0.038496725,0.18900496,0.18223494,0.0261293,0.103480816,0.07913825,0.02463859
1.2.826.0.1.3680043.8.498.11287937729196958426538087439102017580,0.4490947,0.21671845,0.60072863,0.35919446,0.17784202,0.10172404,0.13571998,0.61883026,0.123169884,0.1834584,0.4304663,0.117449924
1.2.826.0.1.3680043.8.498.11291875173369366854889507729635968509,0.23640984,0.10026499,0.68783903,0.25041378,0.31175736,0.13509703,0.29390916,0.5880841,0.08051432,0.22337502,0.25973168,0.04752201
1.2.826.0.1.3680043.8.498.11294885816514924203337081832122619605,0.0637266,0.051198624,0.06680413,0.03714331,0.032040916,0.02920515,0.08994101,0.12228321,0.029660271,0.0865354,0.0835152,0.03616865
1.2.826.0.1.3680043.8.498.11295899132697862632905938037090529644,0.132968,0.05867775,0.3512305,0.08135087,0.060631137,0.039774723,0.11309157,0.23968859,0.026594458,0.08922263,0.13961083,0.029040422
1.2.826.0.1.3680043.8.498.11296867854260286881418279496022384461,0.06738384,0.05422894,0.072363615,0.03812482,0.029780485,0.02717094,0.096467674,0.11679711,0.028025992,0.075879514,0.0845919,0.03864592
1.2.826.0.1.3680043.8.498.11298099571581989006135838942599921393,0.3167463,0.17217708,0.8744949,0.43582332,0.65575296,0.2982946,0.48347798,0.7584823,0.2326856,0.29661936,0.27644417,0.067689754
1.2.826.0.1.3680043.8.498.11302750434639976191333636496428935632,0.16557911,0.13918696,0.79558754,0.3448345,0.87115234,0.615632,0.77619904,0.74238306,0.47298336,0.47011474,0.14098261,0.074071445
1.2.826.0.1.3680043.8.498.11307870660160563329996058267938398411,0.13675492,0.1095546,0.80039555,0.3058161,0.81799954,0.52914447,0.7568472,0.69741917,0.34672868,0.40702486,0.12522306,0.055258196
1.2.826.0.1.3680043.8.498.11312798102268182343541500463824266929,0.4030403,0.24173927,0.89511424,0.53973323,0.7374217,0.39460218,0.5373824,0.79980063,0.3657621,0.34026745,0.33786836,0.097617194
1.2.826.0.1.3680043.8.498.11314687816975146963598226343179928616,0.13382888,0.05950738,0.30088502,0.08550693,0.054078754,0.032778937,0.095924295,0.283137,0.026361214,0.08511434,0.14550635,0.02878464
1.2.826.0.1.3680043.8.498.11315871586936178043350206344448851055,0.11812776,0.07515202,0.12682144,0.058756776,0.02664522,0.024264703,0.06499062,0.17299278,0.029173616,0.074949294,0.145025,0.042763785
1.2.826.0.1.3680043.8.498.11316091466685605758061778045311969672,0.109443076,0.049812716,0.31214786,0.08762569,0.075457506,0.038114723,0.09995514,0.39295843,0.030913185,0.13004756,0.163489,0.025881505
1.2.826.0.1.3680043.8.498.11331824020096159502562313322049966712,0.45200247,0.20177527,0.44720113,0.270246,0.07126022,0.05152433,0.070910014,0.46978,0.06453166,0.118336,0.41242066,0.10429648
1.2.826.0.1.3680043.8.498.11334486185870324597335039163116965763,0.4147758,0.18865696,0.8180347,0.44539046,0.47710797,0.21692465,0.3509338,0.7159532,0.1738989,0.27191135,0.38315204,0.08859985
1.2.826.0.1.3680043.8.498.11334776960319816844935217444817103072,0.038035877,0.030674605,0.13495156,0.03750872,0.12959346,0.06879571,0.3203133,0.21388918,0.035109248,0.14646383,0.057825107,0.02210817
1.2.826.0.1.3680043.8.498.11337616353935430160375524217870968575,0.06668766,0.042670835,0.14348227,0.043703802,0.04312745,0.03084427,0.123324595,0.1867005,0.023456473,0.082303815,0.08420096,0.023354724
1.2.826.0.1.3680043.8.498.11338962847958062668991874160027887372,0.44590673,0.2009277,0.33946303,0.21598154,0.047982544,0.041449573,0.051475894,0.37812454,0.05801341,0.09460861,0.3555046,0.09698404
1.2.826.0.1.3680043.8.498.11340429352365972769264064439788186260,0.056224383,0.046948552,0.06659914,0.03482065,0.03577391,0.030737791,0.119381286,0.11792382,0.028613174,0.08548248,0.07326473,0.03250183
1.2.826.0.1.3680043.8.498.11345369648571407541082013397591193473,0.2583829,0.1152355,0.774487,0.30280098,0.35951334,0.13519011,0.28697348,0.68740666,0.10742259,0.19728051,0.24673823,0.044034902
1.2.826.0.1.3680043.8.498.11347466940974045182979684641300336177,0.35248765,0.18110813,0.8005217,0.43961,0.55346143,0.2546038,0.38197172,0.78119063,0.26923355,0.2851874,0.32370648,0.08470544
1.2.826.0.1.3680043.8.498.11352722814008170661344291337061231555,0.41914544,0.17611724,0.5395793,0.24574849,0.068501994,0.046335824,0.06895233,0.42728284,0.050632447,0.1000835,0.35571247,0.08056172
1.2.826.0.1.3680043.8.498.11353976221682532422630231842008146722,0.23154278,0.08584586,0.4932255,0.15122469,0.0792159,0.041332815,0.100098126,0.42167658,0.032838337,0.10185432,0.2248816,0.036774725
1.2.826.0.1.3680043.8.498.11362547519125634779422991321337283241,0.06533193,0.055595346,0.46773154,0.10626182,0.6231089,0.32592633,0.67582464,0.45211205,0.13479824,0.30685478,0.07287192,0.035683874
1.2.826.0.1.3680043.8.498.11369844885381156110080055326139875897,0.19829533,0.13808732,0.8183458,0.3213238,0.72832274,0.38129732,0.6305032,0.6839331,0.24373443,0.3573383,0.18128864,0.06251547
1.2.826.0.1.3680043.8.498.11371400503360468962117579439852064607,0.08236046,0.06313521,0.07274068,0.04165846,0.02713175,0.026628202,0.07959363,0.12268205,0.03006606,0.07154394,0.09008961,0.03963313
1.2.826.0.1.3680043.8.498.11382021393803389951964005983002209238,0.46415704,0.19919801,0.46672463,0.25044662,0.06216657,0.04616989,0.061343953,0.41879192,0.056464195,0.09513247,0.36456397,0.08797539
1.2.826.0.1.3680043.8.498.11383056981606331444758741778014516431,0.3324011,0.25670364,0.87022257,0.5736505,0.87900585,0.65306795,0.72546834,0.8373691,0.6539854,0.5129197,0.2802942,0.13311143
1.2.826.0.1.3680043.8.498.11385845157446557781575804962818981994,0.12204634,0.07147999,0.15153635,0.06155585,0.027555948,0.024028173,0.06244852,0.16225153,0.026119933,0.06726316,0.13676794,0.04111017
1.2.826.0.1.3680043.8.498.11386074316342852649653530230563922899,0.09861066,0.060834244,0.68378353,0.16553302,0.6344097,0.31281525,0.64305216,0.5612258,0.111191906,0.3218632,0.110737644,0.030566176
1.2.826.0.1.3680043.8.498.11391095418955817124325938917797687542,0.3794606,0.16934748,0.31964353,0.17469274,0.041280933,0.03511719,0.050118454,0.3271021,0.04623152,0.0837804,0.3092693,0.08151838
1.2.826.0.1.3680043.8.498.11394861774586578112386386342670500749,0.073862545,0.05687926,0.08848526,0.041621346,0.029327761,0.025472596,0.082938425,0.11750141,0.027033059,0.07062051,0.09066429,0.037580427
1.2.826.0.1.3680043.8.498.11395349736725035422736613041202251830,0.059327804,0.047236834,0.072470374,0.03699917,0.03480058,0.02969067,0.11339316,0.13980684,0.02802357,0.0816936,0.076845765,0.030112464
1.2.826.0.1.3680043.8.498.11396451979734570993257791565721573849,0.59881794,0.31365964,0.58777136,0.38807535,0.093364455,0.069664165,0.0724303,0.5607865,0.10859623,0.1298161,0.5235648,0.158208
1.2.826.0.1.3680043.8.498.11402325536521359105285323485008939602,0.3114389,0.12723298,0.31100383,0.15431793,0.044768892,0.034997832,0.050936785,0.35343534,0.041701738,0.10050586,0.30343226,0.06673915
1.2.826.0.1.3680043.8.498.11406304618685790128709325242250648417,0.05062373,0.03665289,0.17750119,0.043147523,0.09276362,0.05281766,0.24801138,0.22215904,0.029901018,0.11460575,0.06939291,0.022115543
1.2.826.0.1.3680043.8.498.11406381777983128446583783158882827226,0.112121314,0.067715086,0.7166812,0.19614367,0.52059925,0.21947871,0.5116831,0.64043623,0.11857105,0.26685122,0.13336697,0.031718146
1.2.826.0.1.3680043.8.498.11413427362266862411525989114324631512,0.042059034,0.029652739,0.19414248,0.04480086,0.13443542,0.06601269,0.2920559,0.27263376,0.032816503,0.14694063,0.063981116,0.018934634
1.2.826.0.1.3680043.8.498.11414215447313658600502835138277811260,0.14129302,0.0634718,0.46452326,0.103886224,0.0879752,0.04595639,0.14049548,0.34027785,0.030536335,0.10253031,0.15220013,0.0285375
1.2.826.0.1.3680043.8.498.11420670844338686032030860787688858057,0.044172257,0.03289417,0.13348901,0.04078668,0.090755485,0.053623542,0.23420362,0.21013467,0.030085968,0.131872,0.0745399,0.0231319
1.2.826.0.1.3680043.8.498.11425019165071014217290822852865654127,0.07709198,0.05620512,0.607698,0.14746153,0.61969453,0.29415765,0.62642103,0.58432955,0.14158395,0.32744223,0.08777699,0.030584132
1.2.826.0.1.3680043.8.498.11425683153901568541658945026861110110,0.22406222,0.09121632,0.69317895,0.1987349,0.16221254,0.06433175,0.17360684,0.5095865,0.04437949,0.13042362,0.22691631,0.036548674
1.2.826.0.1.3680043.8.498.11428482061412578159115168314865188597,0.6318515,0.33519298,0.65729076,0.45833656,0.12511198,0.08838243,0.0873542,0.58890474,0.12720466,0.13672565,0.53249377,0.1685892
1.2.826.0.1.3680043.8.498.11432815311029789072253610823554308183,0.19174306,0.09448531,0.78960955,0.29164368,0.6238339,0.29114637,0.556789,0.6755423,0.14995033,0.3207854,0.19729172,0.043181453
1.2.826.0.1.3680043.8.498.11440214477653629899108986507154583794,0.041679673,0.03452222,0.16062246,0.03899466,0.14341849,0.080695756,0.35065034,0.19893326,0.0386948,0.14018194,0.05788496,0.025178716
1.2.826.0.1.3680043.8.498.11440217845998767853986099058965644463,0.19562432,0.13819054,0.8262875,0.3427945,0.8274992,0.53463984,0.743605,0.6944614,0.3135115,0.43486583,0.17295915,0.06549862
1.2.826.0.1.3680043.8.498.11441489276425334980205891153179893797,0.12398162,0.06981246,0.16395935,0.062663294,0.028924406,0.023826942,0.06259139,0.17219037,0.025000356,0.06855381,0.141706,0.03900475
1.2.826.0.1.3680043.8.498.11446264194433135282793848490754001623,0.37763774,0.167213,0.76689345,0.37584877,0.34418663,0.1556382,0.28039816,0.6597621,0.12175795,0.24042861,0.38357568,0.081798956
1.2.826.0.1.3680043.8.498.11448326350892044215419380818679679579,0.25609508,0.120825805,0.8210751,0.30852902,0.4188022,0.15495977,0.34006065,0.6682178,0.106881075,0.20546108,0.23983462,0.045632873
1.2.826.0.1.3680043.8.498.11448865770537436004548718998804636234,0.2932823,0.17672493,0.82871866,0.4652634,0.756024,0.43688595,0.5735127,0.8079687,0.42170486,0.38457054,0.2591323,0.0858178
1.2.826.0.1.3680043.8.498.11451448731901996559834481853733404099,0.07752483,0.06846284,0.6121494,0.1476734,0.6884135,0.3839691,0.7229334,0.49922633,0.18027054,0.33240324,0.07896997,0.041577518
1.2.826.0.1.3680043.8.498.11451981256762378203455481812714370193,0.06263543,0.055569593,0.05828088,0.037306357,0.032240346,0.02988402,0.11416144,0.10602983,0.031186888,0.08105032,0.078022994,0.03916565
1.2.826.0.1.3680043.8.498.11455388290952699607973723923118848769,0.06383614,0.052227776,0.06550471,0.037305288,0.03232332,0.029898755,0.09128879,0.12146047,0.030792529,0.08988256,0.08406572,0.0362029
1.2.826.0.1.3680043.8.498.11458488293461896930750018852127694875,0.13781464,0.07577065,0.75267464,0.22806883,0.64760315,0.3186488,0.6110975,0.6366077,0.13829024,0.32301632,0.15252344,0.036112435
1.2.826.0.1.3680043.8.498.11458715255296685383451160973781612197,0.14557347,0.13119586,0.71267974,0.2657965,0.7957784,0.51936656,0.73436636,0.6288621,0.33869433,0.4293988,0.12703535,0.073777124
1.2.826.0.1.3680043.8.498.11465586454035959390661499120751232686,0.22048524,0.08422012,0.55747426,0.1574858,0.08210804,0.041880425,0.10179832,0.43439126,0.03354247,0.11557434,0.26577318,0.039148677
1.2.826.0.1.3680043.8.498.11467955500991327547315970867313333592,0.24211422,0.11116474,0.33105966,0.12252866,0.03983739,0.030606506,0.060323436,0.2631311,0.032081194,0.078378774,0.22891186,0.05435424
1.2.826.0.1.3680043.8.498.11468812519969607938527116557104410121,0.4958076,0.26241213,0.45668355,0.27587116,0.06966688,0.05927734,0.07288385,0.40604523,0.083404094,0.111928836,0.41047338,0.13506354
1.2.826.0.1.3680043.8.498.11471148332557464549579838595592736047,0.052355345,0.04005335,0.0892133,0.034107413,0.044080827,0.034117486,0.14539832,0.12730145,0.023987764,0.09056783,0.07495045,0.026656954
1.2.826.0.1.3680043.8.498.11472441320199233244785757534656853558,0.057400133,0.03437639,0.38887957,0.07356752,0.30734763,0.13603978,0.45909256,0.34957847,0.040777866,0.20808986,0.08094629,0.020804286
1.2.826.0.1.3680043.8.498.11477000011453869751231224714283666904,0.059348207,0.04994187,0.06613335,0.034958657,0.034963373,0.03092082,0.11722275,0.109818466,0.029262606,0.08121717,0.07213188,0.03466487
1.2.826.0.1.3680043.8.498.11477583622065195478886525904745372063,0.12674154,0.06210835,0.18438436,0.07611652,0.040468317,0.028795019,0.06618716,0.27783722,0.029065428,0.10155215,0.16740572,0.035315357
1.2.826.0.1.3680043.8.498.11482325994550095339373157256174349858,0.04714197,0.043981522,0.07153893,0.03362241,0.054662935,0.04251641,0.21061547,0.11202144,0.03264763,0.1042028,0.06772258,0.03345802
1.2.826.0.1.3680043.8.498.11487799220518102363643849548556099719,0.06501679,0.055112317,0.06421204,0.036453888,0.031395666,0.028723883,0.10055346,0.10833899,0.03043066,0.07607482,0.077830076,0.038458634
1.2.826.0.1.3680043.8.498.11489881286208501558797333161632486099,0.05247603,0.039036836,0.09459975,0.03502646,0.045395162,0.033915076,0.14586739,0.1341651,0.023578297,0.09170547,0.07442864,0.025112795
1.2.826.0.1.3680043.8.498.11495133447993934376048707763538781434,0.06990464,0.05002593,0.10364197,0.042156316,0.031339835,0.02615922,0.0866354,0.14834742,0.025343234,0.0816988,0.099193074,0.031301484
1.2.826.0.1.3680043.8.498.11497761063752461132736045914751707046,0.17881684,0.07942209,0.33715087,0.10182129,0.04087716,0.02925019,0.06731326,0.28603983,0.026744347,0.09008166,0.22016676,0.04021855
1.2.826.0.1.3680043.8.498.11498239309891927151456629915927889165,0.05997172,0.048648518,0.07474223,0.036800463,0.032332342,0.028238392,0.1086421,0.12126048,0.027006181,0.08274009,0.081073105,0.03232545
1.2.826.0.1.3680043.8.498.11498505068787084440256890724559761815,0.04264096,0.03771731,0.09391356,0.034588702,0.08389425,0.055394817,0.2861991,0.13956146,0.033704165,0.122145995,0.06310904,0.028881691
1.2.826.0.1.3680043.8.498.11498845504486569595587386245872511981,0.0442293,0.035436418,0.10151951,0.0327286,0.07122293,0.05114173,0.22680414,0.13432546,0.030231178,0.106952935,0.059394587,0.025562037
1.2.826.0.1.3680043.8.498.11501070108039994411346060488666341726,0.06702421,0.057303157,0.06457996,0.037129223,0.030587561,0.028611101,0.095340356,0.10986739,0.030923521,0.07537257,0.079264335,0.039677583
1.2.826.0.1.3680043.8.498.11504079342934513987748646905909982588,0.4404347,0.20198868,0.35280406,0.21899645,0.047617476,0.041723125,0.052992493,0.37415367,0.058144767,0.09370701,0.36087143,0.09720254
1.2.826.0.1.3680043.8.498.11506642732332295874076832453198901115,0.46910983,0.21192749,0.5511059,0.32797194,0.12169467,0.0743789,0.10161604,0.55457425,0.08841253,0.15403695,0.42996565,0.11150646
1.2.826.0.1.3680043.8.498.11506856887791286395737465774061395929,0.45155734,0.24493511,0.8420267,0.5413698,0.5934833,0.29684335,0.4095834,0.78754276,0.29746568,0.3136912,0.41297665,0.12688005
1.2.826.0.1.3680043.8.498.11508340006652282767645009271305921426,0.04162432,0.038074646,0.113792606,0.037954852,0.11513203,0.07124605,0.3496912,0.155476,0.03910216,0.14351235,0.06239652,0.030733954
1.2.826.0.1.3680043.8.498.11515987024418648685676369132061127664,0.111380614,0.09801651,0.7156031,0.21365064,0.7802534,0.52012485,0.7464633,0.5671555,0.2885755,0.4049727,0.10166396,0.056610815
1.2.826.0.1.3680043.8.498.11529405479134457001825038259936796388,0.109741874,0.06343505,0.16417615,0.05954957,0.030319689,0.023663143,0.06854174,0.17760009,0.023890743,0.069260634,0.12756045,0.033161197
1.2.826.0.1.3680043.8.498.11530446425918247469882351709851883983,0.06709408,0.049894795,0.08643505,0.03843552,0.032363083,0.027887715,0.100871004,0.12936912,0.026366195,0.07797125,0.08218813,0.031654596
1.2.826.0.1.3680043.8.498.11532517984322509215429681648257299355,0.05556012,0.041493762,0.10108058,0.036739003,0.045414153,0.03486557,0.14467289,0.15375382,0.026656,0.08908047,0.07163091,0.024997968
1.2.826.0.1.3680043.8.498.11533971444023236216745801026152089075,0.3397985,0.24228443,0.8567386,0.5482296,0.83688885,0.5738746,0.6563538,0.83322024,0.5971866,0.45532256,0.29313523,0.12416848
1.2.826.0.1.3680043.8.498.11542298537902846156898976374522470463,0.048570484,0.0353779,0.117571026,0.035198383,0.06060969,0.041157924,0.18839647,0.14763775,0.02327038,0.099465854,0.06967863,0.023188664
1.2.826.0.1.3680043.8.498.11543622448213658856759993374276266341,0.11286496,0.049973834,0.3244342,0.07276292,0.057378285,0.036934692,0.11775218,0.23196337,0.023257831,0.08635073,0.12469987,0.02564413
1.2.826.0.1.3680043.8.498.11545541207342029419461179316053148974,0.2071067,0.10781197,0.15269719,0.08697476,0.027531259,0.02643259,0.050821964,0.20380934,0.034879483,0.07080085,0.18703462,0.05680885
1.2.826.0.1.3680043.8.498.11546127923715190914128277599849591183,0.10529843,0.06874573,0.102241255,0.052155904,0.026155576,0.023668444,0.06329741,0.1535845,0.027813615,0.068792485,0.11753534,0.041085575
1.2.826.0.1.3680043.8.498.11547192037231064935759879673500408149,0.2960825,0.1257656,0.33464468,0.169284,0.06451269,0.045525495,0.076083496,0.40946597,0.050299853,0.11531496,0.29114515,0.064397566
1.2.826.0.1.3680043.8.498.11548045715264151632153040089882701935,0.5597187,0.26270443,0.5103698,0.33136302,0.07607573,0.05826679,0.06444725,0.4862748,0.07993666,0.10947365,0.44278687,0.11929031
1.2.826.0.1.3680043.8.498.11548839502674800051973767797346682106,0.04122801,0.034675304,0.22401717,0.052304346,0.32811075,0.15636776,0.5353571,0.27013704,0.059043277,0.22849223,0.062022056,0.028124722
1.2.826.0.1.3680043.8.498.11551347885357242022697196552822735795,0.09782146,0.05830518,0.11124738,0.052628938,0.028782088,0.025065325,0.06269103,0.17423734,0.027173663,0.08473704,0.12930924,0.03748341
1.2.826.0.1.3680043.8.498.11551770225828320378339882849245348148,0.17439744,0.10296709,0.7887347,0.30611995,0.70078397,0.35107678,0.56194836,0.76340395,0.2780235,0.32380962,0.16514258,0.044289313
1.2.826.0.1.3680043.8.498.11557620559191469069130827959098335840,0.44124866,0.21901849,0.71944124,0.43453833,0.29694226,0.14692773,0.22537045,0.680253,0.15942577,0.22035171,0.4241283,0.117703736
1.2.826.0.1.3680043.8.498.11561519302314146020052258325459371962,0.06454524,0.042908665,0.11707263,0.04165766,0.038536157,0.027515894,0.10800344,0.188344,0.024239188,0.08782753,0.0963451,0.025674889
1.2.826.0.1.3680043.8.498.11569355546217846610131708883985793793,0.35159552,0.13798375,0.5513572,0.21133187,0.07036216,0.041232474,0.0745885,0.4257888,0.041444056,0.09777272,0.31231862,0.06140665
1.2.826.0.1.3680043.8.498.11569601172991867969672947467467392425,0.37684652,0.17122266,0.75534135,0.37916744,0.30238307,0.13001777,0.22310522,0.6983662,0.1312936,0.20701751,0.36685598,0.07878102
1.2.826.0.1.3680043.8.498.11571057273590444914079281238002921868,0.34103712,0.14425565,0.79879,0.32735714,0.263872,0.10261678,0.21424502,0.6398354,0.08430724,0.16566126,0.31855172,0.056248046
1.2.826.0.1.3680043.8.498.11574480940878399452466699512074769686,0.67290616,0.35170773,0.75649196,0.54263157,0.20796703,0.12909414,0.13300152,0.65131414,0.15925619,0.1853685,0.59297895,0.18188064
1.2.826.0.1.3680043.8.498.11574667600340420151274680172753922967,0.13576944,0.07435599,0.14521357,0.066243105,0.02825608,0.024825454,0.059453066,0.18329602,0.027426492,0.07028663,0.1415648,0.040135715
1.2.826.0.1.3680043.8.498.11577630811395858629711985689258647804,0.044256117,0.036908094,0.19841304,0.04444904,0.1509289,0.08525607,0.38237742,0.19429247,0.040311467,0.1455492,0.063872926,0.02706671
1.2.826.0.1.3680043.8.498.11579571696748051185342754881791715610,0.058853164,0.052760854,0.05923414,0.03542431,0.034611087,0.031362318,0.12659785,0.10227296,0.031008402,0.08388621,0.0736861,0.03838395
1.2.826.0.1.3680043.8.498.11583098598455610459898849451117846552,0.08752112,0.07986033,0.63827324,0.17496984,0.7909724,0.5255689,0.77826315,0.5234446,0.26180553,0.40323767,0.08287481,0.053662337
1.2.826.0.1.3680043.8.498.11586616391541918134110642641868079265,0.09470156,0.07027344,0.6794489,0.20144515,0.68273073,0.38299382,0.5917352,0.6687331,0.21264258,0.40887433,0.12009163,0.03886876
1.2.826.0.1.3680043.8.498.11587989960888698769912899464470116193,0.40494815,0.16988862,0.62740266,0.29856452,0.13169289,0.06823569,0.113146484,0.5780774,0.074251704,0.14387009,0.38438442,0.07774795
1.2.826.0.1.3680043.8.498.11590096889491409910425456896187293515,0.15097861,0.08469822,0.15792574,0.07506837,0.029660782,0.025783038,0.062498823,0.19478367,0.029658493,0.07349489,0.17217728,0.050277613
1.2.826.0.1.3680043.8.498.11592056376890319271545710970155310824,0.1266035,0.10113411,0.7513004,0.28961542,0.84297925,0.55733216,0.7520117,0.7201705,0.38490045,0.46757898,0.11926796,0.058655392
1.2.826.0.1.3680043.8.498.11592838054859712596515534341207971997,0.36945632,0.15249197,0.5351217,0.21760896,0.065292545,0.043230943,0.068438485,0.4303286,0.04563154,0.10666849,0.36508504,0.07015625
1.2.826.0.1.3680043.8.498.11595338216297251382188195835520492789,0.050278384,0.044153135,0.36721918,0.081237,0.5532693,0.27358812,0.6523055,0.38966224,0.10617706,0.2971029,0.06303617,0.032145534
1.2.826.0.1.3680043.8.498.11596665780617412984766822528862741584,0.38664365,0.20631933,0.86303055,0.5128194,0.7226151,0.40298775,0.5434113,0.7837919,0.32105723,0.37242872,0.35229483,0.097714886
1.2.826.0.1.3680043.8.498.11596866241403598097171345671773992202,0.42365354,0.17464146,0.7262998,0.31656146,0.14092231,0.06715699,0.11660113,0.5596087,0.06591203,0.12708534,0.3716589,0.07352954
1.2.826.0.1.3680043.8.498.11598606533748611505510113033734692457,0.10758269,0.052378714,0.267798,0.080875315,0.058687408,0.033664435,0.0858814,0.35297292,0.02991563,0.12126558,0.17058969,0.028932048
1.2.826.0.1.3680043.8.498.11599387556469808488160280438305325860,0.13876535,0.074585535,0.15200095,0.07105751,0.030018888,0.02490256,0.06748848,0.20141512,0.026817376,0.073171854,0.15241829,0.041445535
1.2.826.0.1.3680043.8.498.11604138460812393624691789275263090511,0.5905709,0.35853264,0.8598028,0.6579902,0.6118468,0.33396474,0.37482557,0.81433797,0.4092961,0.30872768,0.51709497,0.18641251
1.2.826.0.1.3680043.8.498.11604298807403466096392316117803661479,0.05389286,0.043347456,0.090099305,0.035254307,0.041788552,0.033059485,0.14429541,0.1333531,0.027084263,0.088075444,0.07237919,0.028390935
1.2.826.0.1.3680043.8.498.11605266731872772432220415835172557961,0.22548853,0.094206296,0.33795288,0.11659794,0.0404643,0.028622821,0.061082143,0.28877342,0.028169129,0.079719156,0.22698838,0.046580996
1.2.826.0.1.3680043.8.498.11610176134207131408691324676304640501,0.10660115,0.057903975,0.65412116,0.1700519,0.5462848,0.2561538,0.5608328,0.56483,0.09517438,0.30015555,0.13000676,0.029327558
1.2.826.0.1.3680043.8.498.11610585947047502123824835405421129552,0.13110122,0.06223331,0.20247456,0.07811384,0.040839788,0.028466158,0.063552454,0.28704286,0.028545376,0.10170653,0.17539735,0.03493303
1.2.826.0.1.3680043.8.498.11613637647831801354398273334552399874,0.08464353,0.04470977,0.2453736,0.06833177,0.06887248,0.037714064,0.13931912,0.29727405,0.026239632,0.11128312,0.110803716,0.022665707
1.2.826.0.1.3680043.8.498.11619883329923252065839671636992770849,0.049001206,0.032402363,0.33995268,0.05886653,0.2346709,0.096883975,0.40081266,0.31719974,0.036109578,0.16002944,0.06988218,0.020536365
1.2.826.0.1.3680043.8.498.11625598825018422177242262569319579378,0.074238256,0.059174452,0.070751,0.041680582,0.027272316,0.025729911,0.089847215,0.11999005,0.02866391,0.07450597,0.09126231,0.03969727
1.2.826.0.1.3680043.8.498.11629659616217352895144469980856259097,0.075430125,0.057786204,0.5819678,0.1419233,0.68725926,0.3642669,0.67952937,0.5649656,0.17297833,0.36295798,0.08307792,0.03439264
1.2.826.0.1.3680043.8.498.11641274367861998748475337224297076397,0.0726355,0.049267787,0.09253226,0.041869633,0.031601947,0.02664764,0.091227,0.1474794,0.025114793,0.07819522,0.09063137,0.030726025
1.2.826.0.1.3680043.8.498.11641866550826314411250696478180861612,0.16638198,0.14632854,0.8048494,0.3651285,0.89427453,0.69315785,0.8147042,0.72401345,0.52871186,0.5159412,0.13862254,0.08697153
1.2.826.0.1.3680043.8.498.11642228346306175407288158335830376197,0.3761779,0.2002722,0.87074983,0.45590132,0.57456046,0.24433056,0.40164354,0.7510579,0.21730866,0.26028776,0.32028246,0.07653185
1.2.826.0.1.3680043.8.498.11642678020345468499556230871411308014,0.16637473,0.07698183,0.2852023,0.092863224,0.036186136,0.027083691,0.06271945,0.2622099,0.027018288,0.0852061,0.20775828,0.039768275
1.2.826.0.1.3680043.8.498.11646465814751330102194657154003685957,0.24542394,0.14514855,0.8087428,0.3932315,0.6990902,0.35748577,0.5420977,0.790536,0.33068863,0.34788358,0.23488843,0.06759868
1.2.826.0.1.3680043.8.498.11647595587705638372290862475518195181,0.16704962,0.10660366,0.8009952,0.3164504,0.8196035,0.5103874,0.73390335,0.7086649,0.27800965,0.4334903,0.16599159,0.053888556
1.2.826.0.1.3680043.8.498.11651755040149549966484720727140190853,0.06900041,0.038307793,0.2612133,0.06010299,0.08631457,0.045030396,0.177331,0.3038757,0.027154682,0.10570229,0.08565053,0.018518295
1.2.826.0.1.3680043.8.498.11652570369213315569275956969935617843,0.3835138,0.1541338,0.6189648,0.2689183,0.12639236,0.06793423,0.11924531,0.5111131,0.0589468,0.14698538,0.38503915,0.073218495
1.2.826.0.1.3680043.8.498.11654064547593365398103107850228629066,0.2634709,0.1933147,0.8447251,0.48169205,0.8516883,0.586126,0.7015307,0.8179524,0.55991673,0.467025,0.22998813,0.09804932
1.2.826.0.1.3680043.8.498.11655692245049710970881619360721342623,0.33060744,0.13620755,0.41593817,0.19550985,0.062438965,0.03951962,0.07517544,0.40937716,0.04360581,0.09693359,0.30001116,0.06439341
1.2.826.0.1.3680043.8.498.11659861228342609979638095779959188093,0.06730043,0.053893816,0.5200586,0.106375515,0.57880193,0.2897508,0.63847685,0.45507932,0.115231045,0.2969552,0.07556132,0.033185657
1.2.826.0.1.3680043.8.498.11661333712307504012375232163708358493,0.60383564,0.2982723,0.571583,0.38892433,0.0939161,0.0691475,0.07041922,0.53241235,0.0991512,0.118272334,0.48122045,0.13607186
1.2.826.0.1.3680043.8.498.11669120316759278775792190599036288128,0.23350216,0.09586611,0.53870386,0.15517719,0.07636699,0.039470993,0.100091204,0.39539072,0.033657134,0.09739939,0.23462443,0.040346723
1.2.826.0.1.3680043.8.498.11674925658184069242322832524274428408,0.47823846,0.20319363,0.55036277,0.2784209,0.07040656,0.048473347,0.06523628,0.4611868,0.05660775,0.10545558,0.4140283,0.09620579
1.2.826.0.1.3680043.8.498.11679044101697033975478370934058085847,0.06915116,0.064170554,0.485067,0.11085945,0.67205954,0.41656804,0.738113,0.38101196,0.17154741,0.34698328,0.07236923,0.04915184
1.2.826.0.1.3680043.8.498.11679981444785137570894759919380932611,0.68678004,0.4587909,0.770691,0.66882616,0.44234368,0.28380936,0.2620013,0.76394624,0.4013879,0.29329935,0.6200639,0.30595005
1.2.826.0.1.3680043.8.498.11682243736539231948790371952356165171,0.06727755,0.03983986,0.41945463,0.0877978,0.20982856,0.085647166,0.3496178,0.41067553,0.041834287,0.16837224,0.08778401,0.020133158
1.2.826.0.1.3680043.8.498.11685904538570360040472064238371379681,0.30875412,0.14601351,0.84256005,0.40680772,0.628824,0.3039462,0.50456494,0.73885983,0.19842455,0.32303357,0.29487693,0.06650684
1.2.826.0.1.3680043.8.498.11689820638581431730501617718741779835,0.23680803,0.11415648,0.29852265,0.118430816,0.03587033,0.031584717,0.05733365,0.2571426,0.03539215,0.08377396,0.24853447,0.05836899
1.2.826.0.1.3680043.8.498.11691245281415120685024733512803575288,0.098039806,0.08403182,0.6181597,0.17576185,0.71918434,0.40846464,0.69942456,0.5681781,0.21850225,0.37116814,0.09567846,0.048429627
1.2.826.0.1.3680043.8.498.11695097367686121784104505410611821860,0.09798754,0.065324046,0.6409231,0.17630082,0.5321595,0.23332675,0.5562022,0.59058684,0.12537624,0.27315655,0.105971895,0.030772027
1.2.826.0.1.3680043.8.498.11703195077261884009442719578918319962,0.09098105,0.058157325,0.65182567,0.15667167,0.6715014,0.34900182,0.6687229,0.5422418,0.12088464,0.33449477,0.10349582,0.030605758
1.2.826.0.1.3680043.8.498.11706378290185110677863653788588307917,0.117862634,0.062236834,0.68448657,0.18600029,0.4448452,0.17238489,0.43311742,0.6343355,0.10075167,0.23580557,0.13009386,0.02782613
1.2.826.0.1.3680043.8.498.11709909941833245598246010905322129256,0.05826142,0.048265096,0.069722705,0.035183992,0.033922244,0.029278962,0.1143127,0.11557552,0.028425312,0.08082044,0.07530705,0.033168413
1.2.826.0.1.3680043.8.498.11716605112302071535035323666308656381,0.047583763,0.038171746,0.100458965,0.03853467,0.07029907,0.043976236,0.19226286,0.18993944,0.031022437,0.11833895,0.0773163,0.025768152
1.2.826.0.1.3680043.8.498.11716730437469973434747875401501334429,0.54750043,0.30348617,0.8673669,0.6086016,0.6220649,0.33804885,0.42911756,0.781898,0.3325207,0.32418203,0.48854324,0.15877008
1.2.826.0.1.3680043.8.498.11719502398697390809777045891822044637,0.16932069,0.12673603,0.80966944,0.36422306,0.82252014,0.5101934,0.71076035,0.76160645,0.37342352,0.44004562,0.16387644,0.06381372
1.2.826.0.1.3680043.8.498.11720535027022778971695130536590302635,0.04349604,0.034360573,0.22668289,0.0483866,0.27500403,0.13906829,0.49289328,0.22576733,0.04389698,0.20184033,0.06350293,0.02612683
1.2.826.0.1.3680043.8.498.11720664166420613534218395854543939928,0.052786108,0.038529646,0.117911115,0.03558168,0.0545371,0.04117867,0.17480023,0.13455147,0.02702409,0.09231213,0.06972867,0.0260319
1.2.826.0.1.3680043.8.498.11722185671504770687850569082348083612,0.19592188,0.085987076,0.3403271,0.10631455,0.041427188,0.02824483,0.067851596,0.2740473,0.02656779,0.07652421,0.19840086,0.040963843
1.2.826.0.1.3680043.8.498.11723286647024326363349453996818420374,0.048897825,0.037051152,0.31417286,0.06048954,0.36313722,0.18153292,0.55563736,0.27694386,0.051937334,0.22750059,0.067144364,0.026716528
1.2.826.0.1.3680043.8.498.11723945299462627737346907048285143063,0.23427254,0.09277638,0.5750492,0.16563007,0.08629324,0.042112384,0.10554481,0.4239515,0.03423833,0.10182247,0.23692258,0.039911833
1.2.826.0.1.3680043.8.498.11725843001854130477287484865097535511,0.06604791,0.05572561,0.065471746,0.036461968,0.031143982,0.028904444,0.09668934,0.109636135,0.030647282,0.07512102,0.07840215,0.03898996
1.2.826.0.1.3680043.8.498.11726452645519338341002251323463736083,0.054134384,0.041628752,0.36439583,0.072944134,0.3585295,0.16972008,0.51029414,0.36582598,0.06666076,0.21602231,0.06733723,0.025645614
1.2.826.0.1.3680043.8.498.11738872955471637985947490962985266753,0.5448298,0.2680344,0.46876654,0.3036059,0.065207824,0.055291355,0.059605397,0.44615585,0.07976399,0.108938105,0.4427491,0.1333672
1.2.826.0.1.3680043.8.498.11751697254880722008245447197446027607,0.29341793,0.19381428,0.8658134,0.4908279,0.8126001,0.52245736,0.63538533,0.8029011,0.49102843,0.38304332,0.23661707,0.08401428
1.2.826.0.1.3680043.8.498.11752091432368750506312921028559788225,0.09094967,0.046372417,0.2665069,0.063320145,0.054363567,0.03180598,0.11479401,0.25260815,0.023068387,0.08715303,0.11375837,0.023135757
1.2.826.0.1.3680043.8.498.11753067309373104365558887398441364695,0.36048055,0.14114018,0.6868099,0.28138483,0.15044612,0.0677517,0.12721159,0.5798323,0.064223364,0.1316308,0.33054587,0.057066485
1.2.826.0.1.3680043.8.498.11762352496600661264881556836248251400,0.08476281,0.059807412,0.517271,0.10881976,0.37274042,0.17386602,0.48163888,0.42780772,0.076523624,0.22159128,0.094365045,0.032038886
1.2.826.0.1.3680043.8.498.11762851510866726051342964961256680025,0.47304884,0.26960847,0.7847348,0.53826356,0.54222375,0.28966552,0.36269075,0.775056,0.33919272,0.32265452,0.43643478,0.15564594
1.2.826.0.1.3680043.8.498.11770690655120964721059321709525979950,0.068412594,0.057934392,0.07240572,0.037671622,0.031433616,0.029898444,0.10712051,0.1079765,0.03082967,0.07716611,0.08274217,0.04232359
1.2.826.0.1.3680043.8.498.11771393824519892797114773408583976756,0.4298458,0.19645472,0.3106291,0.2006731,0.044863418,0.039335106,0.04988416,0.36721408,0.057334024,0.09065744,0.34755382,0.09627665
1.2.826.0.1.3680043.8.498.11775352515236862473778507708524782015,0.04356501,0.03634391,0.10514131,0.033543866,0.08595808,0.05704545,0.26546052,0.1364992,0.029529477,0.121594526,0.06370808,0.026323097
1.2.826.0.1.3680043.8.498.11776647434143676427722616249587614803,0.09578765,0.047402613,0.5247365,0.11586437,0.2088305,0.08234359,0.27317145,0.49090132,0.044132393,0.16441151,0.11488577,0.020708047
1.2.826.0.1.3680043.8.498.11779387602988880691008088661075117406,0.07556918,0.059213813,0.5903344,0.14082463,0.6071069,0.29889065,0.6497132,0.53353864,0.1410479,0.30875754,0.08306587,0.032998066
1.2.826.0.1.3680043.8.498.11783597160745641720078978406968189488,0.06629682,0.05444081,0.07141555,0.037960656,0.032203805,0.027882831,0.09559422,0.106503546,0.028515715,0.07578935,0.07949718,0.037889156
1.2.826.0.1.3680043.8.498.11785138333495400389510795613252286069,0.24482499,0.1359308,0.8283462,0.38408574,0.63341284,0.28914747,0.47523195,0.7646001,0.23540957,0.29253107,0.23455311,0.055313528
1.2.826.0.1.3680043.8.498.11786296135006283515679011075884245663,0.06608451,0.0548155,0.50614965,0.09744283,0.5061896,0.2779033,0.6246175,0.3855719,0.109552436,0.27494672,0.07635699,0.035702504
1.2.826.0.1.3680043.8.498.11786582806577871618290342375465595269,0.44525775,0.18712191,0.5432213,0.25776517,0.07633932,0.05128606,0.07066958,0.45550424,0.05788604,0.0996264,0.3615002,0.08316165
1.2.826.0.1.3680043.8.498.11791028039098776993164396657149877483,0.08772953,0.080492556,0.64010286,0.16821243,0.7672363,0.5147517,0.76435214,0.50649405,0.25408137,0.401415,0.085838,0.05328075
1.2.826.0.1.3680043.8.498.11791567830371683660578052737702299124,0.06636936,0.0407211,0.16539013,0.045997746,0.050740182,0.033411965,0.13450089,0.20459768,0.023672702,0.086390145,0.08381298,0.02166002
1.2.826.0.1.3680043.8.498.11794753699425693678056056340551238033,0.03890229,0.03257992,0.17173308,0.044314742,0.18602818,0.09455189,0.4278188,0.22403443,0.04399206,0.16844758,0.058563203,0.025373911
1.2.826.0.1.3680043.8.498.11796547950032543541071896156852778697,0.24417715,0.14380585,0.85694367,0.37342238,0.705515,0.34011456,0.5660875,0.73923653,0.22679707,0.324243,0.21880086,0.058893718
1.2.826.0.1.3680043.8.498.11798183157109435753679723596499976762,0.060587093,0.05443859,0.4530075,0.109952085,0.6773249,0.37166426,0.71421117,0.45298612,0.1603419,0.35615814,0.069016404,0.040004518
1.2.826.0.1.3680043.8.498.11799272823743145498601173910069737855,0.061744343,0.04692466,0.11341594,0.03939621,0.041894462,0.03254464,0.1312533,0.15296602,0.026531948,0.08668344,0.08178386,0.02809136
1.2.826.0.1.3680043.8.498.11803762390999881908101130422708589537,0.04048026,0.03078688,0.16850086,0.04590662,0.15732381,0.080011256,0.3624995,0.2340415,0.03836513,0.15699463,0.060581326,0.02260396
1.2.826.0.1.3680043.8.498.11804799183537166337413388415687675758,0.13992381,0.06326421,0.664807,0.17664091,0.36269176,0.1467802,0.39514354,0.5445844,0.062075406,0.23096459,0.16190782,0.028291278
1.2.826.0.1.3680043.8.498.11805131119810457174456565128522037991,0.6845144,0.41156015,0.77994937,0.63304716,0.34034616,0.20301022,0.1930209,0.74061316,0.28498727,0.23014554,0.6086985,0.24072617
1.2.826.0.1.3680043.8.498.11807494462283790976935891042637502434,0.27947268,0.11239195,0.69265765,0.24486904,0.16526882,0.06992129,0.15243676,0.56801593,0.059200503,0.13209055,0.26769474,0.043803774
1.2.826.0.1.3680043.8.498.11812607848520072826145426247813670653,0.06606125,0.055987675,0.06599155,0.036672946,0.03101872,0.028749421,0.09663834,0.10976619,0.030435288,0.07533651,0.0786042,0.03880862
1.2.826.0.1.3680043.8.498.11814923363609140180293604689814785969,0.16668361,0.068877906,0.37681368,0.10020588,0.051268343,0.029808866,0.084768414,0.29992476,0.024214087,0.0842443,0.17855227,0.03237786
1.2.826.0.1.3680043.8.498.11823120042104793954689778719229868108,0.092484765,0.06811376,0.6540119,0.1686802,0.76084864,0.45763096,0.7394966,0.53976053,0.17406656,0.38823488,0.098446384,0.04006604
1.2.826.0.1.3680043.8.498.11830915612184936576804778995164042200,0.3048603,0.18247893,0.877823,0.4466764,0.7268833,0.3663701,0.55584216,0.7677495,0.29085836,0.3312864,0.25972268,0.07256192
1.2.826.0.1.3680043.8.498.11836929166973549727078374306175992474,0.1964325,0.103547126,0.16282023,0.08471805,0.027643852,0.026287558,0.051424865,0.19426344,0.03340644,0.06893898,0.180258,0.0565036
1.2.826.0.1.3680043.8.498.11848828525319749834876185415845381479,0.039609257,0.030803127,0.21844669,0.04949141,0.23083201,0.10913106,0.4184335,0.27953166,0.046144795,0.17852889,0.058502585,0.021927409
1.2.826.0.1.3680043.8.498.11851285389689341495961233129719325417,0.3681982,0.16326788,0.4311703,0.1942573,0.049178436,0.040742896,0.057073276,0.360125,0.046763692,0.09847514,0.35381672,0.080337904
1.2.826.0.1.3680043.8.498.11851412923016044948101698015974810604,0.5983513,0.3382542,0.8251589,0.61197215,0.46588883,0.24040934,0.27250928,0.78154814,0.31503174,0.2639545,0.52691287,0.17717601
1.2.826.0.1.3680043.8.498.11860731961337988611847638299761007498,0.09863204,0.05758576,0.19839615,0.066807434,0.048292845,0.031238265,0.09584128,0.276305,0.02993782,0.10186708,0.15287013,0.031587195
1.2.826.0.1.3680043.8.498.11863890747360341056211511874563792862,0.2170671,0.1231693,0.81649894,0.36335358,0.6576688,0.31268638,0.5225077,0.76744795,0.23824905,0.33314183,0.21245687,0.05291469
1.2.826.0.1.3680043.8.498.11867198902144602395671904591496233129,0.109597586,0.09924081,0.7108222,0.2584221,0.84585935,0.58917177,0.7922221,0.66705114,0.38834912,0.45701015,0.102873765,0.060858395
1.2.826.0.1.3680043.8.498.11868154141292577776796381772987549697,0.13327354,0.0877108,0.7401418,0.20865007,0.5968051,0.26103163,0.574038,0.5991471,0.12798873,0.28384134,0.13746727,0.040676057
1.2.826.0.1.3680043.8.498.11868389442143514705330687746274512632,0.32082236,0.17205042,0.7891233,0.40686148,0.52519464,0.24762368,0.41915256,0.7499921,0.23203836,0.31064263,0.33613348,0.08881319
1.2.826.0.1.3680043.8.498.11871142388984150456249558619289234011,0.5588361,0.278559,0.5082475,0.33415228,0.07739518,0.06237083,0.06498737,0.47453395,0.08903478,0.112402976,0.43737867,0.12843697
1.2.826.0.1.3680043.8.498.11878847808072119549790690649256090471,0.07775552,0.062253408,0.5833842,0.16055049,0.7593614,0.44680545,0.74318284,0.5375586,0.20282704,0.40677252,0.08748873,0.045052014
1.2.826.0.1.3680043.8.498.11880385031047315524154761508473409762,0.51213443,0.22273003,0.7056247,0.37070325,0.1272289,0.069451846,0.09763484,0.58246046,0.08013073,0.13113572,0.4526109,0.10175923
1.2.826.0.1.3680043.8.498.11881735311125899170335963782017197184,0.36296257,0.20283392,0.8213662,0.46418858,0.6142537,0.30647683,0.45441642,0.7881554,0.31050232,0.3364373,0.3525267,0.10335479
1.2.826.0.1.3680043.8.498.11887143891500181344364122992066593229,0.17535622,0.08944208,0.8003758,0.26392552,0.6217783,0.28569067,0.56158674,0.6613916,0.13509533,0.29962498,0.17485951,0.03766016
1.2.826.0.1.3680043.8.498.11892908237449514945544380023820626319,0.040354885,0.029755214,0.19449273,0.047151025,0.14983088,0.07974847,0.25157875,0.31386998,0.04010408,0.19052456,0.077403165,0.02133982
1.2.826.0.1.3680043.8.498.11897083656099489353496670273111097794,0.40165138,0.20225473,0.81878555,0.4806653,0.5138094,0.23218898,0.34214205,0.7694096,0.24487156,0.27245796,0.36300132,0.09028615
1.2.826.0.1.3680043.8.498.11900355716044995266104285198121445744,0.08328149,0.062017456,0.09420126,0.044868182,0.028049085,0.024827886,0.07471237,0.12337876,0.027108077,0.06830931,0.09783903,0.03871421
1.2.826.0.1.3680043.8.498.11901474252960403779405194385221103673,0.05801198,0.036016062,0.36925858,0.077431075,0.21835148,0.098243736,0.3528571,0.3910374,0.044573892,0.19786592,0.09188309,0.022222413
1.2.826.0.1.3680043.8.498.11902464730418099436837163594625541861,0.054647125,0.0350823,0.24561742,0.05871993,0.1458797,0.070536725,0.27011672,0.33258855,0.0378559,0.16302592,0.0915656,0.021963824
1.2.826.0.1.3680043.8.498.11904156585987383639134967886361403369,0.096368164,0.06331317,0.65794665,0.18378374,0.6191279,0.28583503,0.60308766,0.6465082,0.15037934,0.3273503,0.118625544,0.033140488
1.2.826.0.1.3680043.8.498.11905397531490569218559534495408776672,0.05954154,0.05192338,0.061877638,0.034901258,0.034408648,0.029405596,0.11403526,0.11099938,0.0308355,0.084134,0.07725254,0.035324655
1.2.826.0.1.3680043.8.498.11906266535122698149967624908585010734,0.15618476,0.12514848,0.7923906,0.3409828,0.85252583,0.58656454,0.7487993,0.76292026,0.4698879,0.47006878,0.14270009,0.0664754
1.2.826.0.1.3680043.8.498.11909779134152823550896593167929611759,0.06491263,0.05142178,0.067431964,0.037848964,0.031752273,0.029255131,0.08661426,0.12593737,0.02985846,0.08891707,0.08652036,0.036177408
1.2.826.0.1.3680043.8.498.11911688823908554151914734938172012708,0.45841563,0.27018586,0.84005344,0.5726738,0.66796076,0.36274403,0.44054085,0.81586486,0.42095914,0.3391781,0.40167347,0.13465792
1.2.826.0.1.3680043.8.498.11912276256810863127132294167870461707,0.15292677,0.10036169,0.7824329,0.2979552,0.7148422,0.36711735,0.62064683,0.7387872,0.24443254,0.37144774,0.15467067,0.045367748
1.2.826.0.1.3680043.8.498.11912618147674655465071922267060032851,0.06220286,0.05303464,0.06632028,0.0370663,0.032838497,0.029062003,0.102475055,0.11821033,0.030018978,0.08179534,0.081903405,0.03611433
1.2.826.0.1.3680043.8.498.11915933561045570822185908784072057715,0.056178633,0.04095681,0.45026684,0.10438728,0.46090335,0.22765002,0.4665024,0.5264844,0.100725874,0.33122975,0.09355104,0.027589792
1.2.826.0.1.3680043.8.498.11915937982684988073644209606907169581,0.6219071,0.37312493,0.8379391,0.64880276,0.5311662,0.28868067,0.32004943,0.79698235,0.37131214,0.29019952,0.55388176,0.20905796
1.2.826.0.1.3680043.8.498.11919420571588879483419578078755803351,0.15741569,0.1144871,0.8101858,0.2901605,0.7738063,0.42061782,0.68452746,0.68321204,0.2401486,0.36847568,0.14916053,0.052485622
1.2.826.0.1.3680043.8.498.11920026019322352546372153111621676066,0.40855515,0.20103106,0.7418905,0.40068337,0.31011418,0.14841707,0.23994286,0.70374805,0.16148634,0.23449714,0.42584231,0.10674516
1.2.826.0.1.3680043.8.498.11920531053482540304184657218030242597,0.08923348,0.045789346,0.25575605,0.061950434,0.053864006,0.033255316,0.1200782,0.25208607,0.022957351,0.09071654,0.10878403,0.022355424
1.2.826.0.1.3680043.8.498.11923218013055841952315996726408812182,0.041774143,0.033559915,0.12045834,0.033737432,0.09710095,0.060171984,0.2760315,0.15114163,0.028341902,0.12506983,0.06371907,0.024291027
1.2.826.0.1.3680043.8.498.11924999889245769866426422681253524920,0.1612653,0.0862373,0.7867485,0.26595443,0.69821805,0.3569237,0.63667226,0.66469747,0.1681464,0.34007648,0.1646113,0.039777286
1.2.826.0.1.3680043.8.498.11926412946593048423086380882538180028,0.32053986,0.13010424,0.38967875,0.18270198,0.06448153,0.041710492,0.072384134,0.41739336,0.04437909,0.104724675,0.29577538,0.062109422
1.2.826.0.1.3680043.8.498.11927352926669104658144933891780551483,0.06287281,0.05041118,0.06887392,0.037197236,0.033239115,0.029831214,0.09190687,0.1286205,0.029556435,0.09194693,0.08594508,0.03569121
1.2.826.0.1.3680043.8.498.11934483804567594363179973225449686890,0.6979236,0.39087868,0.6898073,0.53527886,0.1579884,0.108665355,0.09579735,0.6364278,0.168563,0.15357277,0.5776137,0.19336718
1.2.826.0.1.3680043.8.498.11935116791150327546384719051023540185,0.09573003,0.068922095,0.080451734,0.046837516,0.025538405,0.025111638,0.06807229,0.13780217,0.030479979,0.069306634,0.10502988,0.042031508
1.2.826.0.1.3680043.8.498.11935893582662912138522962760478513770,0.43357134,0.18811,0.75655085,0.40114862,0.2653444,0.1136668,0.18036984,0.6863683,0.11897512,0.17377707,0.3757173,0.073608376
1.2.826.0.1.3680043.8.498.11937911933281010146897685679862930140,0.0424712,0.0350515,0.12643394,0.0376455,0.111768655,0.06799836,0.30919838,0.1854969,0.03450474,0.13359477,0.059561033,0.02420524
1.2.826.0.1.3680043.8.498.11938864543152001817866013174907274014,0.43778205,0.18058181,0.7674828,0.35396567,0.1782853,0.08006265,0.13784423,0.60457766,0.07724555,0.14148141,0.3868114,0.07587628
1.2.826.0.1.3680043.8.498.11944762815616453054528091721553484857,0.07242665,0.05278911,0.09159166,0.041865837,0.030961614,0.025679909,0.086904265,0.12929644,0.024875516,0.07375482,0.09086378,0.034459617
1.2.826.0.1.3680043.8.498.11954711639198972958656966617027374769,0.19109954,0.08707108,0.30163372,0.113374665,0.04796358,0.032550134,0.07360324,0.34863228,0.033743225,0.093494244,0.22031833,0.04189707
1.2.826.0.1.3680043.8.498.11956771495610267604936834092317960600,0.2028579,0.09132907,0.26804078,0.11415279,0.04505034,0.03129299,0.07477982,0.30376077,0.03181827,0.09200248,0.2201027,0.04812436
1.2.826.0.1.3680043.8.498.11957476321850340968244508976719889277,0.038508587,0.03192445,0.178332,0.044615623,0.19859095,0.10225304,0.43746415,0.23476106,0.046058662,0.18123186,0.058882155,0.025345424
1.2.826.0.1.3680043.8.498.11958117172819754862618612170999909480,0.040291466,0.03359318,0.097904906,0.034751758,0.08591361,0.05285553,0.24997154,0.17740382,0.033402503,0.121084064,0.061505664,0.024250913
1.2.826.0.1.3680043.8.498.11964826300307458382604479841253457304,0.22142996,0.08491486,0.5758073,0.1585574,0.08713941,0.043814395,0.105249844,0.44535354,0.034723725,0.11645205,0.2545089,0.038144547
1.2.826.0.1.3680043.8.498.11964919539297578836040550782883323317,0.35291153,0.1362133,0.6803205,0.25538722,0.11618099,0.05500391,0.107861914,0.5143283,0.0498656,0.11757553,0.3231806,0.058071762
1.2.826.0.1.3680043.8.498.11977465062890611952998635094033472451,0.09985388,0.056041468,0.55789524,0.11361154,0.21613765,0.08927755,0.30973917,0.453251,0.046277314,0.16148017,0.120406814,0.025218204
1.2.826.0.1.3680043.8.498.11979034558288454336812613626594510186,0.3122202,0.1429361,0.23296307,0.13976592,0.03672871,0.03198182,0.049503356,0.30885372,0.04252466,0.082712136,0.2711242,0.07042679
1.2.826.0.1.3680043.8.498.11979906027101464432999416052202616662,0.07767023,0.041728716,0.44486105,0.08204024,0.15464869,0.06673789,0.25547493,0.38502467,0.03408335,0.13630268,0.099162444,0.020398496
1.2.826.0.1.3680043.8.498.11980187124986749407584543247586384443,0.06522452,0.05463054,0.066566244,0.036320742,0.031411495,0.028588578,0.09711241,0.11012964,0.030013552,0.07518383,0.07835386,0.038564716
1.2.826.0.1.3680043.8.498.11980805687949950504930975019161587970,0.17855631,0.09560722,0.7919612,0.26080358,0.5765247,0.23332192,0.4966837,0.66941595,0.13351858,0.26435184,0.16835919,0.038773704
1.2.826.0.1.3680043.8.498.11981170645605720774509861722988500673,0.31736705,0.14782299,0.31214678,0.15306082,0.040090848,0.032137692,0.053562585,0.34759346,0.041780677,0.08959433,0.31920227,0.07434363
1.2.826.0.1.3680043.8.498.11988551795896617815207749665102049499,0.040904537,0.035570327,0.09882874,0.033314034,0.075808376,0.049582854,0.23791087,0.1527176,0.030729381,0.11030969,0.059848726,0.02534492
1.2.826.0.1.3680043.8.498.11991512352474459753052051071717622771,0.06386095,0.03661434,0.20095135,0.052812617,0.065875635,0.03757188,0.15326333,0.25482532,0.0247265,0.10462509,0.08952762,0.020339847
1.2.826.0.1.3680043.8.498.11992172807590757302730513420827032389,0.04248824,0.03619625,0.11967335,0.034245003,0.09195627,0.059213668,0.30575782,0.14297037,0.03361227,0.12228078,0.061861534,0.02841751
1.2.826.0.1.3680043.8.498.11999008448480965933785988718780864948,0.11663174,0.057609446,0.26396897,0.07706488,0.045018557,0.028117143,0.099849746,0.25752142,0.023840649,0.08599118,0.14395063,0.02936398
1.2.826.0.1.3680043.8.498.12005327370242618323737652892230673473,0.23276003,0.10038571,0.2974503,0.12573092,0.043507874,0.030851346,0.057305835,0.33741388,0.034414582,0.099117786,0.26056376,0.05064939
1.2.826.0.1.3680043.8.498.12006027138204983547873134458107233878,0.074950814,0.06815111,0.5019021,0.1241827,0.6611097,0.37121487,0.70101625,0.45282948,0.16476685,0.34290996,0.07854503,0.04545932
1.2.826.0.1.3680043.8.498.12007335335641704192494936946829650792,0.39345682,0.15781395,0.6427752,0.26341632,0.09511167,0.05121627,0.08838153,0.49285606,0.051580112,0.10944422,0.3534685,0.06877147
1.2.826.0.1.3680043.8.498.12009816058271421855131593296751372723,0.2442141,0.10413874,0.74306035,0.2750018,0.31179255,0.11449591,0.26259476,0.6579757,0.09200958,0.17702399,0.23506598,0.041302793
1.2.826.0.1.3680043.8.498.12010150865087936209475730225377000084,0.33162817,0.12845151,0.62003165,0.22130227,0.09235758,0.046973284,0.09460855,0.47232974,0.043642204,0.10711746,0.30709916,0.055361435
1.2.826.0.1.3680043.8.498.12014959202771141042815134335571931814,0.050259765,0.03347212,0.2589163,0.0587257,0.2356792,0.11533607,0.40004984,0.28251714,0.039494496,0.19070937,0.07502148,0.022998324
1.2.826.0.1.3680043.8.498.12015406188790105426257083591807220760,0.05257489,0.034922976,0.3455847,0.06085181,0.21260144,0.08926863,0.38162518,0.30956578,0.034431014,0.14886935,0.07220675,0.020870283
1.2.826.0.1.3680043.8.498.12026457191304650188547548517205757122,0.5928991,0.30746174,0.52331257,0.36412698,0.08348452,0.067371346,0.06747022,0.49224472,0.10197717,0.11805227,0.47123814,0.1487339
1.2.826.0.1.3680043.8.498.12031315219947933845048665397149229969,0.09838086,0.07352579,0.6710888,0.18180183,0.69191927,0.35260114,0.66179293,0.61982805,0.18198733,0.33264765,0.09984685,0.036846995
1.2.826.0.1.3680043.8.498.12034579945815402722591687609951730205,0.08293151,0.04385626,0.29779166,0.0687068,0.06797372,0.03757956,0.14277703,0.29917645,0.02559186,0.11064885,0.12353725,0.023435201
1.2.826.0.1.3680043.8.498.12036404333388388978317335770611404933,0.048568565,0.032105893,0.20643422,0.051283702,0.09686108,0.048524722,0.23803812,0.25589758,0.028438102,0.121450424,0.072020195,0.019612577
1.2.826.0.1.3680043.8.498.12041392088066705782960819598258792338,0.6985597,0.40195632,0.66226757,0.54157996,0.16484128,0.11897544,0.104067944,0.64837396,0.18531159,0.17329594,0.603534,0.2270452
1.2.826.0.1.3680043.8.498.12041491173612341571223481616114183729,0.07652081,0.047543645,0.15547863,0.052138913,0.042273358,0.028362477,0.102265544,0.23120965,0.025863318,0.09234812,0.11636813,0.027719771
1.2.826.0.1.3680043.8.498.12045300645580015230470991493790324857,0.12593804,0.07192276,0.11227938,0.05758442,0.027680945,0.024577275,0.065610915,0.16101454,0.027661847,0.071746305,0.13124527,0.041554637
1.2.826.0.1.3680043.8.498.12050415099056648944934039580585859179,0.3331071,0.15016845,0.50560856,0.23084754,0.10180761,0.057992123,0.10408703,0.5205982,0.06606714,0.144485,0.36362773,0.07762272
1.2.826.0.1.3680043.8.498.12051169109587120248372991913002670813,0.41387442,0.19701491,0.32013395,0.19370738,0.042952,0.039020274,0.05148806,0.33162647,0.05545025,0.089222014,0.33585078,0.09782388
1.2.826.0.1.3680043.8.498.12054099347723802635102026371218576198,0.061548647,0.03922866,0.46616125,0.09271882,0.4554258,0.21486817,0.56254005,0.40557182,0.06327312,0.2618855,0.081930935,0.02369146
1.2.826.0.1.3680043.8.498.12063742398421783626420335095128808816,0.12082079,0.06530323,0.17457731,0.06360149,0.031874485,0.024511458,0.07288118,0.18497333,0.024561422,0.07013688,0.13946041,0.038347963
1.2.826.0.1.3680043.8.498.12064822036518837577612019712902340953,0.052898426,0.040893186,0.42574283,0.08817477,0.5106699,0.23554528,0.601782,0.4493428,0.09581543,0.28988907,0.06582987,0.026622532
1.2.826.0.1.3680043.8.498.12067625141402105065337444349201280606,0.27698275,0.1296575,0.30820507,0.13391848,0.03643268,0.031476345,0.05461493,0.26375043,0.035854343,0.079551585,0.2580339,0.06447782
1.2.826.0.1.3680043.8.498.12068674252637046261029360607215822017,0.37756467,0.19479635,0.8126601,0.47709626,0.54363567,0.25017303,0.3837004,0.769549,0.26303703,0.26777938,0.34024313,0.08816449
1.2.826.0.1.3680043.8.498.12071998470084955703027522152040042364,0.39117312,0.1661007,0.37172824,0.18928026,0.049035255,0.039669167,0.058808908,0.35638505,0.046899773,0.08941476,0.31560102,0.075567424
1.2.826.0.1.3680043.8.498.12073401429398042797505820525732905336,0.10567114,0.071916476,0.703804,0.20413226,0.77352744,0.45764256,0.7345367,0.5992896,0.18750793,0.40423167,0.119862475,0.04268729
1.2.826.0.1.3680043.8.498.12092744899746753313905432642371563786,0.075642966,0.04334,0.3172498,0.06204116,0.08923294,0.050267287,0.19217493,0.2659612,0.028022388,0.109748706,0.09840252,0.022699943
1.2.826.0.1.3680043.8.498.12095779329738382018467257299597656491,0.4553464,0.21670738,0.3384819,0.22345623,0.049080614,0.04256439,0.051528584,0.38534912,0.064436264,0.09314985,0.36840478,0.10600205
1.2.826.0.1.3680043.8.498.12098718763390783455090805975786780205,0.048500583,0.04194965,0.06963331,0.03485291,0.04502238,0.035055336,0.16844405,0.12098638,0.028705057,0.09412868,0.0688711,0.029831741
1.2.826.0.1.3680043.8.498.12100254887364913022980951672127944515,0.091417916,0.075470604,0.6451175,0.1621857,0.62480545,0.34539834,0.6848358,0.49679548,0.16259554,0.31351492,0.0944625,0.04287758
1.2.826.0.1.3680043.8.498.12104799278874963688461235330096856415,0.10115431,0.050371386,0.2069378,0.07130486,0.051776595,0.032204416,0.08222834,0.31219757,0.0288327,0.11831026,0.15406774,0.028935466
1.2.826.0.1.3680043.8.498.12106775587428595108771304868101362618,0.6931778,0.44460392,0.7431685,0.63754946,0.35217857,0.2280962,0.20798035,0.7380002,0.3341892,0.2613188,0.6221634,0.2895124
1.2.826.0.1.3680043.8.498.12107680313133383587522762626929218051,0.050623193,0.03944822,0.4135193,0.08525652,0.5050072,0.23072542,0.59598863,0.4419046,0.09362929,0.2807766,0.066021,0.025914434
1.2.826.0.1.3680043.8.498.12110510829608190094905588610131531103,0.058354475,0.049605284,0.06548377,0.034912147,0.034017123,0.029523842,0.11192358,0.116677694,0.029061226,0.08047652,0.075571716,0.034591462
1.2.826.0.1.3680043.8.498.12117377043894182951345966247899775612,0.06536688,0.052117765,0.06732919,0.037827376,0.031768702,0.0292557,0.086161956,0.12349387,0.030105257,0.088437796,0.08591522,0.036563687
1.2.826.0.1.3680043.8.498.12130605331118953242364684736005454581,0.5482951,0.258316,0.6715991,0.41247678,0.13273665,0.08110857,0.09885157,0.6044873,0.1017287,0.14471611,0.5021686,0.13093622
1.2.826.0.1.3680043.8.498.12130868132537772155475981935868588761,0.1552245,0.10315766,0.7972328,0.29806837,0.8316045,0.5335965,0.7496377,0.70006204,0.28949496,0.43746895,0.15015079,0.05235678
1.2.826.0.1.3680043.8.498.12131866860554871145836544571379633595,0.052565034,0.03359843,0.32158148,0.05803918,0.16691257,0.07611459,0.3188954,0.32746673,0.03392237,0.14308208,0.07270979,0.01900988
1.2.826.0.1.3680043.8.498.12132814192991105841939278718608095213,0.06577694,0.053776097,0.06935431,0.036742836,0.030947337,0.027966604,0.09484107,0.11592639,0.028760236,0.074971884,0.08055014,0.037339125
1.2.826.0.1.3680043.8.498.12135456587022560662140325717612726990,0.47139946,0.21564102,0.41091678,0.2537523,0.056373835,0.04544541,0.05542897,0.43233463,0.063151866,0.1074923,0.41069517,0.11068534
1.2.826.0.1.3680043.8.498.12137739162059836759686062882514824614,0.04685061,0.035956964,0.11197075,0.034975503,0.05353501,0.03694325,0.17142406,0.14948043,0.025916254,0.09386908,0.07121334,0.024675328
1.2.826.0.1.3680043.8.498.12139829070290803654867114374799823711,0.06629682,0.05444081,0.07141555,0.037960656,0.032203805,0.027882831,0.09559422,0.106503546,0.028515715,0.07578935,0.07949718,0.037889156
1.2.826.0.1.3680043.8.498.12148236440353424874546037143134438088,0.07208884,0.059153073,0.56091267,0.1421247,0.71989304,0.40191895,0.7133082,0.56605834,0.1966754,0.37076703,0.08328725,0.03825377
1.2.826.0.1.3680043.8.498.12150502202634860887314001818431257267,0.041349314,0.03553661,0.13069439,0.03604497,0.12440901,0.075891435,0.34948602,0.15299457,0.037583005,0.13833526,0.058849167,0.028233709
1.2.826.0.1.3680043.8.498.12153755823296803843819361055386265595,0.20153044,0.09642612,0.2934616,0.10339837,0.03627832,0.02972493,0.06124376,0.2548543,0.031045686,0.08604558,0.22939944,0.049635526
1.2.826.0.1.3680043.8.498.12154188739734505793699974626991872621,0.109345146,0.08563228,0.7068693,0.23855712,0.81011516,0.4939737,0.7541143,0.6751377,0.28696525,0.43566185,0.114451624,0.05115396
1.2.826.0.1.3680043.8.498.12158630368692962312115489365152319457,0.20906274,0.12712733,0.8461253,0.36229295,0.8069028,0.4840432,0.6949454,0.73784333,0.2928675,0.403724,0.1952786,0.056417756
1.2.826.0.1.3680043.8.498.12160065317167766993207036411434801297,0.068186164,0.05139857,0.54589254,0.12831572,0.65207446,0.3233862,0.6612046,0.5523527,0.14918128,0.33977377,0.086326204,0.03217404
1.2.826.0.1.3680043.8.498.12165893434332227221101266719291133169,0.6001927,0.29829264,0.5404198,0.39112562,0.089975074,0.070749484,0.06746968,0.53909,0.10276682,0.12762609,0.49966347,0.14967364
1.2.826.0.1.3680043.8.498.12166081590548185636776183599317715045,0.040850602,0.03714624,0.20953123,0.050673515,0.28202075,0.14439532,0.53726155,0.2367806,0.06033835,0.20773493,0.059019003,0.03115687
1.2.826.0.1.3680043.8.498.12166235678892893545054546864889743251,0.059571087,0.049074825,0.06726793,0.034142364,0.035948522,0.030747281,0.11906667,0.11015223,0.029861111,0.08612281,0.07319135,0.03367869
1.2.826.0.1.3680043.8.498.12168045829469202472124733625621943469,0.1629173,0.07067304,0.55925363,0.13445222,0.116159886,0.053691424,0.15795194,0.42006177,0.035602555,0.11373725,0.17445746,0.030132502
1.2.826.0.1.3680043.8.498.12170753305862973517190756418865414984,0.061065856,0.045405384,0.49216333,0.11205565,0.5104104,0.24998641,0.5025344,0.5481417,0.1129594,0.34553903,0.094750926,0.02914915
1.2.826.0.1.3680043.8.498.12171469604213841534511019872648327851,0.12760586,0.05700649,0.60751355,0.14416465,0.19133738,0.078322515,0.23688501,0.5103554,0.043451115,0.18079594,0.18165173,0.027752431
1.2.826.0.1.3680043.8.498.12171790864123519428649395041090102217,0.10811977,0.05087905,0.5662224,0.135251,0.24746874,0.09379477,0.29716456,0.53171635,0.053216696,0.16706587,0.12404919,0.021980342
1.2.826.0.1.3680043.8.498.12176466551281285838907773521868954581,0.055702303,0.042015254,0.40537208,0.08019452,0.5143277,0.26005352,0.63537055,0.34656626,0.07248547,0.28320143,0.072309904,0.029357119
1.2.826.0.1.3680043.8.498.12176469158911896593955662590695392044,0.060627498,0.05085392,0.4464269,0.11300906,0.6636236,0.36747625,0.69552815,0.46821252,0.15455982,0.37749758,0.078333035,0.039545834
1.2.826.0.1.3680043.8.498.12178921459424917661210327999672203211,0.10349705,0.057871964,0.6908193,0.15356493,0.44667137,0.1677053,0.48001423,0.55555516,0.07133702,0.2157517,0.11904803,0.026965527
1.2.826.0.1.3680043.8.498.12181591358572249491885248089245858515,0.19766293,0.17548542,0.8271811,0.42145553,0.9069784,0.7331443,0.8267555,0.7434156,0.6005573,0.5462292,0.1593175,0.105276376
1.2.826.0.1.3680043.8.498.12182309401920763498667366352681074302,0.07099886,0.039538737,0.31556132,0.06730788,0.10064447,0.047476683,0.1879319,0.36124974,0.030852318,0.13015364,0.11229963,0.021064661
1.2.826.0.1.3680043.8.498.12185615973620890770158935333033805789,0.06427302,0.053624004,0.0659333,0.036211535,0.032696903,0.030046042,0.106125794,0.107237,0.029844983,0.07835151,0.07510624,0.037441324
1.2.826.0.1.3680043.8.498.12186494601308291174548814564387764515,0.0599081,0.052918293,0.06285376,0.036690623,0.032686207,0.029764783,0.11985424,0.10897596,0.029933618,0.08219576,0.076456204,0.036902778
1.2.826.0.1.3680043.8.498.12189863023888657759738596583562992408,0.26092002,0.10412119,0.53573376,0.19768776,0.11621111,0.05569238,0.12280921,0.5079878,0.049950853,0.13505284,0.2599551,0.045452435
1.2.826.0.1.3680043.8.498.12192455583120681639582915365754780698,0.04386406,0.036814194,0.10858384,0.035531666,0.08100849,0.051407382,0.24501938,0.16867867,0.03190267,0.111857675,0.0615236,0.025244314
1.2.826.0.1.3680043.8.498.12195007606427082866449558290311905939,0.09690556,0.06635417,0.09207279,0.04838087,0.025855165,0.025153054,0.072982565,0.1301056,0.028041428,0.06739814,0.11088176,0.043785356
1.2.826.0.1.3680043.8.498.12195090472992304712555822541659656360,0.089959905,0.047036458,0.25038767,0.06752279,0.05453304,0.030675387,0.12690277,0.25546288,0.02319917,0.09273722,0.118123494,0.024306923
1.2.826.0.1.3680043.8.498.12200672323103829956274910258854933266,0.11461693,0.07559447,0.7535011,0.21360973,0.7123004,0.33924773,0.65826607,0.63628846,0.15576291,0.32128048,0.120054685,0.036657777
1.2.826.0.1.3680043.8.498.12201598444731259697380878112783653796,0.049532935,0.036097012,0.3294847,0.063611835,0.36986423,0.17968787,0.5382084,0.3004153,0.051016152,0.23276348,0.06902388,0.024937036
1.2.826.0.1.3680043.8.498.12202865491511254130359509254373393681,0.22016193,0.10110099,0.25194153,0.10407975,0.032533057,0.026620148,0.052699428,0.2374511,0.02936136,0.0730742,0.21336663,0.05206536
1.2.826.0.1.3680043.8.498.12207279366369605175255203969558548753,0.041549925,0.032986093,0.1307544,0.035590697,0.104561314,0.062670685,0.2880925,0.16068164,0.028221052,0.13264234,0.06552101,0.024171548
1.2.826.0.1.3680043.8.498.12208986088767216690584621773389997968,0.06644271,0.05628347,0.065214254,0.036715884,0.030885454,0.028720537,0.09602366,0.11022651,0.030562589,0.07525016,0.07906142,0.0390194
1.2.826.0.1.3680043.8.498.12215902620611618183321984433114460986,0.060041443,0.05365706,0.05828115,0.036133505,0.033427402,0.03088632,0.12219849,0.10390107,0.03104548,0.08284471,0.07571281,0.03802951
1.2.826.0.1.3680043.8.498.12219658385745696203053079500246399481,0.3504234,0.14531797,0.71398634,0.3174633,0.21389104,0.0961694,0.17428091,0.626864,0.084615715,0.1973016,0.37932718,0.07017499
1.2.826.0.1.3680043.8.498.12221892384948220776502422531414659289,0.09231004,0.045289997,0.42658275,0.09671977,0.1343859,0.057043307,0.21075761,0.41869584,0.034546908,0.14327146,0.12680846,0.022202179
1.2.826.0.1.3680043.8.498.12225975251304101975065271521710735735,0.40771946,0.16874194,0.37895143,0.19392413,0.052343365,0.040970974,0.057830866,0.35441086,0.049150616,0.08931377,0.32225227,0.07965105
1.2.826.0.1.3680043.8.498.12229628534316014336864328244217875465,0.05593057,0.04474182,0.07455627,0.03378494,0.037509937,0.032978866,0.12623215,0.10585482,0.027945206,0.08477605,0.07236365,0.032573964
1.2.826.0.1.3680043.8.498.12232127448545053821926845887026738988,0.06333539,0.040367387,0.3212035,0.06292433,0.14942911,0.076137796,0.30024657,0.29621533,0.035947524,0.13718808,0.079935856,0.022051174
1.2.826.0.1.3680043.8.498.12238753439953831519247789198174756615,0.606752,0.3188407,0.69583917,0.5108997,0.23075363,0.13986626,0.1482034,0.6775364,0.18333223,0.19708867,0.53547037,0.17678869
1.2.826.0.1.3680043.8.498.12238865510201989224648662550299925120,0.11667063,0.06605564,0.71236825,0.1919787,0.6357592,0.30606517,0.6195291,0.5960108,0.117247544,0.31791472,0.12704863,0.029683506
1.2.826.0.1.3680043.8.498.12241413500128553133597113709525575494,0.06297079,0.050740894,0.07448568,0.03731026,0.03337475,0.02929652,0.11050902,0.11865356,0.02804041,0.077725746,0.07530109,0.03330474
1.2.826.0.1.3680043.8.498.12242172267695588655664456078003635837,0.6684906,0.3741703,0.6405038,0.50030464,0.13778706,0.09860209,0.08766632,0.6167909,0.1561066,0.14657544,0.5730062,0.20131153
1.2.826.0.1.3680043.8.498.12243764506921404196245986681613075136,0.040454913,0.03278538,0.104692444,0.03376578,0.07848444,0.049018793,0.23381683,0.17092642,0.029856814,0.11629034,0.060366098,0.022860013
1.2.826.0.1.3680043.8.498.12245760386130805526409111049874664817,0.16833305,0.080576174,0.18327412,0.07814843,0.03136206,0.025758559,0.06117823,0.20948112,0.027465736,0.07055197,0.1585007,0.041851282
1.2.826.0.1.3680043.8.498.12246086238999179953298261549112671014,0.07961849,0.047234744,0.6169219,0.1254777,0.4985611,0.20058578,0.5534989,0.51126957,0.07223608,0.241651,0.09517451,0.025210513
1.2.826.0.1.3680043.8.498.12248983667596865960950671947508678392,0.045080252,0.03418053,0.13847822,0.03573449,0.07458711,0.043418556,0.20020418,0.16748719,0.025595153,0.096850134,0.06742085,0.022914127
1.2.826.0.1.3680043.8.498.12256365473385257798561212457071712327,0.04372874,0.03766683,0.26520583,0.059922986,0.3647096,0.18031879,0.5673998,0.29664364,0.071297646,0.22983979,0.056771565,0.028314821
1.2.826.0.1.3680043.8.498.12257119852150088212071954292747252243,0.15966721,0.07902442,0.2085811,0.07896188,0.030855684,0.024989067,0.05846971,0.20976712,0.026053255,0.070346765,0.16659698,0.040906936
1.2.826.0.1.3680043.8.498.12257484608743859456600273083454447341,0.50606847,0.21572185,0.5589669,0.3179341,0.08918246,0.05754349,0.07412054,0.52543753,0.06976763,0.109773695,0.41662315,0.093665816
1.2.826.0.1.3680043.8.498.12259896940707176389739553110492954399,0.15479824,0.088815995,0.13195027,0.06858163,0.025490899,0.02435686,0.054292582,0.17842473,0.030214839,0.068663865,0.15649408,0.048659906
1.2.826.0.1.3680043.8.498.12260661730837055872432103268905182876,0.21541835,0.12226553,0.8175141,0.3527244,0.6760384,0.31357184,0.5223505,0.7579765,0.24417515,0.3075029,0.19546126,0.049506553
1.2.826.0.1.3680043.8.498.12261175520056712414700866621816882336,0.2651335,0.16386133,0.8622466,0.3947599,0.71034855,0.34779158,0.564918,0.7427215,0.25666258,0.3264517,0.23037085,0.06523056
1.2.826.0.1.3680043.8.498.12264607993101717201407955391437731134,0.29369366,0.20573714,0.859937,0.51290256,0.84812987,0.58119196,0.6942342,0.8199838,0.5564405,0.44766355,0.24570253,0.099304765
1.2.826.0.1.3680043.8.498.12266054872802015665014176014323258615,0.19800264,0.10770481,0.7897041,0.32409176,0.59047,0.26732597,0.46105525,0.7438683,0.18707009,0.33668125,0.22018172,0.0499355
1.2.826.0.1.3680043.8.498.12266133889557145601371064833389800065,0.548871,0.27407825,0.5207645,0.33187956,0.079666995,0.059051782,0.06556259,0.4876165,0.08631105,0.108677,0.4486296,0.13276047
1.2.826.0.1.3680043.8.498.12266644932420958618394322959047940542,0.068306245,0.056124147,0.06858595,0.038149998,0.029919287,0.027897438,0.09332655,0.11623895,0.02947916,0.07581968,0.08109244,0.037308168
1.2.826.0.1.3680043.8.498.12267944258766605501055560486655358039,0.14237846,0.09210339,0.77443767,0.27349052,0.6841096,0.3360945,0.59617966,0.72541946,0.21432279,0.35072386,0.1490545,0.041781355
1.2.826.0.1.3680043.8.498.12271616365050313084031931009756086606,0.08173292,0.07353471,0.61687493,0.15075004,0.7416869,0.4735027,0.74314713,0.47782087,0.21823959,0.37622362,0.08246951,0.04889228
1.2.826.0.1.3680043.8.498.12273356591019341319494035708698721367,0.096128836,0.053371772,0.56541634,0.11434324,0.2563137,0.1076934,0.34705794,0.44483116,0.050734285,0.17518176,0.11069855,0.025217803
1.2.826.0.1.3680043.8.498.12273490180961458167930039242826008249,0.14282368,0.061016038,0.46134147,0.10308451,0.08404875,0.04694312,0.13822052,0.3097545,0.02938728,0.103510715,0.15398669,0.0279578
1.2.826.0.1.3680043.8.498.12274801503555668613400469130773239683,0.53987324,0.265061,0.4992259,0.3194298,0.072340705,0.056548193,0.06437585,0.47778353,0.08142081,0.10622965,0.4524294,0.13169841
1.2.826.0.1.3680043.8.498.12275265458583331749472987758046974406,0.07094023,0.05588204,0.0783663,0.04004299,0.029974723,0.026429622,0.08655053,0.11265083,0.027439153,0.073619165,0.085693076,0.037951972
1.2.826.0.1.3680043.8.498.12280407492991430179266369843997653205,0.119678594,0.053998742,0.26058036,0.066900395,0.044366814,0.032470103,0.09418914,0.19843344,0.023442557,0.080191195,0.12770405,0.028940314
1.2.826.0.1.3680043.8.498.12283662652762881783845275662580546217,0.08298365,0.055887178,0.09225197,0.04596229,0.02889753,0.02564143,0.06893607,0.15360342,0.027847286,0.0857203,0.11148894,0.036507696
1.2.826.0.1.3680043.8.498.12285177271228289867211553575739205132,0.20241961,0.08822121,0.33838913,0.1337806,0.07425565,0.044805583,0.09539711,0.3919597,0.04361818,0.11120057,0.21245222,0.04652348
1.2.826.0.1.3680043.8.498.12285469859900617016859868410323043734,0.1035867,0.0717848,0.09716311,0.050085146,0.025292797,0.025230302,0.06831424,0.13334155,0.028712342,0.0671755,0.11888028,0.04654033
1.2.826.0.1.3680043.8.498.12286894057773964720268768529280193085,0.0828389,0.06319902,0.072902575,0.042010736,0.026891502,0.026152102,0.078666896,0.12528017,0.029878026,0.0710462,0.09208577,0.039657786
1.2.826.0.1.3680043.8.498.12294073960417956629256115458135748872,0.041046012,0.033958882,0.13266198,0.03615227,0.12818226,0.075972706,0.33600324,0.16187844,0.03211514,0.14275889,0.06192339,0.0251727
1.2.826.0.1.3680043.8.498.12295284437770380354725533247473017729,0.059632435,0.05446761,0.42515442,0.095656715,0.6438068,0.36984447,0.7243594,0.36792812,0.14663231,0.3307452,0.06593925,0.043720268
1.2.826.0.1.3680043.8.498.12295443776523723913480216844110882937,0.61730075,0.3163337,0.5618321,0.39569554,0.09344788,0.07261105,0.07043095,0.5246076,0.107040465,0.12167837,0.48817965,0.14882834
1.2.826.0.1.3680043.8.498.12296624595750602443033689366743784387,0.10325747,0.05068977,0.35211283,0.09802258,0.09785027,0.04888473,0.12536307,0.43368515,0.036833543,0.15363863,0.16292125,0.027330602
1.2.826.0.1.3680043.8.498.12300749089664733313051543117302244508,0.20572285,0.13350931,0.8236526,0.38352096,0.7930987,0.45636687,0.65579444,0.78211766,0.3668789,0.40775546,0.1872865,0.062590905
1.2.826.0.1.3680043.8.498.12301945990161670321760708884248055936,0.31195295,0.13195316,0.4198801,0.17901948,0.060587585,0.040498298,0.070494145,0.4177502,0.04595358,0.10742618,0.3301827,0.06801802
1.2.826.0.1.3680043.8.498.12303161232396569915032951761728884199,0.06980344,0.04533205,0.5436712,0.114686444,0.44131958,0.18511787,0.50675327,0.53198516,0.082337245,0.26400244,0.0864119,0.023419427
1.2.826.0.1.3680043.8.498.12305281328019552390691110900015627668,0.5260507,0.23928897,0.5892511,0.36034122,0.11104564,0.072176635,0.086857,0.56765914,0.09065452,0.1441499,0.4699121,0.12676424
1.2.826.0.1.3680043.8.498.12305733049746414359748178404911549573,0.040875413,0.031959984,0.1475555,0.039096516,0.12625971,0.068038605,0.31465167,0.22555393,0.03496293,0.1359772,0.0588098,0.021458983
1.2.826.0.1.3680043.8.498.12307356432736970350794033171174403632,0.044037964,0.033767056,0.29023525,0.062034596,0.34890267,0.16110264,0.5134351,0.34236634,0.06135908,0.24261528,0.06690555,0.025471307
1.2.826.0.1.3680043.8.498.12308357850075929758995438211317707857,0.43018427,0.17568591,0.6208894,0.31351414,0.11900743,0.0659919,0.0927258,0.57127297,0.07024131,0.150684,0.41959766,0.0846001
1.2.826.0.1.3680043.8.498.12314729913655626716039376606973474150,0.115132436,0.062333975,0.6431078,0.1617229,0.3751735,0.14986698,0.39618617,0.5743864,0.08279449,0.19712284,0.118371345,0.02607515
1.2.826.0.1.3680043.8.498.12322760603170246518010233325038530097,0.14661098,0.08875907,0.73303074,0.21246062,0.4844858,0.20702025,0.45797116,0.61748064,0.12101737,0.2467863,0.15138336,0.037449833
1.2.826.0.1.3680043.8.498.12326930847104022196329390608780066947,0.069419,0.055532195,0.07553205,0.03893053,0.030709201,0.02647463,0.088971995,0.11189663,0.028046349,0.07283646,0.08339208,0.037786104
1.2.826.0.1.3680043.8.498.12328313245396930020974053819810033945,0.056937456,0.044861775,0.08037518,0.035464272,0.038271327,0.03207662,0.12835042,0.13032907,0.027408896,0.08437498,0.07162522,0.02805981
1.2.826.0.1.3680043.8.498.12331841096593105748526634055968654914,0.5923442,0.33230576,0.68369824,0.51711965,0.25951248,0.16406955,0.1826346,0.6717928,0.20863381,0.23074944,0.54825646,0.2100318
1.2.826.0.1.3680043.8.498.12332727488899501354972751168284397151,0.07620879,0.05527008,0.5733855,0.12497247,0.5350799,0.242928,0.58029914,0.51944625,0.10720682,0.2725325,0.08510723,0.028780827
1.2.826.0.1.3680043.8.498.12333996498811456012744466468462396081,0.059840687,0.050612457,0.06816644,0.034866586,0.03369696,0.030000066,0.112483725,0.10931397,0.028598174,0.080605246,0.07712761,0.03763912
1.2.826.0.1.3680043.8.498.12335573784261147388984372283481919933,0.09455765,0.050739873,0.24448301,0.062084313,0.04209462,0.029489772,0.09462299,0.22550419,0.023098182,0.08978556,0.1391332,0.027525693
1.2.826.0.1.3680043.8.498.12345064031074704673835101507426902246,0.41602176,0.17700094,0.4638868,0.22362341,0.053678438,0.04031651,0.05781421,0.389575,0.046540894,0.09485253,0.36778572,0.085212685
1.2.826.0.1.3680043.8.498.12347007036329783363431172840583325937,0.3062462,0.12881617,0.4043299,0.19157891,0.069516584,0.04279724,0.08458476,0.41218898,0.045589525,0.10894535,0.29930112,0.06484766
1.2.826.0.1.3680043.8.498.12348352904452887226227118450588511578,0.09241083,0.05910578,0.10993304,0.04892595,0.02842637,0.024263004,0.071413636,0.15608926,0.025609013,0.072068796,0.10870324,0.03493163
1.2.826.0.1.3680043.8.498.12348875283993064999589090039392140219,0.6008729,0.29619896,0.71838516,0.49562916,0.2034964,0.11556136,0.12993464,0.6736564,0.14962871,0.17569174,0.5220695,0.14661458
1.2.826.0.1.3680043.8.498.12348960754791091583201828167607825033,0.518273,0.24491692,0.5832839,0.32892394,0.087337755,0.058935035,0.075391844,0.54401594,0.081232235,0.12667313,0.48204383,0.12387778
1.2.826.0.1.3680043.8.498.12349656752404066719917550972333542508,0.15359285,0.095057175,0.78307164,0.2788737,0.7036745,0.35224006,0.63166475,0.72361076,0.21917395,0.3603233,0.16057032,0.046593655
1.2.826.0.1.3680043.8.498.12352132666379687393012255589355771387,0.2537663,0.13059904,0.58743656,0.2601746,0.24557333,0.12548685,0.24161611,0.6049531,0.116422884,0.24421576,0.3151584,0.07847322
1.2.826.0.1.3680043.8.498.12354685390005531691919754048141542648,0.3837053,0.17959395,0.8041077,0.43435413,0.43183014,0.18146738,0.28577322,0.74959815,0.18450277,0.22582969,0.34493148,0.07685913
1.2.826.0.1.3680043.8.498.12355011301785011370279005103251815187,0.24171576,0.09818612,0.33747575,0.13876572,0.057543863,0.035982914,0.07452005,0.37357333,0.036268625,0.09970551,0.23921047,0.0468481
1.2.826.0.1.3680043.8.498.12356611369549236159671896247094661767,0.043913983,0.03178978,0.20218721,0.050434165,0.17605768,0.08770206,0.35251287,0.2744754,0.03935053,0.1757082,0.07070734,0.022609983
1.2.826.0.1.3680043.8.498.12361144153852256276011948786791830435,0.12792401,0.058559056,0.5100832,0.12765479,0.13658425,0.05889486,0.19078203,0.47302103,0.039638516,0.14140546,0.15604202,0.026536945
1.2.826.0.1.3680043.8.498.12365033663152692616611548717152384269,0.11250796,0.06420805,0.14639382,0.059270762,0.029966488,0.025106732,0.073554195,0.1793666,0.025376983,0.07223572,0.12250945,0.03474098
1.2.826.0.1.3680043.8.498.12366238437963147962850341556508931973,0.07971279,0.04853909,0.14435416,0.047731083,0.038162272,0.029157558,0.106500454,0.17405498,0.023401849,0.07816581,0.09294751,0.025879359
1.2.826.0.1.3680043.8.498.12373923338033469765189220784089350380,0.044017825,0.037539244,0.10718598,0.035975557,0.0816036,0.05435837,0.25338578,0.15976462,0.033334095,0.11507557,0.06124146,0.025917234
1.2.826.0.1.3680043.8.498.12374183329974116022606010915169117790,0.16291545,0.092490576,0.77439904,0.23022293,0.4856667,0.18688582,0.45198363,0.6283873,0.10628032,0.22853272,0.16724478,0.036662336
1.2.826.0.1.3680043.8.498.12377852033407536077897684568488365785,0.15197381,0.0715935,0.30198893,0.089925736,0.04507382,0.027959596,0.08017082,0.31717545,0.02746987,0.088278316,0.19134519,0.0350455
1.2.826.0.1.3680043.8.498.12379570725733005682132316461218878636,0.111948684,0.06527704,0.5830281,0.1807837,0.4481092,0.21004766,0.45936632,0.6071623,0.11999952,0.3085642,0.1475592,0.03868357
1.2.826.0.1.3680043.8.498.12381325071746339154385415220972069782,0.05806384,0.045260333,0.07790647,0.03635714,0.03602408,0.029648738,0.119416885,0.1317774,0.027028438,0.07932755,0.074290596,0.02831045
1.2.826.0.1.3680043.8.498.12381909868368799280462187344958674397,0.16783747,0.068650715,0.5282294,0.12677288,0.10003354,0.04950357,0.13635711,0.3902495,0.033203766,0.1047302,0.16948085,0.029614585
1.2.826.0.1.3680043.8.498.12383716855639375235119728470042467411,0.06922193,0.04131121,0.15755522,0.04533252,0.04424722,0.02821611,0.11262006,0.17824364,0.020763548,0.07748198,0.09026063,0.023903072
1.2.826.0.1.3680043.8.498.12386255059403233724886571725482313876,0.037391543,0.031632837,0.1430337,0.039949775,0.15234339,0.08143078,0.38774583,0.19289547,0.039011262,0.15460986,0.057575535,0.02542816
1.2.826.0.1.3680043.8.498.12387075993162655781372091860026675548,0.34035522,0.16064261,0.853085,0.39732304,0.47248483,0.18070425,0.34129196,0.722115,0.1451612,0.22347848,0.30350277,0.061156586
1.2.826.0.1.3680043.8.498.12387241932914995417493041212958089910,0.051016614,0.045670133,0.33897492,0.07646503,0.46756968,0.2396393,0.6352808,0.34752524,0.09786243,0.27286705,0.06324304,0.033383764
1.2.826.0.1.3680043.8.498.12387667155732116394489547491673280062,0.6402754,0.33189288,0.5989938,0.43103606,0.106737755,0.07984864,0.07500043,0.55473965,0.11871027,0.12737142,0.5084987,0.1536342
1.2.826.0.1.3680043.8.498.12390186846317493876612228407734068726,0.1230507,0.07636813,0.10435518,0.058230042,0.02539016,0.024704523,0.060834877,0.16438912,0.029717976,0.06983075,0.13345765,0.043278456
1.2.826.0.1.3680043.8.498.12401147012438969595202076588471168894,0.04155614,0.03090065,0.17051466,0.041104034,0.15508266,0.08339013,0.3402207,0.20198718,0.03221801,0.153594,0.065670155,0.022779329
1.2.826.0.1.3680043.8.498.12406043058701411628555010402350032739,0.10464575,0.08903152,0.6917574,0.22863442,0.8253016,0.53152466,0.7659726,0.65452373,0.31791627,0.4499606,0.100262634,0.053976435
1.2.826.0.1.3680043.8.498.12408186961945791320086301369036829266,0.35079473,0.15346365,0.2936217,0.16944309,0.041273743,0.034868337,0.051833957,0.329831,0.0449019,0.08345346,0.28975293,0.07379144
1.2.826.0.1.3680043.8.498.12408314059030096510457440879771212020,0.053468052,0.04373132,0.077402115,0.033872135,0.041386772,0.03352792,0.13687597,0.116457775,0.025606256,0.08803097,0.07231339,0.029270396
1.2.826.0.1.3680043.8.498.12408933790879905193765468926022393696,0.10350548,0.0629869,0.15104893,0.05725788,0.028691322,0.025249325,0.06891254,0.16867095,0.025757005,0.078364104,0.13689582,0.03664593
1.2.826.0.1.3680043.8.498.12408945963789246646229147558387793270,0.053305116,0.033908356,0.1966767,0.055392843,0.10631105,0.057053015,0.23598363,0.27667272,0.032950968,0.130035,0.07746045,0.02131868
1.2.826.0.1.3680043.8.498.12411340904876460326022004747253138831,0.054708622,0.037417866,0.12956154,0.039739855,0.0525014,0.032446302,0.13607536,0.20313793,0.026122717,0.097313076,0.086596966,0.023218863
1.2.826.0.1.3680043.8.498.12411396124304166984011280826756258628,0.04633575,0.040352445,0.08450911,0.03245725,0.05214737,0.038735323,0.18212956,0.12746145,0.029240923,0.09397045,0.06432105,0.028288431
1.2.826.0.1.3680043.8.498.12414869188691502885668778427120766321,0.5048418,0.2899263,0.8216401,0.5783101,0.5887793,0.3142926,0.37858266,0.79741585,0.37639424,0.32090306,0.4462084,0.1566082
1.2.826.0.1.3680043.8.498.12426381920136706157912507136730458010,0.5022575,0.23154663,0.56368476,0.3494275,0.12391768,0.078364015,0.099172644,0.56854063,0.0960607,0.15545946,0.45631924,0.123444214
1.2.826.0.1.3680043.8.498.12431272351851438889289190308550697909,0.08515105,0.07382902,0.60284406,0.15776661,0.74417365,0.42841765,0.7164225,0.541744,0.21059988,0.3675616,0.083910555,0.04464503
1.2.826.0.1.3680043.8.498.12432974885645948103184031984290883090,0.34692708,0.17377451,0.8180404,0.43717498,0.5522297,0.24328153,0.3862858,0.7692803,0.24153663,0.26274872,0.31055254,0.073463246
1.2.826.0.1.3680043.8.498.12435506274406010562396858512839065232,0.12991051,0.08236747,0.7513244,0.2422182,0.7775393,0.4558899,0.72140926,0.64764154,0.20373537,0.3944819,0.13399413,0.04136813
1.2.826.0.1.3680043.8.498.12437154858167700438432674983971817217,0.11868922,0.087472774,0.7344344,0.25240108,0.7898222,0.46724758,0.7092022,0.7205756,0.31309786,0.40464476,0.11667236,0.045354307
1.2.826.0.1.3680043.8.498.12438369033802887819851319347622787876,0.19600005,0.15113756,0.836871,0.39677277,0.850434,0.5922209,0.75667757,0.7557,0.47829655,0.43494126,0.1596862,0.07278036
1.2.826.0.1.3680043.8.498.12438775479300781065075835270622538230,0.11143483,0.05528742,0.23968849,0.065163456,0.039413407,0.028099474,0.089788936,0.19636898,0.022416284,0.0746232,0.12811296,0.03134192
1.2.826.0.1.3680043.8.498.12448079646359892252441208258836556945,0.045315538,0.03816144,0.11264894,0.035002135,0.07646085,0.052295554,0.25637946,0.1439808,0.03256447,0.11527206,0.06690098,0.02867391
1.2.826.0.1.3680043.8.498.12450858400030959723767712312663176092,0.043371756,0.034939155,0.12609003,0.034481272,0.082197145,0.05255722,0.238889,0.16362469,0.031037167,0.10989379,0.060989615,0.024532424
1.2.826.0.1.3680043.8.498.12462498156569316578044317782899399656,0.26635197,0.18798018,0.8373356,0.42263898,0.77897364,0.46028128,0.62749183,0.7550361,0.40293482,0.37484947,0.20878303,0.08060933
1.2.826.0.1.3680043.8.498.12462703906850759490077163612851243080,0.073412225,0.04490553,0.106059924,0.045821734,0.03759272,0.027902573,0.08195901,0.20137312,0.026563479,0.09711143,0.10652685,0.028591704
1.2.826.0.1.3680043.8.498.12471165461877621368840037945454256612,0.06479116,0.05475743,0.06440413,0.03674659,0.03230963,0.03011218,0.105165005,0.11002331,0.030905524,0.07832201,0.074684255,0.03755705
1.2.826.0.1.3680043.8.498.12473533314363654795650919604551685896,0.10351345,0.087043285,0.6913333,0.22093475,0.78744835,0.49171,0.7431266,0.6358234,0.29329312,0.40433925,0.09788481,0.049257442
1.2.826.0.1.3680043.8.498.12473755232610784318190599222252893949,0.09622726,0.06510009,0.6665159,0.17039107,0.5828104,0.25937945,0.5731926,0.6162002,0.13610515,0.29771987,0.10317419,0.030614164
1.2.826.0.1.3680043.8.498.12481913908649439189738319460342358360,0.14729139,0.08006807,0.14890973,0.074355066,0.02993298,0.02566909,0.063717484,0.20114139,0.028508272,0.0736731,0.16038045,0.045118496
1.2.826.0.1.3680043.8.498.12482482491088588051076210158062455084,0.11091481,0.061063822,0.6860827,0.19146356,0.5064582,0.21812977,0.5009456,0.6181057,0.10403208,0.30407062,0.15500443,0.03485923
1.2.826.0.1.3680043.8.498.12484700311993345120015691857089576898,0.12203154,0.11064802,0.72698385,0.2804721,0.8698807,0.62582296,0.7993563,0.67995393,0.41563627,0.5017501,0.11055306,0.06869722
1.2.826.0.1.3680043.8.498.12487362549907644519947672428024977201,0.1470408,0.0757296,0.7451338,0.23863825,0.5179492,0.22073126,0.47566694,0.6616307,0.120751016,0.29987994,0.18781306,0.039367754
1.2.826.0.1.3680043.8.498.12489752598467506094826904655029553699,0.10583111,0.06850766,0.09555693,0.052144896,0.025963247,0.02535973,0.06767676,0.14454123,0.028760634,0.068772756,0.11012468,0.04056126
1.2.826.0.1.3680043.8.498.12490034912643658601552092574630438642,0.2023823,0.092372924,0.23147766,0.095872365,0.034193844,0.027628543,0.060206167,0.23420514,0.02936663,0.07214404,0.1797973,0.045068745
1.2.826.0.1.3680043.8.498.12491395125580387847235487841392723348,0.05657243,0.051615052,0.05977397,0.0349318,0.037666656,0.033613343,0.14705662,0.10273682,0.03169064,0.089589454,0.07336635,0.03715617
1.2.826.0.1.3680043.8.498.12491747080684524905643593142141672951,0.10456152,0.06213495,0.12883978,0.05713998,0.02921495,0.025411626,0.072440736,0.1812684,0.02569641,0.07389666,0.122187614,0.03458769
1.2.826.0.1.3680043.8.498.12491796764641306046176352066215240074,0.5858708,0.29374078,0.5255828,0.35473612,0.081665,0.06445171,0.067127265,0.48805225,0.09295037,0.11506476,0.46320257,0.13932197
1.2.826.0.1.3680043.8.498.12492431885298164225672926785397151525,0.05881146,0.033571657,0.32582057,0.05728479,0.128013,0.06364457,0.26139483,0.28619474,0.025597299,0.13470408,0.089244366,0.019089723
1.2.826.0.1.3680043.8.498.12497144849433082154223897356471317072,0.10996282,0.087953575,0.746957,0.2378083,0.78934884,0.49417087,0.76197094,0.6274412,0.2839027,0.3907607,0.10352203,0.047277104
1.2.826.0.1.3680043.8.498.12499208731138180053966892599139021038,0.3574345,0.16651817,0.40129286,0.18387005,0.051255085,0.042155,0.06948989,0.33327532,0.04854571,0.09254028,0.31980908,0.08110114
1.2.826.0.1.3680043.8.498.12501925425699863373513819814520995919,0.42573467,0.17230044,0.6338137,0.27498132,0.09167493,0.052183077,0.083670005,0.48737982,0.053660456,0.11093003,0.37331235,0.077108115
1.2.826.0.1.3680043.8.498.12505035424093604269515328931488770819,0.66596943,0.37957096,0.69377244,0.54052,0.19571432,0.12561321,0.11678354,0.66522765,0.18803753,0.16126093,0.56829613,0.19953825
1.2.826.0.1.3680043.8.498.12507957850103916926719601413279798696,0.08973484,0.056267064,0.11105703,0.05067677,0.030985571,0.025791997,0.080220185,0.16969925,0.025956225,0.07951806,0.11336594,0.034412432
1.2.826.0.1.3680043.8.498.12509825237087140646629745447753158673,0.17094044,0.07565797,0.37445065,0.1331295,0.08587789,0.04666005,0.09641137,0.44650856,0.042330556,0.14632346,0.23096304,0.039839424
1.2.826.0.1.3680043.8.498.12509944331769453135724043962410129357,0.17911221,0.06970021,0.5574742,0.14353764,0.09818928,0.046804328,0.12665045,0.44278127,0.033411987,0.12776557,0.22805785,0.032514263
1.2.826.0.1.3680043.8.498.12510856755988712246013743789183840748,0.054829046,0.046539813,0.07437218,0.03439629,0.042185493,0.035355892,0.15160497,0.12094955,0.029282438,0.08934865,0.06944677,0.030608008
1.2.826.0.1.3680043.8.498.12514357232100339485873453417784586592,0.08063246,0.05554884,0.59664893,0.12718895,0.48527318,0.21477805,0.5393044,0.52743745,0.09819893,0.25533023,0.09327966,0.027678417
1.2.826.0.1.3680043.8.498.12515322634403509077334846234426636136,0.07684144,0.06432,0.5701916,0.13909112,0.67290443,0.36572257,0.6810273,0.5229874,0.1667449,0.34559512,0.08295445,0.038641635
1.2.826.0.1.3680043.8.498.12518297594498173981937681848554641851,0.37531486,0.1474767,0.5249114,0.21839541,0.06452875,0.041272234,0.069487706,0.4190775,0.0412005,0.09950314,0.33815768,0.06955287
1.2.826.0.1.3680043.8.498.12520203592477518476890010185037272575,0.48559505,0.20180692,0.6320239,0.31445563,0.1011626,0.060295034,0.08188811,0.53788257,0.06789739,0.11249075,0.41008958,0.0887326
1.2.826.0.1.3680043.8.498.12522620957277632939731546099134770342,0.53180486,0.26176158,0.4778096,0.29844713,0.06709005,0.056616146,0.062118966,0.43755087,0.07900441,0.10629066,0.42748502,0.12883024
1.2.826.0.1.3680043.8.498.12523676732876902778577970655429060858,0.039221916,0.03219598,0.13207747,0.037693493,0.13465376,0.073521875,0.32841006,0.19957048,0.035797823,0.14886113,0.062142476,0.023941942
1.2.826.0.1.3680043.8.498.12525752631743097782762806859112218620,0.060856726,0.04727452,0.08038974,0.037087064,0.033683844,0.028881233,0.10927724,0.13453627,0.026811771,0.07870501,0.07744845,0.029693346
1.2.826.0.1.3680043.8.498.12526590714362529606046044104426807158,0.6384727,0.34064505,0.60557693,0.42883307,0.11008718,0.080618516,0.07633043,0.5591753,0.122934215,0.12555991,0.5080344,0.16087392
1.2.826.0.1.3680043.8.498.12526876471494728147635430816990398219,0.048759673,0.0334211,0.33243868,0.068729565,0.23479044,0.09867554,0.4052914,0.36785597,0.04553425,0.17829737,0.06871965,0.019493092
1.2.826.0.1.3680043.8.498.12531442175319757740745664049001806494,0.3123291,0.12076316,0.7084839,0.28285262,0.20688559,0.08428887,0.17075437,0.61922175,0.076647595,0.1430268,0.28119576,0.048220422
1.2.826.0.1.3680043.8.498.12533105585687352326867082376911240942,0.17391421,0.120521985,0.8145445,0.29703444,0.74172795,0.38361773,0.64522344,0.6919099,0.2310867,0.34936813,0.16021954,0.052942213
1.2.826.0.1.3680043.8.498.12534628800787651008876070514080610643,0.72831124,0.45139566,0.70582294,0.61757994,0.23411378,0.16586643,0.13483311,0.69427335,0.2634881,0.20631588,0.62996763,0.2662501
1.2.826.0.1.3680043.8.498.12547308734950397389859712060653254111,0.7190068,0.42961416,0.6459465,0.5541487,0.17152342,0.12932117,0.103221744,0.65597326,0.21426547,0.17856163,0.61396754,0.24736926
1.2.826.0.1.3680043.8.498.12548176380550230498070609559486512004,0.12891476,0.06922673,0.17871279,0.06581404,0.029672146,0.024602517,0.06507736,0.18013513,0.024789652,0.06862287,0.13929659,0.037803486
1.2.826.0.1.3680043.8.498.12552701911592685137269544109687472988,0.060217388,0.05314802,0.061420675,0.036396015,0.032588653,0.029741809,0.12063405,0.10672791,0.030518034,0.08275282,0.07644501,0.0374495
1.2.826.0.1.3680043.8.498.12553010776519233077752150342664160826,0.12640695,0.060627528,0.22014335,0.069125615,0.03678696,0.027918376,0.07619267,0.21532053,0.02240115,0.0809303,0.15505013,0.032500826
1.2.826.0.1.3680043.8.498.12553455350653672209409408595948190982,0.21404438,0.17088063,0.824341,0.44683686,0.88692665,0.6547272,0.7836118,0.78989714,0.56202185,0.5379972,0.19365267,0.10075167
1.2.826.0.1.3680043.8.498.12554824497579383319980187351290254727,0.2457279,0.10230569,0.7064437,0.21654043,0.17043583,0.06886401,0.17875192,0.5244035,0.051039312,0.13741012,0.24439856,0.040714253
1.2.826.0.1.3680043.8.498.12559687473583953266143897736224215680,0.05589944,0.048069857,0.0673668,0.03465705,0.03519898,0.030601656,0.12204063,0.112287894,0.028666234,0.08581407,0.074321456,0.033514414
1.2.826.0.1.3680043.8.498.12563940497360871791097093821926086616,0.10332269,0.050772432,0.47602662,0.103751905,0.14551716,0.063154094,0.22523353,0.42791048,0.035418447,0.13394214,0.11820678,0.02118379
1.2.826.0.1.3680043.8.498.12568337973304376222940287737691898395,0.04583585,0.035123907,0.26493543,0.05436817,0.310464,0.15413009,0.509737,0.25339293,0.045328766,0.21496248,0.06534366,0.025950572
1.2.826.0.1.3680043.8.498.12569762036474456642024618586300354737,0.060378116,0.050380215,0.066922024,0.03617617,0.03286034,0.029248593,0.111084335,0.11616808,0.028993804,0.08026261,0.07443647,0.03370128
1.2.826.0.1.3680043.8.498.12570576337098834311171883034999327454,0.052477945,0.043163646,0.076582074,0.03376541,0.04050261,0.033383917,0.13572861,0.11633993,0.027133958,0.08706789,0.07097585,0.029667784
1.2.826.0.1.3680043.8.498.12573518342767030025851169814440863785,0.16290443,0.14344865,0.8013868,0.35429674,0.8897714,0.6889276,0.82181746,0.6992326,0.5088536,0.510827,0.13433607,0.0860442
1.2.826.0.1.3680043.8.498.12574270269124650675934073761741661292,0.13015701,0.07172328,0.14254212,0.06578598,0.029346243,0.025427539,0.063492775,0.19498311,0.02866905,0.07653299,0.15197755,0.042158794
1.2.826.0.1.3680043.8.498.12576055921678075813718486704978381993,0.039067004,0.035278935,0.14300834,0.040572774,0.17285374,0.09527967,0.43555245,0.18206155,0.04544328,0.16756919,0.058496337,0.029953323
1.2.826.0.1.3680043.8.498.12577828789206467631166875572423539298,0.17234895,0.07695608,0.71336615,0.19004905,0.25634462,0.090958275,0.26640072,0.56651914,0.055758048,0.15427458,0.17938028,0.030145098
1.2.826.0.1.3680043.8.498.12579738538063674380235672702328412431,0.12538894,0.055509463,0.48464614,0.10055163,0.09935691,0.049074315,0.15761822,0.3562435,0.029655864,0.10605376,0.13985415,0.025311995
1.2.826.0.1.3680043.8.498.12580232188757225504172709417466515184,0.50549954,0.23215148,0.70905375,0.43016404,0.20170939,0.10600188,0.13364962,0.65798306,0.118780985,0.19486703,0.49396142,0.12343176
1.2.826.0.1.3680043.8.498.12583872770399266463538638801797827468,0.06300163,0.04715847,0.089578316,0.03729169,0.033444297,0.027875833,0.10289605,0.13238996,0.025509726,0.07784968,0.08036732,0.030013235
1.2.826.0.1.3680043.8.498.12598627296066406747921546933391681918,0.062382575,0.055795945,0.05861043,0.036745325,0.032326467,0.030330658,0.11665473,0.10396022,0.031422634,0.081578724,0.07699603,0.03946122
1.2.826.0.1.3680043.8.498.12606136253498337506682547306933254691,0.0733951,0.05872517,0.08282154,0.040750224,0.029595867,0.025968567,0.083888665,0.11507982,0.027684476,0.07134673,0.08859662,0.038046863
1.2.826.0.1.3680043.8.498.12606657226568558340797193167488111973,0.44615367,0.20214331,0.38393992,0.22295393,0.052231934,0.043729447,0.05759504,0.36978826,0.05715187,0.09220357,0.34434545,0.09333049
1.2.826.0.1.3680043.8.498.12607203615180268117341271176820357242,0.07099878,0.03998682,0.48030636,0.096321635,0.25031537,0.09997519,0.35355818,0.4654185,0.047001652,0.1886462,0.0944651,0.019724913
1.2.826.0.1.3680043.8.498.12607659092357834912029375690348886159,0.15335278,0.07996132,0.20516479,0.07896184,0.029151369,0.025826609,0.057369225,0.20994481,0.027333645,0.07942319,0.18834794,0.044301648
1.2.826.0.1.3680043.8.498.12607959449008110729566106776800628990,0.062934704,0.048143514,0.088129714,0.037167687,0.034488592,0.028353585,0.108400695,0.13057323,0.026716292,0.07869014,0.08071635,0.031085135
1.2.826.0.1.3680043.8.498.12614097867016983076979065551985251584,0.053155366,0.03496287,0.38211957,0.07901858,0.24938218,0.11339826,0.30079183,0.4731191,0.056973614,0.2308913,0.09680676,0.021447603
1.2.826.0.1.3680043.8.498.12616376042564380071463081913949255574,0.14851928,0.0787937,0.19830914,0.07577728,0.029346453,0.026012143,0.058951687,0.19566855,0.027643906,0.07672185,0.17521176,0.043684337
1.2.826.0.1.3680043.8.498.12619895582462244920124420363095282842,0.18175398,0.13231726,0.80890524,0.35280666,0.7924318,0.48705995,0.66161996,0.7476836,0.35373065,0.44590598,0.17165051,0.06482036
1.2.826.0.1.3680043.8.498.12620718517255799151283445360332799702,0.61578363,0.31921765,0.57498443,0.39790162,0.09205113,0.07308882,0.07134238,0.5268247,0.106539786,0.12296482,0.50038695,0.15614176
1.2.826.0.1.3680043.8.498.12625250919597111075072308824921101918,0.6267217,0.32005984,0.5297436,0.40754595,0.10004479,0.07640812,0.07032985,0.5671821,0.12033807,0.13396315,0.52168757,0.16667718
1.2.826.0.1.3680043.8.498.12626383124142146001532197239671686442,0.18445212,0.07624967,0.35627675,0.10342907,0.049800422,0.031783514,0.078366384,0.2972576,0.027390866,0.08211008,0.1816311,0.03546102
1.2.826.0.1.3680043.8.498.12629372332421954368597330267888483345,0.068875924,0.052619856,0.09249201,0.040217813,0.031233499,0.025458813,0.089439794,0.124296375,0.025157232,0.072243,0.086954676,0.033905488
1.2.826.0.1.3680043.8.498.12630423349626505319792444053874011718,0.31713802,0.124192685,0.59546846,0.20873317,0.09488242,0.05000577,0.09969991,0.4605807,0.04559609,0.10387724,0.28319526,0.052854154
1.2.826.0.1.3680043.8.498.12632084649033412400763943977604348172,0.5521424,0.2647399,0.50809026,0.33021736,0.076578245,0.058981452,0.0641705,0.4761557,0.08301033,0.10776354,0.43160912,0.12018997
1.2.826.0.1.3680043.8.498.12632129640405661298623288977632682289,0.25725788,0.09787159,0.66547596,0.20954654,0.12870434,0.057909805,0.12906799,0.5325537,0.04657568,0.13996083,0.29203063,0.04200588
1.2.826.0.1.3680043.8.498.12637591861595747322913829625646935491,0.3643516,0.13876927,0.7246516,0.28593346,0.14910214,0.06631809,0.13103804,0.5587053,0.056574702,0.13191482,0.3325767,0.057597525
1.2.826.0.1.3680043.8.498.12638205949145637289277744267473965719,0.61238074,0.37199178,0.8567324,0.6657737,0.5813489,0.31203446,0.34239486,0.8119926,0.40137976,0.29567552,0.53201526,0.18824078
1.2.826.0.1.3680043.8.498.12640439197386154384526090653248054582,0.055629175,0.044643868,0.07643121,0.035285477,0.037778113,0.028687268,0.119425766,0.14207645,0.02741196,0.089434594,0.08317809,0.029307922
1.2.826.0.1.3680043.8.498.12642641661988102031826128876502303807,0.2801832,0.11777047,0.39432982,0.14822926,0.04438925,0.031661488,0.058982678,0.31111366,0.03303398,0.08276871,0.265083,0.05592251
1.2.826.0.1.3680043.8.498.12644400073937544865441360809610886635,0.07269591,0.04250672,0.1569655,0.049918264,0.047449045,0.03131549,0.115952775,0.2145158,0.024026824,0.08988717,0.09499778,0.024031807
1.2.826.0.1.3680043.8.498.12647791319443598318497312837147189300,0.1137019,0.058866326,0.21704382,0.06676809,0.03838054,0.027495515,0.08358159,0.2360994,0.02497109,0.07384519,0.13087365,0.028348679
1.2.826.0.1.3680043.8.498.12653936535855858693516515692319733265,0.07756355,0.04375512,0.19773759,0.05321472,0.048073776,0.03037107,0.11551583,0.22842613,0.023226343,0.08435962,0.097258545,0.022516487
1.2.826.0.1.3680043.8.498.12655324218817524683138594937984186560,0.6247106,0.3204048,0.552724,0.39609075,0.091560535,0.07181053,0.06920704,0.52418524,0.10815174,0.12084108,0.49453685,0.15045398
1.2.826.0.1.3680043.8.498.12658572494577556884626613972035441625,0.28785357,0.16431722,0.8677335,0.44434696,0.7790788,0.4515295,0.64935875,0.7642481,0.31129643,0.38359398,0.25801137,0.07223688
1.2.826.0.1.3680043.8.498.12660901572462562819575002681831361427,0.30112904,0.12892127,0.41435534,0.1581269,0.047329318,0.034434594,0.061620805,0.3228941,0.035910297,0.08458327,0.27520016,0.06095084
1.2.826.0.1.3680043.8.498.12668708646283106269005674386248135220,0.057972714,0.045846906,0.40631968,0.085950635,0.5718376,0.30703235,0.6665535,0.3530257,0.08838053,0.30661643,0.0735656,0.032867793
1.2.826.0.1.3680043.8.498.12673561338227595483297605409292531492,0.1323703,0.08116619,0.10699968,0.060104452,0.024944324,0.024409091,0.0577561,0.15823224,0.030506855,0.06831102,0.13458501,0.046454154
1.2.826.0.1.3680043.8.498.12674069717230126880288353271062347095,0.07113819,0.05942469,0.067248695,0.038944785,0.029130619,0.027385969,0.08949807,0.11313543,0.030427448,0.07312924,0.08232832,0.039714906
1.2.826.0.1.3680043.8.498.12674930973831274527829261576087154644,0.20110922,0.07950063,0.5427976,0.14573531,0.08223163,0.039581094,0.10596984,0.4036839,0.030419754,0.09821717,0.2131753,0.035008382
1.2.826.0.1.3680043.8.498.12676359576477452816896379524598090410,0.058681745,0.04829155,0.0671795,0.03550409,0.034221306,0.029922143,0.11236011,0.11761209,0.028566664,0.083081394,0.0749101,0.03314151
1.2.826.0.1.3680043.8.498.12688954493547892047021455671738310186,0.2800899,0.12153435,0.33089766,0.13515183,0.038253505,0.030183278,0.05507313,0.28474337,0.032847535,0.07924953,0.25566384,0.05951215
1.2.826.0.1.3680043.8.498.12689874339887047433232628649886917274,0.077003926,0.06251373,0.06605841,0.040327676,0.027577013,0.02753019,0.082260825,0.11996384,0.031197486,0.07285011,0.086958006,0.040752366
1.2.826.0.1.3680043.8.498.12690080124553846006638565600585469969,0.048976984,0.033959553,0.13664186,0.039573263,0.0638886,0.039310988,0.18138339,0.19518521,0.025052043,0.103506476,0.06954891,0.020536102
1.2.826.0.1.3680043.8.498.12690803821768205116702487219908820630,0.24633247,0.1760339,0.82780546,0.40295774,0.76777685,0.44202223,0.63707876,0.73429465,0.3626065,0.36819315,0.19696471,0.0773401
1.2.826.0.1.3680043.8.498.12692579161952587215276483587686562922,0.06629682,0.05444081,0.07141555,0.037960656,0.032203805,0.027882831,0.09559422,0.106503546,0.028515715,0.07578935,0.07949718,0.037889156
1.2.826.0.1.3680043.8.498.12697859103448296208701081683487338111,0.11074442,0.05893952,0.19101745,0.06052985,0.034875326,0.025801225,0.080906585,0.2041187,0.023098022,0.077231936,0.12711269,0.031122506
1.2.826.0.1.3680043.8.498.12699751030439008569144814819343161608,0.08412974,0.0481908,0.14749913,0.052524272,0.040788162,0.028075434,0.097398214,0.20985812,0.023910556,0.0868145,0.10720968,0.026593884
1.2.826.0.1.3680043.8.498.12700591955254168977239658917260628326,0.27126992,0.13298322,0.18494675,0.11166235,0.030569809,0.02937,0.048887648,0.24371897,0.039907526,0.07694932,0.23231952,0.06754989
1.2.826.0.1.3680043.8.498.12700981063762577397919340901063297803,0.12015444,0.10386612,0.74238527,0.25734362,0.82901675,0.53606236,0.75243986,0.6763012,0.3402754,0.43028697,0.112031184,0.055660684
1.2.826.0.1.3680043.8.498.12701097867143790763644826659974337046,0.078667425,0.055105794,0.09126929,0.04151356,0.02913966,0.026937163,0.08600304,0.13202854,0.02693929,0.07237039,0.09018249,0.03383639
1.2.826.0.1.3680043.8.498.12704063145595847725421427571860589471,0.7038783,0.4221561,0.65289646,0.55799156,0.19195947,0.13886328,0.11499559,0.66488594,0.22522298,0.18416199,0.60934734,0.25068069
1.2.826.0.1.3680043.8.498.12709854414521475738435319009767427434,0.2449859,0.17458725,0.87022096,0.438781,0.8559687,0.55180955,0.7189761,0.7786078,0.424663,0.44274634,0.20427157,0.07841945
1.2.826.0.1.3680043.8.498.12715067947657150279232238280712066972,0.07601107,0.054622103,0.10763895,0.04491406,0.029214522,0.025788207,0.08021411,0.1430201,0.026373934,0.08008224,0.10547143,0.034113158
1.2.826.0.1.3680043.8.498.12715130507546263968763238702574191950,0.29895562,0.120448254,0.61645585,0.23645826,0.123225234,0.062386304,0.11953573,0.5318644,0.054827273,0.1519876,0.34190542,0.05838663
1.2.826.0.1.3680043.8.498.12715402081094788880283826571710131940,0.068412594,0.057934392,0.07240572,0.037671622,0.031433616,0.029898444,0.10712051,0.1079765,0.03082967,0.07716611,0.08274217,0.04232359
1.2.826.0.1.3680043.8.498.12717728703860353055063551162640833849,0.353008,0.21445298,0.8632894,0.531897,0.7613202,0.43573278,0.5757964,0.8142861,0.42546692,0.37886462,0.30908042,0.09948834
1.2.826.0.1.3680043.8.498.12718966639501121738042125605376714231,0.06624934,0.06412166,0.46318477,0.10547833,0.56308115,0.3132797,0.69048023,0.36393148,0.1321742,0.29485846,0.075324215,0.044151388
1.2.826.0.1.3680043.8.498.12719397512102459853075227679498459688,0.15354739,0.07723635,0.22578855,0.07803357,0.03218655,0.025282336,0.06241748,0.20461966,0.025491467,0.07109536,0.16173106,0.039956525
1.2.826.0.1.3680043.8.498.12719455674338091089495020475033082405,0.1035867,0.0717848,0.09716311,0.050085146,0.025292797,0.025230302,0.06831424,0.13334155,0.028712342,0.0671755,0.11888028,0.04654033
1.2.826.0.1.3680043.8.498.12724250000565012779853884787450109956,0.041175116,0.035904184,0.21936066,0.049946953,0.28431556,0.1402917,0.5003929,0.2695347,0.056793544,0.21197504,0.05811758,0.02704659
1.2.826.0.1.3680043.8.498.12725832336445568031849006413563892122,0.05971048,0.050795153,0.068288065,0.036027577,0.032720543,0.027738614,0.10579761,0.12818576,0.029264862,0.08336592,0.08335647,0.033891764
1.2.826.0.1.3680043.8.498.12727488524631885827798129418558343386,0.21470274,0.08580347,0.43609083,0.14833863,0.08002528,0.04256921,0.10159714,0.4240766,0.03697273,0.11602498,0.22473638,0.039352465
1.2.826.0.1.3680043.8.498.12728397615513347615111391662798012012,0.053167067,0.046438508,0.06464638,0.034682162,0.037634403,0.031844467,0.14495859,0.11157125,0.029187897,0.08745068,0.07181758,0.033062592
1.2.826.0.1.3680043.8.498.12731497178056855493473947157407264492,0.0709171,0.058862466,0.067318365,0.038615298,0.029906696,0.028633332,0.09371725,0.111130044,0.03090289,0.07503543,0.081626125,0.039966065
1.2.826.0.1.3680043.8.498.12748840878706905309050091576449488666,0.04812033,0.040986583,0.33661023,0.06951661,0.46604428,0.22722472,0.61289746,0.35019153,0.0855244,0.266025,0.060509842,0.030341467
1.2.826.0.1.3680043.8.498.12754381146006839341912662615844567067,0.052008662,0.04035868,0.08483708,0.034639187,0.041875094,0.032278888,0.13644877,0.1381197,0.02618299,0.0889059,0.07085099,0.026409889
1.2.826.0.1.3680043.8.498.12759704450656741777120047828560448622,0.12472502,0.06874979,0.14295198,0.064411215,0.028810494,0.024830393,0.065648265,0.20696226,0.02740396,0.074092254,0.14624906,0.037131175
1.2.826.0.1.3680043.8.498.12761906443846433581503942530016459978,0.05184004,0.03531606,0.15612267,0.04438567,0.07108823,0.039409775,0.16906062,0.24912223,0.02769965,0.11407222,0.08562918,0.021634698
1.2.826.0.1.3680043.8.498.12762076104929080571464647825161185643,0.04733946,0.037052732,0.2793985,0.066721745,0.36195228,0.17131813,0.49411651,0.3655335,0.074968025,0.25244194,0.07544753,0.028133456
1.2.826.0.1.3680043.8.498.12762900657007480138202359874575403361,0.14943303,0.092811346,0.7741902,0.27793542,0.6930625,0.338225,0.587633,0.72986305,0.23157285,0.34118935,0.14351852,0.04071173
1.2.826.0.1.3680043.8.498.12765434812409174436720333864278447770,0.10187999,0.050001964,0.3231375,0.08671373,0.074370466,0.037593603,0.14802647,0.31934887,0.02701132,0.10800782,0.12752247,0.024233315
1.2.826.0.1.3680043.8.498.12769221625850663248477857087347890908,0.16903567,0.078935474,0.2340536,0.09368337,0.040671054,0.02910864,0.07009561,0.2811744,0.029011093,0.08597481,0.18649253,0.04051835
1.2.826.0.1.3680043.8.498.12769887673556938425710414718385118283,0.4469788,0.1850237,0.5831283,0.30822074,0.11427864,0.06403625,0.095188536,0.5606564,0.07384295,0.13678126,0.39478552,0.086086184
1.2.826.0.1.3680043.8.498.12771448321084229688831202344007889535,0.061719082,0.050721146,0.06660317,0.03641945,0.032567102,0.029096082,0.104906574,0.11702106,0.0289234,0.080988415,0.077065006,0.034545984
1.2.826.0.1.3680043.8.498.12775050278338123442507219047972133270,0.22288525,0.115121156,0.8068531,0.28515333,0.46171102,0.17576084,0.40008745,0.6570371,0.113602914,0.22419176,0.2151194,0.044562135
1.2.826.0.1.3680043.8.498.12775105605170844918620305197829216665,0.2318493,0.14007814,0.84546155,0.34816265,0.6751297,0.3132198,0.5535107,0.7148091,0.20793651,0.30748966,0.21016534,0.057414755
1.2.826.0.1.3680043.8.498.12775769262869064592411499834441472333,0.12236748,0.05420583,0.34225148,0.08567915,0.060067087,0.03431332,0.10768034,0.31471515,0.024471728,0.09607653,0.14436504,0.025671385
1.2.826.0.1.3680043.8.498.12778920060586364664953350981285170949,0.05344694,0.039777093,0.40797812,0.09202388,0.49055448,0.22746024,0.5767546,0.46483997,0.10653547,0.27179247,0.072874784,0.027681366
1.2.826.0.1.3680043.8.498.12785377697188564760194569072434828180,0.20587456,0.14167069,0.83660424,0.34271082,0.7470817,0.38812825,0.6339849,0.7049997,0.2502087,0.35408163,0.1847299,0.062106084
1.2.826.0.1.3680043.8.498.12785620442256422697216192462703273802,0.1018645,0.059724726,0.11193281,0.05627828,0.030622818,0.02606988,0.065322325,0.19106999,0.027938806,0.08891552,0.13439439,0.038014643
1.2.826.0.1.3680043.8.498.12785792890626338008419452097492192088,0.046045154,0.036454674,0.1490591,0.04145747,0.12591441,0.07249346,0.32527477,0.217653,0.037870187,0.13896681,0.064007945,0.024808519
1.2.826.0.1.3680043.8.498.12790542912560396272981117250277568532,0.17530175,0.1332232,0.81904626,0.37308285,0.8446347,0.5598587,0.7219535,0.77848,0.44900233,0.45857963,0.15613058,0.06710883
1.2.826.0.1.3680043.8.498.12792431109288033212787919118858331455,0.22386943,0.08656223,0.46914813,0.14362597,0.06563287,0.03767922,0.08184099,0.3999884,0.03230287,0.109464675,0.26207045,0.04117319
1.2.826.0.1.3680043.8.498.12798419553759200632295966180228523212,0.14582944,0.0744759,0.2194174,0.07852363,0.031098641,0.025586152,0.059896164,0.22302635,0.026250608,0.08313695,0.18646155,0.04038183
1.2.826.0.1.3680043.8.498.12799849540231315910448269889175806934,0.27709162,0.1839177,0.87229997,0.43940318,0.7866724,0.4430824,0.6338668,0.76453894,0.3471181,0.37960964,0.23337711,0.076509826
1.2.826.0.1.3680043.8.498.12800130397185143653180509040746675358,0.25634256,0.124404125,0.8378861,0.3635145,0.65223396,0.31252843,0.53970784,0.7207945,0.18371055,0.31931198,0.24509533,0.05418719
1.2.826.0.1.3680043.8.498.12801308844398614687904447633432197492,0.1137452,0.062810004,0.6425556,0.18319891,0.3870666,0.16068543,0.33555347,0.6508349,0.10156908,0.2853438,0.16426428,0.031364866
1.2.826.0.1.3680043.8.498.12801643268939133682891906705186571010,0.07112965,0.045468602,0.5331906,0.122036055,0.46361813,0.2079369,0.5278737,0.5276845,0.09327362,0.28989398,0.097116046,0.028307648
1.2.826.0.1.3680043.8.498.12806792356922865929896103306611295151,0.05256343,0.046159767,0.08161342,0.034631915,0.053261597,0.043324985,0.19662488,0.11709161,0.033513773,0.103987165,0.07299282,0.035165086
1.2.826.0.1.3680043.8.498.12810074901642984174782853829149619043,0.060983796,0.052864127,0.063142076,0.0360036,0.032219764,0.029173909,0.10526513,0.11146486,0.030712591,0.0829445,0.079896346,0.03570963
1.2.826.0.1.3680043.8.498.12814598731776085957663058326979908652,0.06246399,0.0555244,0.05827318,0.03764914,0.032197125,0.02999658,0.11520834,0.104943305,0.031186435,0.08088816,0.07744777,0.039107483
1.2.826.0.1.3680043.8.498.12815132582382825980088023336277934996,0.069775626,0.050846633,0.08412704,0.041694183,0.030839734,0.02646927,0.07863646,0.15047458,0.027738517,0.09107166,0.10143335,0.03400966
1.2.826.0.1.3680043.8.498.12817753008281742621758605755308036035,0.10662598,0.051911533,0.3818959,0.08127401,0.07651568,0.041932642,0.14322226,0.2976115,0.027060714,0.10091332,0.12562382,0.024321996
1.2.826.0.1.3680043.8.498.12818010040786942613541254450332754046,0.073745504,0.038204856,0.33562818,0.06975056,0.100612015,0.048256952,0.19121571,0.340949,0.027052062,0.12188022,0.097273536,0.018450217
1.2.826.0.1.3680043.8.498.12819437506700585448407291050085063174,0.07390821,0.055487745,0.07921152,0.041952837,0.028438285,0.024708524,0.09360485,0.12959734,0.026312323,0.07585587,0.095668025,0.035940565
1.2.826.0.1.3680043.8.498.12820051821104182459960036809430047569,0.5854294,0.28569797,0.5244257,0.36132246,0.0797747,0.06331982,0.064602755,0.5179996,0.09269824,0.124916196,0.5008227,0.14697891
1.2.826.0.1.3680043.8.498.12824438254096860470348581093672563751,0.2580076,0.18346897,0.8547663,0.4750359,0.8508787,0.56639725,0.6991287,0.8097999,0.5096759,0.44783196,0.21898563,0.0876086
1.2.826.0.1.3680043.8.498.12826828527176716109949704557150950675,0.04611764,0.03689572,0.20736657,0.044365965,0.15186574,0.08516116,0.35529977,0.2229382,0.040071014,0.1463177,0.064761534,0.025609506
1.2.826.0.1.3680043.8.498.12827120140904847104302376671076396695,0.3157561,0.12744197,0.53049386,0.23178805,0.11437435,0.05861823,0.09491752,0.5543065,0.0620398,0.1536675,0.34416732,0.064041644
1.2.826.0.1.3680043.8.498.12831769902826114242555323443809541052,0.109534055,0.08044091,0.70955265,0.21762967,0.7149507,0.38109508,0.6680717,0.6540252,0.2322037,0.35066256,0.10467058,0.039653182
1.2.826.0.1.3680043.8.498.12836702174475748025129787471026627810,0.35536698,0.15177089,0.3113498,0.16722085,0.042288013,0.034647208,0.052291155,0.34664536,0.043362655,0.08456943,0.298122,0.07144017
1.2.826.0.1.3680043.8.498.12837030643153472711780894512565629507,0.6753352,0.37194613,0.7579694,0.57841283,0.23279317,0.13948423,0.13692445,0.7036653,0.19686468,0.1869131,0.5892602,0.1964393
1.2.826.0.1.3680043.8.498.12839498544183083639548298117995964432,0.052138202,0.03240199,0.24365152,0.051933542,0.11344009,0.055099227,0.24258633,0.2943242,0.028318692,0.13347806,0.074015826,0.017823603
1.2.826.0.1.3680043.8.498.12862782592303338109631225504988756108,0.17132771,0.094325155,0.17118283,0.07693244,0.026841698,0.026527144,0.06005843,0.1811551,0.030260997,0.06971355,0.17773017,0.053607117
1.2.826.0.1.3680043.8.498.12864336642218457767597053831458716404,0.06838749,0.059191715,0.06344477,0.036460735,0.031049585,0.030172678,0.10532306,0.10135376,0.031423192,0.077819206,0.080202125,0.042770304
1.2.826.0.1.3680043.8.498.12866937766198610064474201436305532400,0.06530544,0.054032885,0.06741742,0.036415473,0.03099392,0.0284606,0.09594759,0.11367003,0.029355396,0.0753402,0.07932536,0.037606824
1.2.826.0.1.3680043.8.498.12887544771002132349592859410979448655,0.18662246,0.089723706,0.23738195,0.09043653,0.031881433,0.02618805,0.057953436,0.21688943,0.02749149,0.071711436,0.18684061,0.045242723
1.2.826.0.1.3680043.8.498.12896740277483734090633132494285615502,0.09620289,0.0733788,0.6501141,0.15954258,0.6425602,0.32319692,0.62679446,0.5595249,0.1559792,0.31571093,0.097884834,0.037809253
1.2.826.0.1.3680043.8.498.12899995703999073968090810947564075608,0.13767509,0.106271006,0.7769966,0.2952299,0.8099895,0.49906185,0.71335787,0.73259,0.35078177,0.43312198,0.13020654,0.0544531
1.2.826.0.1.3680043.8.498.12904190317996738774518258536997285832,0.053973388,0.04468243,0.07398815,0.033952612,0.036959447,0.031120796,0.13190039,0.11960223,0.027565913,0.08557251,0.07478095,0.031202085
1.2.826.0.1.3680043.8.498.12907457183137517669505067507754394039,0.29701504,0.12693796,0.3617912,0.15179901,0.042461623,0.032678794,0.054016728,0.33029816,0.036615875,0.094295226,0.30698895,0.06339627
1.2.826.0.1.3680043.8.498.12912436233176216254115594260643600155,0.049324375,0.04482895,0.33518252,0.06708276,0.47461706,0.24941362,0.63542897,0.3126435,0.09515995,0.26822603,0.061353438,0.034854896
1.2.826.0.1.3680043.8.498.12914677763148740041755977075799271057,0.12403408,0.10804953,0.7482052,0.28629994,0.85042804,0.5878935,0.77995455,0.699138,0.40864515,0.45922077,0.11324354,0.062033407
1.2.826.0.1.3680043.8.498.12917504242141830416624247604384969664,0.0528465,0.04775445,0.371958,0.075820535,0.53248817,0.2889074,0.67134374,0.31555918,0.10762249,0.2845055,0.06259868,0.037868425
1.2.826.0.1.3680043.8.498.12919303621342250989179219420795277559,0.07277026,0.057484146,0.075391725,0.040600285,0.029884074,0.0278112,0.09094609,0.120930806,0.02895193,0.07638996,0.092236616,0.041095965
1.2.826.0.1.3680043.8.498.12929915324982999692857962099866616265,0.47640458,0.20911099,0.4298616,0.25720268,0.059804503,0.04650018,0.057002585,0.43250212,0.06124686,0.095496565,0.38043,0.09547365
1.2.826.0.1.3680043.8.498.12936296973456045538701035923586653502,0.6879699,0.42832956,0.78876853,0.661833,0.37835154,0.22944298,0.21585266,0.75639814,0.32462278,0.25342864,0.6219014,0.26127517
1.2.826.0.1.3680043.8.498.12938500386086171684983091332136233036,0.7197298,0.44745925,0.69208944,0.6029625,0.23587772,0.16958426,0.14152719,0.69481957,0.2656984,0.21734753,0.6308079,0.27847102
1.2.826.0.1.3680043.8.498.12942677240800343332600884989364651588,0.060575977,0.03508616,0.343252,0.06258584,0.13756832,0.058735486,0.2683113,0.31011105,0.027207524,0.122024015,0.08254717,0.0192484
1.2.826.0.1.3680043.8.498.12946163460972553911280889205685745877,0.097329594,0.057634227,0.55429584,0.12284911,0.3059572,0.13025878,0.38929304,0.48599353,0.06319645,0.19606107,0.107613035,0.025888763
1.2.826.0.1.3680043.8.498.12946789387115203718210904958275579544,0.045959502,0.032414317,0.30405858,0.06643826,0.2549899,0.11962575,0.32886603,0.42140856,0.055189792,0.24051651,0.08357837,0.0217993
1.2.826.0.1.3680043.8.498.12949322114105642048256996295428966924,0.041491725,0.030983578,0.18425359,0.047114573,0.13714428,0.07156176,0.32909366,0.245933,0.035110872,0.15300906,0.06509738,0.021135395
1.2.826.0.1.3680043.8.498.12950639892345812884896649629409199101,0.59794325,0.29399237,0.59791833,0.41034207,0.109861195,0.077017814,0.0790005,0.579096,0.10765308,0.13614115,0.5091049,0.14665703
1.2.826.0.1.3680043.8.498.12954163390367261226110152166469167935,0.4778359,0.22806756,0.63136774,0.37436032,0.15999359,0.09543363,0.12906462,0.58664393,0.11297005,0.15393505,0.45224902,0.12602873
1.2.826.0.1.3680043.8.498.12957252711278416684461267069498115130,0.1459346,0.08750197,0.6969164,0.25485384,0.61271083,0.29929626,0.5685496,0.6895014,0.19841458,0.35294786,0.17278896,0.048790056
1.2.826.0.1.3680043.8.498.12957752106697316015996777476239762111,0.053940747,0.044337306,0.075824544,0.033632617,0.040616807,0.033859584,0.13791488,0.11158471,0.02614685,0.0882428,0.072765246,0.03013886
1.2.826.0.1.3680043.8.498.12958999546496283565938189274771483491,0.2696621,0.12202425,0.35747075,0.15132645,0.04990088,0.03349942,0.06456499,0.38963488,0.040901203,0.09892846,0.30104968,0.059870616
1.2.826.0.1.3680043.8.498.12961116776122838195555132309258963046,0.060785633,0.0356342,0.44688296,0.079047695,0.2665444,0.10220112,0.39199066,0.38775715,0.039002694,0.16210848,0.07982948,0.019602958
1.2.826.0.1.3680043.8.498.12965787822216495014894819598440431626,0.40575558,0.19207175,0.3506795,0.20090522,0.04893292,0.039520618,0.055453982,0.35692626,0.05539647,0.08783203,0.33289853,0.09522236
1.2.826.0.1.3680043.8.498.12968535455086298222684461157825070395,0.7223687,0.4295655,0.6498432,0.5573749,0.18246722,0.13234496,0.105273694,0.6634333,0.22388244,0.17647523,0.6052059,0.24178562
1.2.826.0.1.3680043.8.498.12970315889871740202726744767179863179,0.10324319,0.054800425,0.53694236,0.14430483,0.25849596,0.10864709,0.25090808,0.5825893,0.06951968,0.24337149,0.16151778,0.029120725
1.2.826.0.1.3680043.8.498.12978172997053500029791786614906570285,0.18465468,0.07505591,0.6957454,0.1919169,0.1994258,0.078062505,0.21100293,0.5560651,0.04890065,0.17001082,0.23169407,0.03291527
1.2.826.0.1.3680043.8.498.12978510157202852202776899910529174803,0.09906477,0.050439537,0.22150882,0.062258672,0.039455578,0.027100407,0.08346743,0.2306464,0.022439023,0.08808765,0.14010131,0.028326087
1.2.826.0.1.3680043.8.498.12980448935316870673341494036873313299,0.093852766,0.084011815,0.6451803,0.18612851,0.81070006,0.5668725,0.788118,0.520327,0.2912715,0.4279537,0.08802824,0.058377534
1.2.826.0.1.3680043.8.498.12981413356524881858859912294078498486,0.63956016,0.3282892,0.60810995,0.4424494,0.11202039,0.07954626,0.07747954,0.58900404,0.120940626,0.13005313,0.5278385,0.15652597
1.2.826.0.1.3680043.8.498.12982826264059547618124186257414818172,0.13455695,0.079691954,0.17014524,0.06948177,0.029273868,0.02754884,0.06495771,0.1759379,0.030075254,0.07907372,0.15988506,0.045810018
1.2.826.0.1.3680043.8.498.12985683732818911488433522743768046254,0.15583159,0.08674535,0.18145837,0.07664782,0.02813327,0.026509099,0.05750889,0.18765832,0.03025346,0.0782611,0.18023778,0.04778145
1.2.826.0.1.3680043.8.498.12986028147682493711912242081052787346,0.072810024,0.056251645,0.08518267,0.04059736,0.029609937,0.025498232,0.08285961,0.11897522,0.026945092,0.07088504,0.08966024,0.037301067
1.2.826.0.1.3680043.8.498.12986517636774565418070546261705439006,0.12346053,0.07166071,0.7346315,0.2103724,0.6864903,0.35056508,0.66460776,0.6192022,0.13791469,0.35536394,0.13700996,0.03567782
1.2.826.0.1.3680043.8.498.12987428318535758055829100395092244687,0.08788479,0.04280278,0.36706832,0.08469047,0.122571714,0.053938445,0.19841805,0.40177512,0.032885298,0.12454509,0.10829686,0.020277735
1.2.826.0.1.3680043.8.498.12992013816638129896738209015383985569,0.7145397,0.4060011,0.7443068,0.5658861,0.19620027,0.13376386,0.122658245,0.65514445,0.18595675,0.1838689,0.63248044,0.215955
1.2.826.0.1.3680043.8.498.13003520962744192762179786723724282013,0.06629682,0.05444081,0.07141555,0.037960656,0.032203805,0.027882831,0.09559422,0.106503546,0.028515715,0.07578935,0.07949718,0.037889156
1.2.826.0.1.3680043.8.498.13004048880335015585285100185910148808,0.07512159,0.061031297,0.0688678,0.039141774,0.02844438,0.027789226,0.088380076,0.11563489,0.030664902,0.072758496,0.08403814,0.039330143
1.2.826.0.1.3680043.8.498.13009271274636013067662786774946029285,0.17543739,0.07203124,0.4494675,0.12114333,0.06222102,0.035827074,0.08936109,0.3683429,0.028574316,0.10744045,0.22800602,0.034985434
1.2.826.0.1.3680043.8.498.13015502057686077045104167339480215528,0.04731444,0.03977488,0.33953172,0.07214155,0.46339664,0.2192449,0.5968876,0.36959112,0.08460943,0.27017197,0.06208438,0.028113391
1.2.826.0.1.3680043.8.498.13016684730504329799460698013153308088,0.06683992,0.058126073,0.06261618,0.03613703,0.03125792,0.03021882,0.10548545,0.10119887,0.031138483,0.077406265,0.07960666,0.042205013
1.2.826.0.1.3680043.8.498.13017199074506191657941905498813292773,0.18510506,0.078256585,0.2549395,0.10487417,0.045975126,0.031469803,0.061096985,0.3208438,0.032308392,0.1049215,0.22185908,0.044104733
1.2.826.0.1.3680043.8.498.13022266764623819477228425331705640702,0.36310145,0.23921828,0.8560783,0.54178846,0.7954831,0.49241635,0.59258324,0.8283579,0.5220104,0.41192302,0.31467086,0.116950884
1.2.826.0.1.3680043.8.498.13022585036130454941964190427558363602,0.5821406,0.28293455,0.46863183,0.33763465,0.07455158,0.060446315,0.060015675,0.5036165,0.09349443,0.11595893,0.4708611,0.13908705
1.2.826.0.1.3680043.8.498.13024250150960117282590397343184827466,0.2588193,0.14164162,0.8349089,0.4020678,0.65082353,0.30739468,0.4914438,0.7762709,0.2557803,0.30856228,0.23812793,0.058943693
1.2.826.0.1.3680043.8.498.13024625496981667037628275235696732200,0.04800773,0.03446671,0.37340927,0.07546539,0.37795013,0.1653996,0.5062952,0.41620183,0.06645598,0.24619655,0.06848735,0.02224632
1.2.826.0.1.3680043.8.498.13026024768908635083636086393662414870,0.114273384,0.06225756,0.57796866,0.13663249,0.28990278,0.11478815,0.3443336,0.5128629,0.062774576,0.17349039,0.11789363,0.026405161
1.2.826.0.1.3680043.8.498.13026463185033527579856819607371375594,0.064110234,0.06020246,0.46492806,0.104145415,0.65925866,0.40252793,0.73421,0.3685332,0.16067855,0.34113094,0.06940058,0.04661569
1.2.826.0.1.3680043.8.498.13027024577729659065187419038453181852,0.04310434,0.033289168,0.17847015,0.04157995,0.1686685,0.092992015,0.3844264,0.19529434,0.03332753,0.16115603,0.06480968,0.024235176
1.2.826.0.1.3680043.8.498.13027502247317650159940595684214701589,0.24608888,0.18120094,0.8340138,0.46434012,0.8553735,0.5967515,0.7129804,0.81038827,0.55952346,0.48339027,0.2178913,0.09658696
1.2.826.0.1.3680043.8.498.13028226019192925363616760332442456953,0.22609843,0.18074995,0.83646005,0.46038052,0.87754923,0.64063686,0.7517108,0.8079043,0.5721722,0.50858396,0.20243768,0.099847294
1.2.826.0.1.3680043.8.498.13030662056306690969977140713179461363,0.25188136,0.13480103,0.8353786,0.38674274,0.71824646,0.38384786,0.60037553,0.74060595,0.23442642,0.37438458,0.24858111,0.06341684
1.2.826.0.1.3680043.8.498.13034169434311535671044673510644711229,0.10989417,0.07233452,0.7254954,0.20661698,0.74634147,0.41584805,0.7135195,0.60524136,0.17091934,0.37965196,0.11876859,0.038132682
1.2.826.0.1.3680043.8.498.13035632998746261521316395720102873141,0.37427482,0.15655972,0.4798496,0.21061575,0.057035446,0.040911406,0.06060994,0.41344732,0.04548182,0.10692651,0.37704134,0.07704263
1.2.826.0.1.3680043.8.498.13042847643086819857036458569632034999,0.06473624,0.055848468,0.06582798,0.03674407,0.03279148,0.030831853,0.11029168,0.106637344,0.03163092,0.08326284,0.07886591,0.037495084
1.2.826.0.1.3680043.8.498.13054766954092919774634499780241210835,0.056353904,0.03560122,0.44964725,0.08197896,0.33653286,0.13538522,0.45916408,0.40572172,0.049278807,0.2015442,0.07893197,0.022237305
1.2.826.0.1.3680043.8.498.13062438493893996542058869514390908492,0.28490824,0.19693093,0.8817112,0.47111988,0.83300215,0.5153272,0.6783258,0.7840928,0.41130346,0.41851485,0.23542735,0.08411518
1.2.826.0.1.3680043.8.498.13062978180647549151946243290102173508,0.054605514,0.0375233,0.38958964,0.079431854,0.4225443,0.2043835,0.5522108,0.35334826,0.059526015,0.2556829,0.07828624,0.025512991
1.2.826.0.1.3680043.8.498.13065120731888368919957856813755701101,0.042987447,0.033753343,0.28683805,0.05486396,0.31451288,0.1415142,0.49716008,0.30769187,0.055560935,0.19631563,0.05818699,0.0236923
1.2.826.0.1.3680043.8.498.13068696303639759696458130704554709416,0.09510038,0.056005925,0.63946337,0.14953844,0.44000837,0.16899048,0.45999694,0.6024045,0.08960179,0.23534238,0.11286593,0.0252218
1.2.826.0.1.3680043.8.498.13069081594164738319108129224400751974,0.06682379,0.054474663,0.089126274,0.039981686,0.031983916,0.029107079,0.096534066,0.12186414,0.029429981,0.082907565,0.090589575,0.036259435
1.2.826.0.1.3680043.8.498.13072908567275370866813748886351904593,0.083537735,0.0703133,0.61772615,0.1617021,0.7332635,0.40395126,0.70699763,0.5598154,0.19266245,0.35198945,0.08318599,0.041398987
1.2.826.0.1.3680043.8.498.13073387272228394257811861905056479438,0.075005636,0.04943615,0.09274898,0.044269398,0.031505384,0.026678244,0.07549951,0.16675937,0.026746804,0.08934729,0.10404607,0.031965666
1.2.826.0.1.3680043.8.498.13077357855769903335728068420884303993,0.1551686,0.081905104,0.19182959,0.07579792,0.028864458,0.024783673,0.057299152,0.18939613,0.026764734,0.068649955,0.1647521,0.044140603
1.2.826.0.1.3680043.8.498.13078009378379325641560321462188164769,0.16189362,0.07154896,0.25104877,0.09513155,0.042812414,0.029492201,0.061609104,0.3093444,0.030212019,0.10320459,0.20486647,0.039506696
1.2.826.0.1.3680043.8.498.13078551660783737720660607567713996703,0.083723925,0.046334706,0.4918567,0.12027754,0.30040944,0.12141406,0.3747458,0.519308,0.06342015,0.21970326,0.10666681,0.023312697
1.2.826.0.1.3680043.8.498.13078834627392793401892111941627273421,0.05127177,0.042408194,0.10618599,0.035738204,0.05793137,0.04313574,0.20571607,0.13388564,0.030568227,0.10095264,0.07231109,0.030410614
1.2.826.0.1.3680043.8.498.13079170182386765602129976624023222742,0.668207,0.36690226,0.7321942,0.5542756,0.2254895,0.13674425,0.130926,0.68360275,0.19353136,0.17168936,0.56027436,0.18664946
1.2.826.0.1.3680043.8.498.13086260989634665810181105278930088749,0.22481778,0.084020995,0.561745,0.1687182,0.12755811,0.05999129,0.15346237,0.44695607,0.037853852,0.14329933,0.24123035,0.037576623
1.2.826.0.1.3680043.8.498.13087770868099843948960419968576882974,0.065243326,0.04175961,0.5123807,0.103171766,0.39426294,0.15839367,0.47987267,0.5058679,0.07064037,0.23348364,0.08190007,0.02155349
1.2.826.0.1.3680043.8.498.13088550794087945662322609097092458487,0.22762813,0.1070741,0.25259024,0.10602167,0.032894865,0.027419467,0.05308262,0.23555338,0.030684046,0.07346068,0.21368216,0.053526726
1.2.826.0.1.3680043.8.498.13092094949394905924922534008771583745,0.06808963,0.062236782,0.49412793,0.11103199,0.6710621,0.41283965,0.736193,0.38593155,0.16880286,0.34610012,0.071604304,0.047326613
1.2.826.0.1.3680043.8.498.13093528938282977263747792690249036456,0.05566128,0.045543887,0.06929782,0.034925338,0.036668673,0.030800158,0.12089501,0.123406135,0.027978873,0.08564572,0.07321898,0.03096928
1.2.826.0.1.3680043.8.498.13093751810869039645959119469231437894,0.09616374,0.082454376,0.6738384,0.20306584,0.7677192,0.4588878,0.7189101,0.63258624,0.25994107,0.41444054,0.098415576,0.04703474
1.2.826.0.1.3680043.8.498.13096288495834275184930201615129174987,0.56533545,0.25628898,0.76869154,0.44609758,0.17953494,0.09324394,0.12052351,0.6340893,0.1062377,0.15010661,0.48726,0.11750291
1.2.826.0.1.3680043.8.498.13099702881219862576749493772702888064,0.11220203,0.061517343,0.5640781,0.16259712,0.375877,0.15967694,0.41021913,0.5953924,0.09707809,0.26795354,0.15294431,0.0345184
1.2.826.0.1.3680043.8.498.13102058401501684064017656674827527261,0.06522452,0.05463054,0.066566244,0.036320742,0.031411495,0.028588578,0.09711241,0.11012964,0.030013552,0.07518383,0.07835386,0.038564716
1.2.826.0.1.3680043.8.498.13103513835731355705707295729643672786,0.06813019,0.03845472,0.31638685,0.07032411,0.11213667,0.05490641,0.22340351,0.33328348,0.029961964,0.1404882,0.104241125,0.02139041
1.2.826.0.1.3680043.8.498.13108275880471592702987713766776683590,0.06473737,0.05182892,0.06709381,0.037676286,0.031984705,0.029415065,0.086788945,0.122737825,0.030147878,0.08887806,0.08547633,0.036471765
1.2.826.0.1.3680043.8.498.13113623966675790946816351311283701141,0.17754163,0.11365582,0.8214976,0.3218275,0.8043349,0.48102322,0.72042626,0.6987334,0.26347554,0.4048686,0.16599518,0.052236464
1.2.826.0.1.3680043.8.498.13114228294359876639109410575915394712,0.049322598,0.038510125,0.3974416,0.0907941,0.4658461,0.23820706,0.4941401,0.47475493,0.09561237,0.32173863,0.0816799,0.027646245
1.2.826.0.1.3680043.8.498.13114693814781737495494700902699619138,0.6060805,0.35020542,0.8366497,0.6187857,0.45545942,0.23353188,0.27607527,0.7655366,0.29533806,0.24448049,0.5436109,0.18931545
1.2.826.0.1.3680043.8.498.13116941594523500503401720636978356127,0.37499386,0.24408847,0.89306045,0.5652648,0.8606086,0.5826091,0.70182216,0.8146368,0.49820337,0.4599351,0.3174291,0.11436911
1.2.826.0.1.3680043.8.498.13118325043138522704531128725514354285,0.6962032,0.39386413,0.80072254,0.6052592,0.2918301,0.17653282,0.18127888,0.6989227,0.22001618,0.22200274,0.6298605,0.21562372
1.2.826.0.1.3680043.8.498.13118532243906060645114391749986421707,0.057016216,0.048582207,0.0685839,0.0324289,0.0368862,0.032272663,0.12980942,0.10513545,0.029932737,0.08154729,0.07346626,0.03639676
1.2.826.0.1.3680043.8.498.13125910783461518266627225743585018143,0.042509537,0.035054848,0.122249566,0.03479764,0.08896563,0.05531538,0.2654092,0.16819653,0.03154466,0.11599046,0.060575377,0.02477785
1.2.826.0.1.3680043.8.498.13126070481622692281046898445918832841,0.22416453,0.09323799,0.36411065,0.13173828,0.05986622,0.037626375,0.08360011,0.36191344,0.034895938,0.10143148,0.23095423,0.044316065
1.2.826.0.1.3680043.8.498.13126380916005729420163981055214890048,0.4595882,0.24128991,0.7214392,0.46583667,0.35129803,0.17963283,0.25543213,0.69664633,0.19901638,0.25552908,0.44425705,0.14214753
1.2.826.0.1.3680043.8.498.13128352910661672966143173193241171100,0.0955816,0.048377063,0.37100223,0.08051412,0.09171453,0.045079544,0.16998105,0.34769613,0.028817946,0.10445776,0.111707054,0.02117116
1.2.826.0.1.3680043.8.498.13128506994126383651503283021834372142,0.16033117,0.13901046,0.7986798,0.3410336,0.8858357,0.6828965,0.81440157,0.69112957,0.49692282,0.49946824,0.1299688,0.08354053
1.2.826.0.1.3680043.8.498.13129258242739880102472095242703169773,0.06642785,0.039834756,0.38378614,0.085678026,0.23048533,0.099365704,0.334508,0.45464265,0.05375148,0.19395958,0.103167176,0.023009446
1.2.826.0.1.3680043.8.498.13130534736322715018024786213131944607,0.058416307,0.048015658,0.06750449,0.035434134,0.034484614,0.029958647,0.11245176,0.11895336,0.028535983,0.08307893,0.074797876,0.0327854
1.2.826.0.1.3680043.8.498.13131420451380633781538717117200087258,0.072126135,0.058221437,0.08041615,0.04014412,0.029963683,0.026265232,0.08549567,0.11293082,0.028019693,0.072012,0.0870981,0.03834336
1.2.826.0.1.3680043.8.498.13133755791254469039849289186598412660,0.058698643,0.052069105,0.05939888,0.03551705,0.034420807,0.03126229,0.12709178,0.10345467,0.03105113,0.08385497,0.0741261,0.037731946
1.2.826.0.1.3680043.8.498.13135567399913958681613600650440761032,0.06901325,0.05617351,0.06820379,0.039016556,0.030011497,0.028236443,0.097475894,0.11573542,0.029427318,0.075674795,0.07962886,0.03614155
1.2.826.0.1.3680043.8.498.13136367866260644484250529322937554927,0.047596335,0.03237716,0.17084606,0.042347662,0.092881925,0.051192757,0.24511974,0.22063175,0.02809271,0.1112737,0.06499175,0.020196402
1.2.826.0.1.3680043.8.498.13136392756016978765204420377500607545,0.43491432,0.18079428,0.7655527,0.3748039,0.19796765,0.09269022,0.15256783,0.63856876,0.0881431,0.17539218,0.4385969,0.084111094
1.2.826.0.1.3680043.8.498.13137510961466386836387239510287919268,0.053788014,0.043543577,0.07792133,0.034771103,0.04122184,0.033410154,0.14420016,0.124818824,0.027840951,0.084991634,0.06709235,0.029129833
1.2.826.0.1.3680043.8.498.13137549927896953291645459480590055925,0.073175736,0.055973675,0.08426459,0.041264262,0.028063051,0.02479408,0.08532396,0.1404793,0.027236205,0.07588964,0.0987791,0.035308752
1.2.826.0.1.3680043.8.498.13139684164906828131777150061532685584,0.07207879,0.05749625,0.06847046,0.039501343,0.028712109,0.027334865,0.089115456,0.124031566,0.029525636,0.075172305,0.084490515,0.03669268
1.2.826.0.1.3680043.8.498.13143446880514535170343243531129864116,0.3070265,0.1219688,0.6932398,0.242905,0.13423617,0.058596503,0.12862164,0.5270529,0.05064485,0.120855205,0.2925912,0.04937397
1.2.826.0.1.3680043.8.498.13146466304138609448483938844487385775,0.055019476,0.047329642,0.4224992,0.09405657,0.53949815,0.27021387,0.65524805,0.40879682,0.11130416,0.29194385,0.06623633,0.03189493
1.2.826.0.1.3680043.8.498.13147249459968468500804358644901642270,0.067684904,0.062064514,0.488631,0.109613806,0.6673856,0.41116646,0.7348763,0.3832543,0.16769548,0.34402832,0.0717306,0.047558285
1.2.826.0.1.3680043.8.498.13148805278538458401210722493048566510,0.64292717,0.37716582,0.71956253,0.5734554,0.30603415,0.19409496,0.19390282,0.70223504,0.2552189,0.24921414,0.5902735,0.24821152
1.2.826.0.1.3680043.8.498.13150780733560495803861509587935093776,0.088378884,0.06005045,0.6701168,0.15529642,0.5921281,0.2705974,0.58227015,0.58106536,0.12633912,0.28268206,0.09786388,0.029624932
1.2.826.0.1.3680043.8.498.13150794288945922409613136250303663502,0.071997575,0.060048003,0.06776558,0.03911836,0.028395569,0.027801737,0.09251376,0.10627741,0.03007591,0.07471799,0.08745511,0.042404518
1.2.826.0.1.3680043.8.498.13151845892175420505816340845155354956,0.051287945,0.044834126,0.07422765,0.032740075,0.040425133,0.034178544,0.15381528,0.10951484,0.029068138,0.08759321,0.07153279,0.033218913
1.2.826.0.1.3680043.8.498.13152690996267297597178587721720788387,0.0958483,0.07860909,0.55676895,0.14532962,0.5706803,0.302205,0.61145943,0.50511926,0.15448464,0.30905512,0.09882436,0.04393484
1.2.826.0.1.3680043.8.498.13155572156594271049520969168607160312,0.043655995,0.035304707,0.11129608,0.0386634,0.083849154,0.049407057,0.21511473,0.20474042,0.032693576,0.12592298,0.074806675,0.024621977
1.2.826.0.1.3680043.8.498.13157776420553094741176082047621957775,0.47492135,0.2061631,0.5477174,0.2762819,0.06810886,0.048472125,0.063836366,0.44796702,0.05772036,0.103293926,0.41048238,0.09650606
1.2.826.0.1.3680043.8.498.13158227087287104386790063637592969032,0.07796199,0.06966477,0.5896556,0.15524265,0.7709379,0.5002053,0.76334757,0.49655715,0.23567452,0.39390188,0.07762604,0.04921911
1.2.826.0.1.3680043.8.498.13158644154518335426512578922874968296,0.069731325,0.057336174,0.0681972,0.03898579,0.028720703,0.027398124,0.09107218,0.12132784,0.029924335,0.074952304,0.083086915,0.037145406
1.2.826.0.1.3680043.8.498.13162284470388627411596358366248494046,0.0904323,0.06453567,0.6053866,0.15374099,0.5121735,0.23379152,0.5665812,0.54904807,0.118403375,0.27303198,0.09891093,0.031504158
1.2.826.0.1.3680043.8.498.13162479706670045075896993021883562680,0.056778025,0.040961146,0.10047602,0.03547262,0.041231643,0.032459468,0.1334637,0.13427347,0.025631897,0.0841125,0.07349188,0.026681742
1.2.826.0.1.3680043.8.498.13163727085668231782866823012535268245,0.17695521,0.106732346,0.81710744,0.3122266,0.79391736,0.46875426,0.70911753,0.70877,0.24550775,0.4059446,0.17045817,0.04996854
1.2.826.0.1.3680043.8.498.13165770394160595162984722917452661205,0.06157156,0.050757296,0.06869351,0.036278393,0.0328492,0.028944602,0.1030038,0.116753705,0.02897824,0.07831177,0.0768459,0.035520103
1.2.826.0.1.3680043.8.498.13167727300538353052482338786183678684,0.03793599,0.031059131,0.18031637,0.04464069,0.21365042,0.10452205,0.41681904,0.25580707,0.04611053,0.1817923,0.056355625,0.023098461
1.2.826.0.1.3680043.8.498.13172295193446466338347273836250944090,0.061399356,0.051073976,0.069661185,0.03684279,0.031957965,0.028546497,0.10666663,0.11550371,0.028077325,0.08131991,0.079524204,0.034361806
1.2.826.0.1.3680043.8.498.13173050135651736408720687361834045815,0.08367565,0.070747435,0.6211215,0.19429605,0.78498185,0.48011583,0.74906296,0.607991,0.2780081,0.40992817,0.0888415,0.047067367
1.2.826.0.1.3680043.8.498.13173781757294564816839795307893228067,0.09001949,0.06842527,0.66562307,0.20727225,0.72811586,0.42603305,0.63305396,0.67269385,0.24138734,0.43832734,0.117841095,0.04045357
1.2.826.0.1.3680043.8.498.13173926977743814814616127342102020710,0.082707144,0.061789114,0.09415216,0.044534758,0.028152548,0.02510362,0.07592102,0.122666046,0.027260689,0.06896809,0.09718196,0.03830375
1.2.826.0.1.3680043.8.498.13176146790594027813190776550419533937,0.06117869,0.052469626,0.06587366,0.03597994,0.033332113,0.030570393,0.11506658,0.11400755,0.029987108,0.081212506,0.07586695,0.03481351
1.2.826.0.1.3680043.8.498.13179169600887013946657470830682778717,0.051345028,0.036885016,0.33828196,0.06731849,0.40070122,0.19039197,0.55316937,0.312396,0.053647555,0.23862989,0.06943517,0.025118617
1.2.826.0.1.3680043.8.498.13179829911816163852815103052496326166,0.058431555,0.036415573,0.37300637,0.08384392,0.22048156,0.09797694,0.26669565,0.47317302,0.053066086,0.2279002,0.1046351,0.022094341
1.2.826.0.1.3680043.8.498.13197409499722328227876152940338160369,0.09067911,0.04574476,0.4880982,0.10127016,0.1577511,0.06839767,0.25136814,0.4254525,0.03613359,0.14792243,0.11075312,0.020925254
1.2.826.0.1.3680043.8.498.13199635020145400856987271814458645896,0.06518864,0.05438086,0.06764618,0.03636201,0.031149533,0.028397162,0.09634013,0.11213914,0.029412748,0.07507532,0.079230666,0.03805755
1.2.826.0.1.3680043.8.498.13200225436827306542001129042739578441,0.062358182,0.049990747,0.0769878,0.0382618,0.03207065,0.026775846,0.09776657,0.14422376,0.027044158,0.08229278,0.08723076,0.031843983
1.2.826.0.1.3680043.8.498.13203246712933982189680087013566455075,0.38166,0.18494715,0.31173837,0.17936587,0.043321107,0.03819068,0.055464305,0.32237476,0.05285683,0.08710543,0.32124084,0.095377296
1.2.826.0.1.3680043.8.498.13207489724395276840990928372610055495,0.05243251,0.04026236,0.08259136,0.03496368,0.041739073,0.032144226,0.13360442,0.14126053,0.02602444,0.08866193,0.0717202,0.026419409
1.2.826.0.1.3680043.8.498.13210084125872700841685814144002495145,0.10605554,0.06276173,0.14420044,0.05755208,0.02818482,0.024104716,0.06579412,0.17607774,0.02543233,0.07848164,0.13900405,0.036730044
1.2.826.0.1.3680043.8.498.13211838518836535713919214396985811434,0.06626896,0.053669605,0.07140394,0.037870277,0.031299084,0.028025135,0.10144752,0.11632833,0.028326433,0.07503944,0.0773324,0.035273198
1.2.826.0.1.3680043.8.498.13212280182729018182073794487313115605,0.084125005,0.042201973,0.5137965,0.10265869,0.2794971,0.11772293,0.37486228,0.4233853,0.04190189,0.19612652,0.10964718,0.022063402
1.2.826.0.1.3680043.8.498.13214267416673058581197714011913363750,0.068412594,0.057934392,0.07240572,0.037671622,0.031433616,0.029898444,0.10712051,0.1079765,0.03082967,0.07716611,0.08274217,0.04232359
1.2.826.0.1.3680043.8.498.13222515831888962408632292783773537312,0.11291371,0.050704345,0.4922394,0.11720886,0.20015027,0.08955472,0.27685678,0.4177581,0.038966984,0.17857997,0.13967265,0.025437992
1.2.826.0.1.3680043.8.498.13224933005220329091792052916905776921,0.21385203,0.17868805,0.8509371,0.44680575,0.88813865,0.6836616,0.7958053,0.76900244,0.5801836,0.49422014,0.17289908,0.09429117
1.2.826.0.1.3680043.8.498.13226961394403558608712498872213808226,0.114762336,0.07393586,0.09941594,0.054420255,0.025496934,0.025168551,0.064830914,0.14381169,0.029376304,0.067235045,0.1164719,0.04280118
1.2.826.0.1.3680043.8.498.13229563888378977350299319159748823477,0.057824172,0.046366956,0.07524448,0.03471873,0.038012113,0.03179378,0.12276349,0.11201538,0.026145995,0.084778816,0.07497767,0.031153845
1.2.826.0.1.3680043.8.498.13232501202175905676335982676386953813,0.06337332,0.05333649,0.064908884,0.035838287,0.033291217,0.030554466,0.10942892,0.10647437,0.030151203,0.07971052,0.07438345,0.03746732
1.2.826.0.1.3680043.8.498.13234278816788324761159326624155958655,0.062032294,0.04200603,0.40541747,0.07130215,0.21844456,0.10668389,0.39422432,0.3248074,0.044457678,0.16604091,0.08030064,0.023655664
1.2.826.0.1.3680043.8.498.13240749152416621711688053465035013133,0.06697498,0.056926087,0.0711277,0.037128936,0.03138263,0.029794775,0.10700243,0.1074841,0.030558394,0.076728195,0.0816932,0.04167297
1.2.826.0.1.3680043.8.498.13242536312535334908597493894251783308,0.07010127,0.060477525,0.06301385,0.037440483,0.030759472,0.029914906,0.10351561,0.10270619,0.031929232,0.07832664,0.0812952,0.04314648
1.2.826.0.1.3680043.8.498.13245409855393847268063261203253424169,0.09316449,0.05985154,0.6257943,0.17350116,0.6045609,0.28247076,0.5920537,0.6294026,0.15434614,0.32167056,0.11871195,0.035517998
1.2.826.0.1.3680043.8.498.13246496699722524712272293738359002501,0.14122792,0.062828295,0.47067738,0.10410953,0.09277931,0.048814688,0.14865436,0.3427277,0.031876054,0.1045602,0.15008241,0.028657163
1.2.826.0.1.3680043.8.498.13256173302993031630968402868348974108,0.22127417,0.085966885,0.49659625,0.14212635,0.07426813,0.038736694,0.09745415,0.4002918,0.03219418,0.0969334,0.21791123,0.037197396
1.2.826.0.1.3680043.8.498.13261595972961358158990410740461308054,0.05268088,0.041080847,0.08504566,0.037265092,0.04414226,0.03398622,0.11405105,0.17130315,0.029430758,0.11219033,0.08594648,0.02820576
1.2.826.0.1.3680043.8.498.13262053361139017457941697384315610025,0.14618847,0.1273618,0.79282314,0.32946286,0.8699306,0.652753,0.8132779,0.69357485,0.46656778,0.4796348,0.12577993,0.07280346
1.2.826.0.1.3680043.8.498.13262473718294425031790270527413368245,0.37715903,0.14796853,0.61570746,0.24589097,0.08788991,0.04789273,0.08552599,0.48067537,0.047179356,0.10877458,0.3429233,0.06512028
1.2.826.0.1.3680043.8.498.13262583253812134425581922368942846684,0.28456828,0.13445549,0.82956713,0.36762434,0.5762366,0.2642378,0.4643526,0.714215,0.17097658,0.29378563,0.28002205,0.06148618
1.2.826.0.1.3680043.8.498.13263128568157735797391439005687112733,0.40590554,0.17651743,0.422999,0.2122903,0.051151145,0.03961935,0.059137847,0.3732195,0.04868231,0.091278546,0.35699448,0.08811405
1.2.826.0.1.3680043.8.498.13267708980958529833316446819156908381,0.04578984,0.037448045,0.34184456,0.08080844,0.43822622,0.22497141,0.47333503,0.4418393,0.09048091,0.31370986,0.07802246,0.027718512
1.2.826.0.1.3680043.8.498.13267780356245120052411517053322874891,0.62418526,0.3326393,0.4953643,0.3747204,0.08153736,0.069607995,0.06362743,0.49774235,0.11175455,0.12197547,0.4927374,0.16847843
1.2.826.0.1.3680043.8.498.13269841239774089690227054060975903636,0.29341754,0.21067517,0.8535405,0.50869834,0.84129417,0.562757,0.67654914,0.82780385,0.5543317,0.45923626,0.25571454,0.10463199
1.2.826.0.1.3680043.8.498.13273890409523605456488117581706115075,0.43994108,0.1824155,0.71442354,0.32492733,0.13132662,0.065348126,0.10779599,0.5580526,0.066057056,0.124279,0.39049417,0.0801098
1.2.826.0.1.3680043.8.498.13280017707177438711374726939683941320,0.15734957,0.13934316,0.75551033,0.30570206,0.8386298,0.57447964,0.7615946,0.6742647,0.4065364,0.45859587,0.13226686,0.07821868
1.2.826.0.1.3680043.8.498.13283411144589724334502427926341646116,0.37912673,0.15192099,0.5235517,0.24852881,0.0909108,0.05400278,0.0894304,0.4973682,0.056982804,0.12918086,0.37306935,0.07641874
1.2.826.0.1.3680043.8.498.13284123714012951608998434802430211634,0.1510643,0.07707925,0.19015048,0.07446569,0.02941949,0.024847949,0.05968274,0.19584486,0.025698926,0.0695285,0.16031042,0.04150376
1.2.826.0.1.3680043.8.498.13286048014183811835847662577023535662,0.059930846,0.05381195,0.058616806,0.0356657,0.034183394,0.031506322,0.12360485,0.10190221,0.031900812,0.08411439,0.074926324,0.038693134
1.2.826.0.1.3680043.8.498.13288244567806030859347115222642155186,0.12011338,0.058270656,0.4610067,0.1239405,0.13830483,0.062177777,0.15166771,0.51750904,0.047412075,0.17337583,0.18298592,0.029227795
1.2.826.0.1.3680043.8.498.13290698873574296175460151724606672982,0.57475215,0.3019977,0.4987111,0.33844683,0.08136006,0.0691947,0.07120207,0.46254086,0.10079914,0.12028079,0.44923952,0.14837824
1.2.826.0.1.3680043.8.498.13291943370279119939499960846843879156,0.32009256,0.13287856,0.44645464,0.17364728,0.05168889,0.03755849,0.06327509,0.36683977,0.03921115,0.099429235,0.31914324,0.06362907
1.2.826.0.1.3680043.8.498.13295231176137292542631413614945667314,0.07381436,0.0569132,0.07615778,0.040223233,0.029258626,0.026663303,0.09030238,0.12124952,0.027930534,0.07178962,0.08387443,0.036230292
1.2.826.0.1.3680043.8.498.13295633458001436592005068637719195786,0.06239471,0.051855136,0.069829494,0.03599301,0.031961165,0.028234867,0.09939724,0.11723261,0.028481146,0.07625519,0.07873451,0.035811495
1.2.826.0.1.3680043.8.498.13297973188397662905314777604089528518,0.118915185,0.08339387,0.74186784,0.21089639,0.70600724,0.34844127,0.65994525,0.6078177,0.16266942,0.3183715,0.1167581,0.042350855
1.2.826.0.1.3680043.8.498.13309299049346932814529962458932580753,0.3773774,0.26859468,0.8603972,0.5803873,0.830085,0.5684733,0.639785,0.83760375,0.60948944,0.4551514,0.32458887,0.13854139
1.2.826.0.1.3680043.8.498.13312139694018789912028129989483016875,0.061593253,0.056541022,0.45707312,0.101317406,0.6566676,0.37963137,0.72404236,0.3760658,0.14737318,0.32887572,0.06585377,0.0425624
1.2.826.0.1.3680043.8.498.13314276151860609710431717811242659651,0.046135873,0.034778412,0.19336736,0.043126807,0.103209205,0.06006084,0.28293505,0.20642589,0.032802,0.12208457,0.06962941,0.023189828
1.2.826.0.1.3680043.8.498.13319886927127591971322856062062654146,0.0897827,0.061488777,0.49911264,0.11340645,0.33601728,0.15486535,0.44826457,0.4353306,0.07262145,0.21236286,0.09857046,0.031165238
1.2.826.0.1.3680043.8.498.13321746459276191365724686301267421531,0.06673829,0.05220673,0.078901544,0.03822922,0.032610975,0.029604089,0.10540612,0.12447702,0.027854053,0.07946703,0.080353335,0.032501694
1.2.826.0.1.3680043.8.498.13323187196249612936800308722675884644,0.08057255,0.055203985,0.6163943,0.12740585,0.5532797,0.2327012,0.59430164,0.4947912,0.08631885,0.25560802,0.09165705,0.030777149
1.2.826.0.1.3680043.8.498.13328029743559327467301971917273397645,0.23631735,0.09566282,0.6768321,0.21120806,0.1447238,0.06452895,0.15458019,0.54146796,0.049664993,0.15034477,0.28393942,0.041664068
1.2.826.0.1.3680043.8.498.13330694332190836651711643932953274573,0.33335766,0.1348322,0.47627127,0.21097574,0.08169222,0.048888557,0.08639741,0.47033715,0.049911674,0.11587301,0.31697598,0.062886946
1.2.826.0.1.3680043.8.498.13332521365069604440230185026865466121,0.04753106,0.038697395,0.08030838,0.033090383,0.04726633,0.03555701,0.15900472,0.13713752,0.027311139,0.09434527,0.066510364,0.026168318
1.2.826.0.1.3680043.8.498.13335129881737731410081002627729200903,0.18339379,0.15345061,0.8154292,0.39996704,0.9023839,0.6767541,0.8124107,0.7559782,0.5170982,0.5324534,0.15647031,0.08940586
1.2.826.0.1.3680043.8.498.13335786652653204791740906118815827207,0.3035421,0.119906664,0.47510636,0.17456897,0.055796865,0.037244562,0.06587572,0.38663605,0.03685672,0.10409632,0.3192856,0.057871714
1.2.826.0.1.3680043.8.498.13341507176140340924941654608476073030,0.18155593,0.07933673,0.32077974,0.09982197,0.04040638,0.028384909,0.06520133,0.28630748,0.027324427,0.08541455,0.21415927,0.039771307
1.2.826.0.1.3680043.8.498.13353249891620291438488727876474802879,0.041693635,0.034115624,0.20720236,0.04412437,0.16906965,0.08982899,0.39534563,0.21884708,0.043126795,0.15658092,0.062405795,0.025925945
1.2.826.0.1.3680043.8.498.13353409340862821090624127486679097099,0.06261781,0.039360568,0.13985302,0.042713083,0.04619376,0.03224429,0.12850834,0.17462207,0.021248126,0.089932,0.09167076,0.023724645
1.2.826.0.1.3680043.8.498.13353966209257569249620562863006006441,0.07351211,0.05785831,0.07191166,0.03928004,0.02866283,0.027600467,0.08731272,0.120036505,0.029233,0.07339557,0.08441277,0.03744181
1.2.826.0.1.3680043.8.498.13357923062946813820390731946535198170,0.11196895,0.064393386,0.70048267,0.1872556,0.6511357,0.32280895,0.6416961,0.59136933,0.12287475,0.3300603,0.12619485,0.03281654
1.2.826.0.1.3680043.8.498.13358702230966891064267033765095124604,0.050223015,0.040534303,0.07733991,0.033457264,0.042776667,0.033534043,0.14417715,0.12994157,0.027233405,0.09056156,0.06868847,0.027544666
1.2.826.0.1.3680043.8.498.13361877959630120404875545203408927433,0.045745563,0.033832226,0.25211906,0.049065888,0.16096012,0.08040864,0.34416693,0.2752298,0.037164092,0.14719279,0.06463967,0.021436017
1.2.826.0.1.3680043.8.498.13363562142644508091380459785810556567,0.04849751,0.0330256,0.33580366,0.07464507,0.2760935,0.12748094,0.3384165,0.4376707,0.058636073,0.25287783,0.08746367,0.022187026
1.2.826.0.1.3680043.8.498.13363856251607349805111249441972460575,0.124029465,0.05698287,0.562274,0.14353055,0.2806654,0.1218912,0.33546016,0.48954892,0.053119484,0.20954601,0.15401998,0.029015329
1.2.826.0.1.3680043.8.498.13367691581890020433564928882602648123,0.114394434,0.055521537,0.63717145,0.15483853,0.2872133,0.113970846,0.33082452,0.5504882,0.056371514,0.2180387,0.16302808,0.02795705
1.2.826.0.1.3680043.8.498.13367740087756379568826046059252678700,0.28096268,0.124254614,0.32312667,0.13427795,0.0376715,0.0301814,0.05385851,0.27957308,0.03433645,0.07834769,0.26033342,0.06121275
1.2.826.0.1.3680043.8.498.13368881691140330168876825436602977388,0.11638586,0.05174354,0.3603736,0.09227235,0.08078177,0.04123579,0.130036,0.3563301,0.02811863,0.11043494,0.13703443,0.024247438
1.2.826.0.1.3680043.8.498.13369443704765101449274062863864122737,0.33152872,0.1603114,0.22093396,0.13979182,0.03518773,0.03478332,0.051092535,0.2685335,0.048873227,0.08064927,0.26457694,0.081581205
1.2.826.0.1.3680043.8.498.13371001997511542011416510364359588752,0.042474315,0.03259381,0.2121667,0.043663736,0.13823171,0.0734597,0.3476189,0.21858038,0.032821372,0.1326677,0.062859595,0.0225712
1.2.826.0.1.3680043.8.498.13377426362348493372112241208607685717,0.06257193,0.058597997,0.4412956,0.093978524,0.60423625,0.36682332,0.71087015,0.3460308,0.14382459,0.3268429,0.070496544,0.04626939
1.2.826.0.1.3680043.8.498.13380735447520796902327272696579348141,0.2579943,0.10016175,0.5761179,0.19970293,0.111235626,0.051461518,0.12883914,0.4913375,0.04491364,0.11774096,0.25194952,0.04369913
1.2.826.0.1.3680043.8.498.13383972749798909973472489456126521194,0.11876221,0.05532998,0.27373278,0.07946753,0.04947314,0.030192275,0.1045533,0.2654466,0.023406383,0.088734835,0.1408605,0.027838994
1.2.826.0.1.3680043.8.498.13390551515761269433524925969561757962,0.08067943,0.05952335,0.628637,0.14369972,0.6737197,0.32596388,0.6716943,0.52674574,0.12332386,0.30596074,0.086266086,0.033947103
1.2.826.0.1.3680043.8.498.13391735462825209934041441767886593395,0.053973123,0.04272303,0.08390547,0.035322715,0.042651825,0.03304246,0.14683302,0.13917981,0.02636176,0.08534298,0.068797775,0.026411131
1.2.826.0.1.3680043.8.498.13393268272072264469105890769640363680,0.31850398,0.15874186,0.82361543,0.40606248,0.5213905,0.21522751,0.35762003,0.75318563,0.20447496,0.23130451,0.27058807,0.05789963
1.2.826.0.1.3680043.8.498.13399254446600380420635633478666850540,0.077800445,0.043848015,0.3491457,0.089379296,0.16532956,0.07602414,0.25248852,0.425843,0.046663348,0.15985931,0.10762315,0.024096621
1.2.826.0.1.3680043.8.498.13400273795954308944359576841942016981,0.07277477,0.06364962,0.4737134,0.11495434,0.61876154,0.33505192,0.6767684,0.43751836,0.14310569,0.32752395,0.07838494,0.041540623
1.2.826.0.1.3680043.8.498.13405120554981098042415743645998258385,0.71106255,0.41134533,0.68245804,0.5449193,0.1589975,0.11474778,0.09694002,0.6389489,0.1847243,0.15757862,0.58877796,0.20860375
1.2.826.0.1.3680043.8.498.13430522388784978790587514142693914965,0.046217132,0.0363172,0.09992829,0.033084504,0.06270843,0.042991232,0.19937538,0.13393824,0.024628816,0.10358195,0.06716047,0.024779698
1.2.826.0.1.3680043.8.498.13440909104569690641314836192184434461,0.18343443,0.08117047,0.2192284,0.09666255,0.038109742,0.028601449,0.055709522,0.28614768,0.031227129,0.09771135,0.21894345,0.046809126
1.2.826.0.1.3680043.8.498.13455212888114594010716499984611216646,0.0730439,0.05802444,0.07319417,0.040055253,0.028524412,0.026133686,0.0833212,0.12098159,0.029395983,0.0724672,0.08683558,0.039035868
1.2.826.0.1.3680043.8.498.13459473184684263663596121399737033933,0.2973964,0.11169337,0.5134998,0.18528467,0.06986038,0.041224025,0.07697727,0.43327966,0.0378637,0.11298469,0.31572035,0.05212423
1.2.826.0.1.3680043.8.498.13460078631594032326006554321483799928,0.059287634,0.035075407,0.33805817,0.06473833,0.124670915,0.060940996,0.27160954,0.30790862,0.03024841,0.12505637,0.08492826,0.019140132
1.2.826.0.1.3680043.8.498.13460268079835549295338279322112693785,0.08963909,0.075025365,0.65925205,0.17081489,0.70852834,0.41261634,0.69862765,0.55787146,0.20293704,0.36272484,0.09243351,0.041961357
1.2.826.0.1.3680043.8.498.13461073016327661159616957998589287085,0.18981397,0.12843978,0.8367456,0.35292196,0.82832813,0.525055,0.7414647,0.72016364,0.30857462,0.4366578,0.17788517,0.06095391
1.2.826.0.1.3680043.8.498.13463672277039459152171414002273376185,0.04481101,0.037577853,0.3034089,0.06622563,0.44218963,0.20655406,0.5892977,0.34966683,0.07986561,0.26143435,0.058996856,0.028107075
1.2.826.0.1.3680043.8.498.13505671694940677161128783863912245059,0.5596183,0.25456294,0.6488075,0.375236,0.1097722,0.0694165,0.081304625,0.5677832,0.08931936,0.120739646,0.46727672,0.11580338
1.2.826.0.1.3680043.8.498.13575953449958751965232580597585303226,0.04965573,0.045729544,0.2539561,0.05713835,0.23832507,0.1366141,0.50182915,0.21717206,0.05988082,0.1883197,0.06837461,0.03532923
1.2.826.0.1.3680043.8.498.13597463452741791628023738080583139636,0.16947907,0.15144718,0.73835784,0.30123696,0.80549026,0.5353933,0.7302521,0.65046704,0.379659,0.43977123,0.14103843,0.08338268
1.2.826.0.1.3680043.8.498.13616982533395291590655841043722813973,0.16841365,0.087108254,0.23651004,0.08705521,0.03288789,0.028596282,0.061669506,0.21803847,0.029846814,0.08227421,0.19432108,0.047416892
1.2.826.0.1.3680043.8.498.13660439785395658826946769630921591235,0.16542539,0.073286444,0.2929438,0.08788513,0.038973976,0.026605498,0.068795875,0.2476736,0.024315178,0.07416242,0.17077532,0.0359313
1.2.826.0.1.3680043.8.498.13695989890112408005495264068064110179,0.29645598,0.13970855,0.7982218,0.3774652,0.46897423,0.19279745,0.34434393,0.74018514,0.17667395,0.250736,0.28085697,0.058998946
1.2.826.0.1.3680043.8.498.13737588520456064856233576393747389054,0.05002974,0.04156232,0.38938066,0.08162118,0.5252472,0.25517544,0.618213,0.4099628,0.09964497,0.28743827,0.06432028,0.028594017
1.2.826.0.1.3680043.8.498.13762716088334302039143651507177887969,0.068412594,0.057934392,0.07240572,0.037671622,0.031433616,0.029898444,0.10712051,0.1079765,0.03082967,0.07716611,0.08274217,0.04232359
1.2.826.0.1.3680043.8.498.13829111847660458141056077151781118782,0.048839808,0.03239974,0.22029231,0.04984327,0.12416663,0.060093112,0.24935448,0.30228835,0.032650523,0.14263193,0.08186256,0.019990006
1.2.826.0.1.3680043.8.498.13843368750899904654034226115826130084,0.13104813,0.06784778,0.6836511,0.16571943,0.30273068,0.11680633,0.32491925,0.5552381,0.06483077,0.18311311,0.1470373,0.027922189
1.2.826.0.1.3680043.8.498.13879163301346984697246311226647565712,0.12235493,0.053831823,0.3469943,0.08570806,0.06522481,0.03519096,0.11878903,0.33184162,0.025375538,0.0905964,0.13118474,0.022773981
1.2.826.0.1.3680043.8.498.13915367834258386094001181500560177470,0.043485906,0.040183645,0.08554814,0.03465232,0.07337422,0.051130824,0.262912,0.13058807,0.034458045,0.11763888,0.06366304,0.03081931
1.2.826.0.1.3680043.8.498.13958765761660666865188384031150827763,0.053966146,0.039733786,0.39419892,0.07769963,0.48423454,0.24292724,0.60057706,0.3476203,0.06858999,0.27037135,0.07312781,0.026853764
1.2.826.0.1.3680043.8.498.13972325309264527611989585341636140156,0.09992858,0.05395807,0.61343783,0.1553606,0.3874897,0.14973342,0.4145695,0.5910122,0.0796111,0.24260406,0.118147224,0.024748612
1.2.826.0.1.3680043.8.498.13975027824128345697756313869165838055,0.06265895,0.04608558,0.45706958,0.082779765,0.35212538,0.16537125,0.49489817,0.3900549,0.064542964,0.21390328,0.07927372,0.027300626
1.2.826.0.1.3680043.8.498.14024129019390041106306062001538710978,0.14386022,0.085953906,0.7794276,0.26212266,0.765884,0.43588117,0.69811976,0.6740802,0.20615162,0.3958427,0.149943,0.043430697
1.2.826.0.1.3680043.8.498.14032903253348079919799627243690484791,0.26696673,0.13041677,0.83394927,0.3657364,0.6260304,0.29781273,0.5266459,0.71801424,0.18067119,0.32216278,0.26442704,0.05865223
1.2.826.0.1.3680043.8.498.14061227335828384505403558788548348446,0.10683945,0.07239955,0.72684336,0.2113014,0.6409999,0.3024871,0.59824187,0.6686206,0.17091855,0.31194186,0.121487305,0.03462981
1.2.826.0.1.3680043.8.498.14066537811671722419109228137841995847,0.075806335,0.051458575,0.11608026,0.044348653,0.031289376,0.026530286,0.08539897,0.14839126,0.025312882,0.08289953,0.10577901,0.0321202
1.2.826.0.1.3680043.8.498.14117402902169664329719927863268363596,0.057802107,0.047681525,0.06776753,0.03529632,0.034926377,0.029965362,0.115120426,0.11949235,0.028313564,0.08382368,0.07469579,0.03246158
1.2.826.0.1.3680043.8.498.14137431039800236510749401303688858447,0.40457693,0.17518516,0.4227636,0.21500836,0.053836573,0.0404258,0.060265746,0.38264742,0.049588665,0.09078806,0.3429042,0.08643888
1.2.826.0.1.3680043.8.498.14188540532926067083914263496492255704,0.0869167,0.063122585,0.097662054,0.046162993,0.027684493,0.02447868,0.07228704,0.1262225,0.026974797,0.06773294,0.10181175,0.039035592
1.2.826.0.1.3680043.8.498.14218113768651197803980865495163189825,0.30605954,0.11430805,0.60494024,0.20159908,0.08731816,0.044141095,0.09593665,0.44710156,0.03749479,0.10619079,0.2854187,0.050079525
1.2.826.0.1.3680043.8.498.14229598279617168024212382336641104878,0.13054644,0.07036373,0.6674477,0.1899534,0.36152968,0.13602152,0.37964037,0.5985385,0.08741556,0.19289932,0.13595285,0.028121855
1.2.826.0.1.3680043.8.498.14236519693915284584208989450687591759,0.20250607,0.14303543,0.8335731,0.3998489,0.8150758,0.49630073,0.6772873,0.7908235,0.39731565,0.434842,0.18529458,0.066311166
1.2.826.0.1.3680043.8.498.14300107110014472682373589824643789093,0.32965118,0.12649605,0.65814596,0.24329384,0.10854227,0.055508055,0.1056388,0.5181011,0.048739992,0.13228257,0.35660905,0.05721065
1.2.826.0.1.3680043.8.498.14325424371811230497993759959862738838,0.127587,0.06440265,0.2543599,0.09120257,0.063055836,0.039836306,0.11473504,0.30222085,0.03185874,0.12059554,0.16861396,0.036810815
1.2.826.0.1.3680043.8.498.14347036698014475959973071477777915575,0.06629682,0.05444081,0.07141555,0.037960656,0.032203805,0.027882831,0.09559422,0.106503546,0.028515715,0.07578935,0.07949718,0.037889156
1.2.826.0.1.3680043.8.498.14377917653321813299237274871837695586,0.08274667,0.059006594,0.08568342,0.043393966,0.027326925,0.026013862,0.078438744,0.12801298,0.028050937,0.071266316,0.09360309,0.037167
1.2.826.0.1.3680043.8.498.14400292895187181989838122627394761532,0.24155122,0.10961162,0.75079507,0.2967975,0.33341783,0.12577423,0.3038678,0.65346164,0.09887132,0.19012122,0.23616502,0.044340488
1.2.826.0.1.3680043.8.498.14453847272947043746856632410254555895,0.08349018,0.047641076,0.14260611,0.05129178,0.03813896,0.027875682,0.09308624,0.19408022,0.023601789,0.08293056,0.10369182,0.026805898
1.2.826.0.1.3680043.8.498.14472261871417480346162193127520918127,0.5939543,0.381987,0.87230563,0.6869277,0.6987788,0.4050287,0.42285442,0.8337647,0.5185042,0.32734957,0.48723444,0.18644145
1.2.826.0.1.3680043.8.498.14477978091360159774052709992034078166,0.061157092,0.039791528,0.14569424,0.047340196,0.057948846,0.034940142,0.13953696,0.24125738,0.026675068,0.10476615,0.094122514,0.023527583
1.2.826.0.1.3680043.8.498.14479913217228604289584726096114526268,0.06582868,0.050685685,0.0732006,0.038496777,0.03188977,0.028287616,0.085169405,0.13308749,0.029220494,0.09076275,0.090083264,0.035422042
1.2.826.0.1.3680043.8.498.14490539215064287912254286565666891557,0.14773822,0.066430196,0.27389112,0.09732735,0.053537898,0.032989107,0.0733049,0.35022888,0.03195807,0.11513803,0.20247072,0.036768615
1.2.826.0.1.3680043.8.498.14495028403937132710814780922642512791,0.08675655,0.043133005,0.3160446,0.06874569,0.06301022,0.035207264,0.12625702,0.29205814,0.023091588,0.10966253,0.13533935,0.022676786
1.2.826.0.1.3680043.8.498.14511862461248267537051973802039959211,0.090437986,0.081610076,0.64315253,0.19748217,0.8175089,0.5291305,0.7756715,0.6062488,0.29471695,0.44303012,0.08974209,0.053474672
1.2.826.0.1.3680043.8.498.14558486491688263090686005096911018438,0.06289214,0.052271616,0.0683634,0.03567085,0.03184415,0.028586129,0.09968465,0.11551606,0.02891117,0.07646001,0.0782969,0.036351502
1.2.826.0.1.3680043.8.498.14679140388328648617386311272361396555,0.11933814,0.070868604,0.11109025,0.057606444,0.026711866,0.023887685,0.06162096,0.16921163,0.027930515,0.07084183,0.12911263,0.040231474
1.2.826.0.1.3680043.8.498.14728068688166107022558957899468489735,0.3487311,0.13793169,0.39527524,0.19855426,0.061951723,0.04206412,0.05860427,0.4394267,0.04908694,0.11921066,0.34357116,0.07100331
1.2.826.0.1.3680043.8.498.14744714658078107007743063095375646143,0.12562416,0.068270616,0.18142493,0.06705334,0.029105123,0.024299301,0.060574215,0.1925166,0.025845166,0.07776352,0.1597429,0.038158853
1.2.826.0.1.3680043.8.498.14770617961376953596780345652892307570,0.046901654,0.036886055,0.385085,0.075745486,0.44823602,0.20457433,0.5765434,0.40135574,0.07931807,0.26130882,0.06652134,0.02578614
1.2.826.0.1.3680043.8.498.14776241668061173271058268311868302014,0.3958862,0.16028446,0.5732596,0.23813954,0.07425077,0.044924513,0.07415185,0.44415858,0.046903316,0.101933576,0.34903452,0.07148628
1.2.826.0.1.3680043.8.498.14806659119591146961784818305031900863,0.07112879,0.037440244,0.30273953,0.067026265,0.12249997,0.062806286,0.23953736,0.28648585,0.026349138,0.13785847,0.09872725,0.02084456
1.2.826.0.1.3680043.8.498.14845527334849156639306067473358712770,0.24118003,0.16388172,0.84424746,0.44623193,0.81890666,0.5123961,0.6728487,0.79891056,0.45960262,0.40723044,0.20262836,0.07443189
1.2.826.0.1.3680043.8.498.14850534390650184292244380816212794996,0.0645245,0.043478295,0.1268002,0.04338589,0.039951634,0.02774128,0.10669393,0.19500828,0.024810223,0.0880752,0.10023037,0.025775803
1.2.826.0.1.3680043.8.498.14958560978176121375035839707004667832,0.45087224,0.20659688,0.7436408,0.43132794,0.28207538,0.12926224,0.20860584,0.68198216,0.14275809,0.19221021,0.41327664,0.09946882
1.2.826.0.1.3680043.8.498.14959561028578335448289993045623217861,0.41812906,0.25353047,0.8444756,0.56082594,0.727839,0.42211658,0.5018869,0.82572395,0.48208252,0.36817902,0.3626801,0.12662476
1.2.826.0.1.3680043.8.498.14959732862523218997149041503831001633,0.06645368,0.036355704,0.45300657,0.08430332,0.29979172,0.13065565,0.44024113,0.3712784,0.04032854,0.20119187,0.091312505,0.020924987
1.2.826.0.1.3680043.8.498.14963472809950919852176661973255059069,0.2743884,0.18268391,0.85999864,0.48159087,0.8216417,0.51994485,0.64931715,0.81999356,0.47940403,0.4321812,0.23535633,0.08255476
1.2.826.0.1.3680043.8.498.15024602758408626305833210011882949904,0.09182003,0.08249154,0.6556144,0.20475864,0.81286955,0.5236836,0.75902784,0.6259336,0.30442998,0.44499275,0.09210842,0.05168248
1.2.826.0.1.3680043.8.498.15025957400098336605043184930980421418,0.055325154,0.044366933,0.0743932,0.033590317,0.038253848,0.033633213,0.12974684,0.10480319,0.02815895,0.08560566,0.07155318,0.032526117
1.2.826.0.1.3680043.8.498.15065556607080211420503043544482923211,0.16131891,0.068757,0.3953478,0.12455296,0.08126105,0.041631144,0.091157824,0.44513613,0.037152413,0.13665423,0.22336584,0.03538887
1.2.826.0.1.3680043.8.498.15090991392324602559982474708414427621,0.105383895,0.060547262,0.1736533,0.059428394,0.032590926,0.026643502,0.089372896,0.17417417,0.023552286,0.07346335,0.1283765,0.034223054
1.2.826.0.1.3680043.8.498.15103255966832759925770334719703425755,0.34188575,0.17554212,0.7952026,0.4321764,0.48854104,0.21861744,0.30965832,0.7662328,0.21779075,0.29343307,0.35823536,0.08449963
1.2.826.0.1.3680043.8.498.15133818248365103660456294775831248835,0.12701161,0.06391789,0.35434163,0.107392326,0.09088434,0.05062524,0.1458704,0.37998617,0.038182914,0.13811639,0.17467573,0.0346877
1.2.826.0.1.3680043.8.498.15219410096632334470101257478715035071,0.17390852,0.07820173,0.21568781,0.09133262,0.03638386,0.028204495,0.05624666,0.28187582,0.030769981,0.09594497,0.2054347,0.04317115
1.2.826.0.1.3680043.8.498.15219824433491621460467738389345697247,0.23596492,0.13896282,0.8327369,0.39429474,0.70827353,0.36507484,0.568534,0.7747938,0.30102256,0.32599857,0.21304546,0.05907037
1.2.826.0.1.3680043.8.498.15297444019822621504849851092382560980,0.0702346,0.055595815,0.07337763,0.0405744,0.028645901,0.026614698,0.08973912,0.1212455,0.028481802,0.07713498,0.08695708,0.037218772
1.2.826.0.1.3680043.8.498.15326951535563258414956521742264374802,0.24147484,0.099256806,0.49584678,0.18990223,0.11144036,0.055131152,0.101294234,0.52561593,0.05369362,0.15854329,0.29265806,0.049447615
1.2.826.0.1.3680043.8.498.15337067581747365729183643142512558411,0.13443042,0.10962708,0.7563273,0.29709175,0.8725258,0.60272205,0.8022874,0.69307417,0.3793284,0.48944125,0.12592523,0.06759624
1.2.826.0.1.3680043.8.498.15360150088598749206650025637914821738,0.37547922,0.21878077,0.8794828,0.52671546,0.7881617,0.48262447,0.62532926,0.79531974,0.3953797,0.40466288,0.33376336,0.10495071
1.2.826.0.1.3680043.8.498.15376535778246978844757121776560020722,0.6794077,0.3766677,0.6287787,0.4810039,0.12382341,0.092657246,0.08142205,0.5899628,0.14553739,0.14061944,0.5538818,0.18568076
1.2.826.0.1.3680043.8.498.15399233309269178192583032682669258885,0.24789307,0.1005195,0.53513634,0.17515957,0.08039713,0.04390122,0.09245538,0.45689446,0.03977892,0.12230899,0.2990048,0.04757926
1.2.826.0.1.3680043.8.498.15428051518761311558410606976607852351,0.0955329,0.08762239,0.65913707,0.19882613,0.8259089,0.58397335,0.7952845,0.56258243,0.32177633,0.4392037,0.09042894,0.059805423
1.2.826.0.1.3680043.8.498.15444316810805746453392291780593934328,0.5734363,0.34903598,0.8166412,0.6228427,0.5668881,0.31742817,0.352532,0.7986388,0.40838465,0.31828535,0.5048828,0.20190834
1.2.826.0.1.3680043.8.498.15468179600399954478612037548577772269,0.05059445,0.035814106,0.37987363,0.079541594,0.32949153,0.15405773,0.3804873,0.46950793,0.06698352,0.26522142,0.0862147,0.022747377
1.2.826.0.1.3680043.8.498.15486463042236628073590077209793828847,0.053790044,0.033551395,0.38513893,0.06739245,0.30537367,0.13499275,0.4653528,0.3270315,0.040651128,0.19499043,0.07377584,0.020583669
1.2.826.0.1.3680043.8.498.15522600887743817464976568872439594397,0.0676874,0.0375035,0.42956328,0.08455679,0.20229582,0.08344562,0.30616036,0.43130395,0.039812665,0.1718064,0.090085536,0.018371234
1.2.826.0.1.3680043.8.498.15539098084847502447238233198010208924,0.046448793,0.040892184,0.07182705,0.03248014,0.047547527,0.035497293,0.16296959,0.13476035,0.02886501,0.09700902,0.070424534,0.028253574
1.2.826.0.1.3680043.8.498.15593638897292057356864060466120253309,0.14311984,0.09377466,0.75879407,0.2626486,0.6556992,0.30830365,0.5928662,0.687434,0.2029446,0.31111914,0.13904248,0.041668087
1.2.826.0.1.3680043.8.498.15595595490910196952568459534537629865,0.32421634,0.12657869,0.54034877,0.19767262,0.06707456,0.04201023,0.07211414,0.42180222,0.040767126,0.10488137,0.33679634,0.059728112
1.2.826.0.1.3680043.8.498.15599161312748548709240395406977042093,0.11858862,0.05368022,0.5022734,0.11878449,0.14287546,0.059847947,0.19798225,0.4630821,0.036842022,0.1425747,0.13976526,0.022969643
1.2.826.0.1.3680043.8.498.15630146025588580188363070220779173742,0.2790398,0.1051445,0.74638927,0.25065404,0.19992945,0.07729354,0.18613334,0.56578654,0.053955354,0.14421144,0.2609473,0.04262592
1.2.826.0.1.3680043.8.498.15709232000390534671340322807442769184,0.36766714,0.2650698,0.87163454,0.59097505,0.86180186,0.61557406,0.68017304,0.84108216,0.63086003,0.47390974,0.3059894,0.13524924
1.2.826.0.1.3680043.8.498.15744573360087157139672078937679122840,0.04637982,0.04214551,0.24018794,0.05257458,0.34211046,0.17945926,0.55484325,0.24668007,0.07015527,0.22040455,0.05944479,0.03297438
1.2.826.0.1.3680043.8.498.15851463019383290210760064201595021029,0.1728441,0.07336203,0.55172366,0.16183975,0.15541704,0.06609774,0.18590847,0.514442,0.04696918,0.14897893,0.18654612,0.030901145
1.2.826.0.1.3680043.8.498.15863325224755490561125835019647303556,0.044905018,0.037945267,0.11929089,0.035667982,0.08871481,0.05891611,0.30117512,0.14318235,0.034402452,0.12457187,0.06439602,0.029543513
1.2.826.0.1.3680043.8.498.15969838281154273030237391394632849764,0.05899802,0.0530029,0.06004066,0.03582114,0.03524582,0.030085644,0.11524286,0.116035275,0.031372577,0.086320296,0.08035076,0.036979336
1.2.826.0.1.3680043.8.498.16046164723877343553376490423345098256,0.07564531,0.05047335,0.100739054,0.044570245,0.03180459,0.025796108,0.07625029,0.17093614,0.026993692,0.09287067,0.1121597,0.032692883
1.2.826.0.1.3680043.8.498.16051798246004436152597344963060310360,0.3789801,0.15264507,0.55186504,0.22221063,0.068270914,0.04247106,0.07067888,0.4249537,0.044164672,0.09889813,0.3404958,0.06868476
1.2.826.0.1.3680043.8.498.16060119389060497136231217718921482192,0.23509197,0.19291058,0.8560292,0.46852738,0.88973683,0.68956614,0.772852,0.7927354,0.62396646,0.5042293,0.18786465,0.10099202
1.2.826.0.1.3680043.8.498.16101435445990180482665354366724730305,0.36824638,0.19863614,0.77684695,0.4319529,0.48289275,0.23450506,0.37391827,0.7456767,0.23830085,0.30336618,0.37988257,0.1078162
1.2.826.0.1.3680043.8.498.16158812105029662172517682642229718094,0.111261405,0.05547153,0.29457906,0.07397871,0.056107175,0.035262074,0.11630615,0.26925316,0.025318539,0.092880584,0.12920667,0.026364515
1.2.826.0.1.3680043.8.498.16164261456077269604929662134371603081,0.66490966,0.40462947,0.803945,0.65182376,0.44220605,0.24961765,0.25238243,0.770867,0.3405086,0.26701853,0.5826955,0.23406953
1.2.826.0.1.3680043.8.498.16189833935983604051983090678102023832,0.2529302,0.115565725,0.31073537,0.12142469,0.037315108,0.029902171,0.056078885,0.25813887,0.032793816,0.076085135,0.23767905,0.05707676
1.2.826.0.1.3680043.8.498.16200518336931321995379999168737787921,0.06337332,0.05333649,0.064908884,0.035838287,0.033291217,0.030554466,0.10942892,0.10647437,0.030151203,0.07971052,0.07438345,0.03746732
1.2.826.0.1.3680043.8.498.16225091905018667993201414191711776943,0.09556719,0.0853611,0.656708,0.18606748,0.79984117,0.55598754,0.78118426,0.5194506,0.28545484,0.4174393,0.088589564,0.057829037
1.2.826.0.1.3680043.8.498.16258190393569006141285550986533848849,0.39448646,0.16053788,0.4808765,0.21535686,0.056045897,0.039683275,0.060989264,0.39702198,0.04320743,0.09447815,0.34883603,0.076152384
1.2.826.0.1.3680043.8.498.16318078762749420171833135145622117452,0.19816273,0.12343244,0.81099236,0.35808805,0.71048313,0.35884693,0.5887626,0.756721,0.28535855,0.3314618,0.18580192,0.05299436
1.2.826.0.1.3680043.8.498.16338296537380784459604897543069625390,0.054241776,0.049174007,0.06217567,0.034227345,0.037544105,0.032615673,0.1421036,0.10505216,0.030564608,0.08746533,0.07291908,0.035787128
1.2.826.0.1.3680043.8.498.16364873390453802195568603605191835957,0.2654688,0.12217043,0.23179364,0.11946722,0.033054035,0.02888374,0.050809953,0.26835343,0.03568902,0.077146605,0.24048877,0.06027796
1.2.826.0.1.3680043.8.498.16370303687278282143772106415664171358,0.26248568,0.10936644,0.35849681,0.13474876,0.042307172,0.030433867,0.059506867,0.3069466,0.031051636,0.085106306,0.2582944,0.05387541
1.2.826.0.1.3680043.8.498.16397020531009156965821242117417547331,0.07755914,0.067094356,0.55693865,0.13429408,0.693951,0.38576776,0.6951321,0.4903596,0.17088434,0.34603918,0.07887126,0.042053618
1.2.826.0.1.3680043.8.498.16469256144078887607437578587242258846,0.30015317,0.1280559,0.79298127,0.3037651,0.2865922,0.10538032,0.2399756,0.6453766,0.08310728,0.16852206,0.28644702,0.04994677
1.2.826.0.1.3680043.8.498.16483470188406187000599644150600279596,0.12556209,0.065914474,0.5305188,0.16144569,0.28994372,0.13205948,0.3349971,0.55107015,0.08234769,0.24222969,0.16614589,0.038239796
1.2.826.0.1.3680043.8.498.16527747624688737126118546487228060848,0.22832477,0.098875485,0.34291613,0.12009064,0.039574414,0.029519143,0.06267433,0.2751358,0.028730206,0.07974069,0.22597277,0.048906818
1.2.826.0.1.3680043.8.498.16534078612126477228267765508485297367,0.6271356,0.32376993,0.5919555,0.44724807,0.12267528,0.08991652,0.08591225,0.5962188,0.12820932,0.1515778,0.5381466,0.17099185
1.2.826.0.1.3680043.8.498.16538738179840493095338324009830673843,0.069048025,0.04452008,0.5258202,0.109116174,0.42735398,0.17862844,0.48929518,0.52434975,0.08094083,0.23939364,0.08541314,0.022968857
1.2.826.0.1.3680043.8.498.16550793987525699514242241133391355835,0.12481036,0.08649601,0.7509695,0.24112193,0.8107373,0.49767426,0.75336885,0.63584554,0.22697477,0.4140065,0.12554117,0.04525981
1.2.826.0.1.3680043.8.498.16581426215518472805200227992550139190,0.08811567,0.046439227,0.20809191,0.057840057,0.045399502,0.02919203,0.10306583,0.23031114,0.022710115,0.0854465,0.110090695,0.023844296
1.2.826.0.1.3680043.8.498.16589468854653713035210251187012168350,0.06915891,0.04278671,0.118772805,0.04275553,0.038070794,0.028857613,0.107729286,0.16492802,0.02347477,0.081082255,0.08509004,0.025158305
1.2.826.0.1.3680043.8.498.16657553974040122719239506008948241297,0.044201966,0.037227176,0.10405912,0.033917557,0.0737082,0.050196026,0.23857222,0.14453338,0.031572264,0.1082108,0.06191947,0.026595403
1.2.826.0.1.3680043.8.498.16666020201961191623151386398626511849,0.11158727,0.060598273,0.21550183,0.06648354,0.033772472,0.025780037,0.07214914,0.21866955,0.024504913,0.084152006,0.1569359,0.033067547
1.2.826.0.1.3680043.8.498.16674237773422474998796191258459643061,0.20213217,0.07881081,0.5847285,0.15241556,0.107680544,0.051435262,0.13110453,0.43166065,0.03666557,0.10789699,0.19783822,0.03307414
1.2.826.0.1.3680043.8.498.16691383858003633107641297162554868325,0.33884326,0.13483448,0.4037164,0.17663233,0.051290255,0.0366042,0.061425332,0.38132012,0.039309233,0.088011175,0.29914525,0.060850933
1.2.826.0.1.3680043.8.498.16709565360569239280032743619008187278,0.05833487,0.048088185,0.07326546,0.035343405,0.033964604,0.028814722,0.10817538,0.120579824,0.02747073,0.07953371,0.07593932,0.032674294
1.2.826.0.1.3680043.8.498.16709696133689803501344038926512501779,0.101472154,0.08132471,0.70401657,0.21188606,0.75449973,0.42898434,0.70454174,0.6494816,0.23921849,0.39573184,0.10368781,0.04390032
1.2.826.0.1.3680043.8.498.16718788321951483456195507236392554704,0.05029519,0.034994658,0.14325474,0.042550985,0.06662657,0.040980168,0.18172908,0.21399191,0.026495242,0.11438345,0.0807865,0.022577712
1.2.826.0.1.3680043.8.498.16724013341359693140331158148551346369,0.072922535,0.06154213,0.51879996,0.14473955,0.73937607,0.42871508,0.72400373,0.53781486,0.19859187,0.3891965,0.086341634,0.043400977
1.2.826.0.1.3680043.8.498.16774450022563283092653506225603012645,0.095241,0.057256203,0.110992536,0.05175493,0.029468203,0.025063192,0.06443444,0.1800681,0.027295006,0.08777393,0.12756346,0.036230795
1.2.826.0.1.3680043.8.498.16812524557513419866531695739014681414,0.19697255,0.08532672,0.6505036,0.20834516,0.20768537,0.08205606,0.22459647,0.563675,0.060727365,0.15624683,0.20792612,0.03563163
1.2.826.0.1.3680043.8.498.16843381581429596234606436682284624187,0.048047684,0.03921384,0.0879807,0.03389589,0.049605917,0.036452435,0.16456889,0.14818564,0.02796233,0.09310982,0.06584553,0.025465919
1.2.826.0.1.3680043.8.498.16845451648760595922758166878121325861,0.06683992,0.058126073,0.06261618,0.03613703,0.03125792,0.03021882,0.10548545,0.10119887,0.031138483,0.077406265,0.07960666,0.042205013
1.2.826.0.1.3680043.8.498.16862596867845295946732698348903803700,0.30211943,0.11724224,0.41282654,0.17389014,0.058373056,0.038374383,0.06107428,0.42602086,0.041595932,0.110441044,0.3171253,0.059468254
1.2.826.0.1.3680043.8.498.16864649493021092944977766326505053153,0.08800425,0.061057962,0.089058004,0.045043226,0.027186353,0.025929648,0.08076816,0.12662633,0.02792261,0.07209243,0.100057885,0.037698314
1.2.826.0.1.3680043.8.498.16886658450293145802897654768506439494,0.2489401,0.12310945,0.18472585,0.104347594,0.029080715,0.02866485,0.050502397,0.22366796,0.03778344,0.0718005,0.21268925,0.06296047
1.2.826.0.1.3680043.8.498.17049315826418217889213226790962592213,0.6171265,0.31498763,0.6228757,0.4138465,0.1054142,0.07569508,0.07550287,0.56436616,0.11048704,0.12622574,0.5102409,0.15037842
1.2.826.0.1.3680043.8.498.17056997047488992455301411194938263817,0.6381177,0.3373348,0.73773056,0.53931093,0.2305551,0.12878014,0.1372301,0.7000841,0.1843729,0.17078786,0.53618294,0.16054332
1.2.826.0.1.3680043.8.498.17070139245390396445395414066427036835,0.20925684,0.08968424,0.34705195,0.14039376,0.065866165,0.038592573,0.070682935,0.41539273,0.03993693,0.12558833,0.25369745,0.046163227
1.2.826.0.1.3680043.8.498.17074746747536999918446136673966046653,0.2672866,0.11304361,0.44570264,0.15126891,0.052341174,0.03426603,0.06977114,0.3338043,0.032980468,0.08675943,0.25531748,0.051377323
1.2.826.0.1.3680043.8.498.17092147498062993594620309531155267119,0.097378224,0.08513739,0.6379864,0.18383808,0.7872158,0.4823484,0.7564153,0.5672288,0.24925268,0.40559036,0.0880045,0.051513907
1.2.826.0.1.3680043.8.498.17093025979426350838724553020541643719,0.1431373,0.12817964,0.71246576,0.26221982,0.7984015,0.52075815,0.74017924,0.62135553,0.3312411,0.42626655,0.12489992,0.07214546
1.2.826.0.1.3680043.8.498.17107696939614797679012793547913769707,0.37814894,0.14690717,0.44906333,0.19050917,0.05428676,0.04014839,0.06377129,0.35639566,0.039234903,0.09177346,0.32434565,0.06869912
1.2.826.0.1.3680043.8.498.17123244662958741977525806700986256210,0.19943747,0.08055851,0.40977535,0.12807806,0.064447835,0.036379658,0.08763711,0.39162642,0.032559298,0.09622161,0.20615126,0.03564324
1.2.826.0.1.3680043.8.498.17146868851921828837871671912815843012,0.06618834,0.056151833,0.065791965,0.036767878,0.030869175,0.028623305,0.0957729,0.10984772,0.030532142,0.0749236,0.07863249,0.039025836
1.2.826.0.1.3680043.8.498.17160610480070701553118850947260201608,0.05002622,0.045233306,0.21985638,0.05169342,0.18697427,0.110000715,0.4388899,0.19625583,0.05233389,0.16779716,0.06928986,0.033883132
1.2.826.0.1.3680043.8.498.17241550277273207658303011467222594165,0.052516285,0.045728747,0.3508927,0.074291706,0.45976403,0.22859271,0.6097285,0.35326165,0.089012064,0.26376182,0.065231055,0.0323237
1.2.826.0.1.3680043.8.498.17265093113586420061761042467476063876,0.10140559,0.06058823,0.66169035,0.1459645,0.4403616,0.17186545,0.47783393,0.5224354,0.07219259,0.21245089,0.114919655,0.028869353
1.2.826.0.1.3680043.8.498.17274490471295558668613733667390457509,0.19109195,0.14239663,0.826624,0.40565538,0.8367818,0.56212693,0.6916894,0.78661317,0.4536992,0.48220906,0.18345873,0.071888626
1.2.826.0.1.3680043.8.498.17336223563862025807066700226971845206,0.05812828,0.050199207,0.462557,0.10993223,0.6582951,0.3548657,0.6928913,0.46943393,0.1519722,0.35553825,0.06909495,0.03495001
1.2.826.0.1.3680043.8.498.17389120886685633448235711042721669823,0.066638686,0.049425323,0.07896297,0.03933045,0.03185704,0.027289929,0.09644918,0.1358164,0.026708812,0.07937046,0.08474726,0.031867497
1.2.826.0.1.3680043.8.498.17415936504684075438800895036740822145,0.04699762,0.03151126,0.27653116,0.06148033,0.19459711,0.088753924,0.37311074,0.32615265,0.041463632,0.17050125,0.06726335,0.019336358
1.2.826.0.1.3680043.8.498.17420673628956367425739018933968443620,0.06331278,0.053910963,0.06389139,0.036512077,0.031841833,0.027724305,0.1023378,0.11986296,0.029880209,0.081749886,0.082638875,0.03628504
1.2.826.0.1.3680043.8.498.17427902052389033416295416299697276519,0.10243596,0.047468934,0.3428174,0.089568526,0.08336555,0.04101359,0.11350049,0.4029225,0.031242384,0.13614641,0.15608144,0.024651919
1.2.826.0.1.3680043.8.498.17517950899674150719043097786728121608,0.25652725,0.12471179,0.24487482,0.11801922,0.033682905,0.028784594,0.055823445,0.2521454,0.036817238,0.07265826,0.2338111,0.06616516
1.2.826.0.1.3680043.8.498.17547781127981007962008163248942714330,0.22597943,0.13069238,0.8300509,0.38324335,0.7190457,0.36929253,0.5639802,0.7774928,0.29218754,0.35173717,0.20381367,0.056431383
1.2.826.0.1.3680043.8.498.17596657287050550465463272509976106854,0.07369845,0.055926032,0.57230616,0.14640199,0.68196094,0.3488704,0.6723011,0.57945454,0.1792619,0.35223147,0.08954366,0.035853215
1.2.826.0.1.3680043.8.498.17618734998753079190687719289815512319,0.14863892,0.13151725,0.781253,0.3540642,0.8776899,0.64830875,0.7976366,0.7404521,0.49736252,0.5032207,0.13514172,0.075659126
1.2.826.0.1.3680043.8.498.17662880041629379035049367252086125592,0.06439171,0.050737526,0.07142602,0.038317747,0.03194867,0.028305372,0.08573571,0.13626939,0.029288199,0.09054488,0.09039872,0.035267252
1.2.826.0.1.3680043.8.498.17663005209256897892831319144686413853,0.23171675,0.09919518,0.36692646,0.14710672,0.0591035,0.03641983,0.06950868,0.39039022,0.037856493,0.11917337,0.2801306,0.05203761
1.2.826.0.1.3680043.8.498.17691941055331862184525411493110144433,0.05998868,0.053529758,0.05910973,0.036677904,0.03270995,0.02995774,0.11890825,0.10616972,0.030914957,0.08196682,0.0760745,0.037959613
1.2.826.0.1.3680043.8.498.17741907690913585163443565102293192244,0.21926402,0.0912108,0.7602295,0.25487882,0.3793199,0.15385792,0.36012316,0.6196995,0.08452808,0.22961839,0.22753279,0.039512243
1.2.826.0.1.3680043.8.498.17768582402712001917772688462080201650,0.06614348,0.06082117,0.48219532,0.106963485,0.6670912,0.40711918,0.73516464,0.38093483,0.16596743,0.34142226,0.06998905,0.046524383
1.2.826.0.1.3680043.8.498.17769942698581399165275319502954100325,0.06486767,0.054489687,0.06617836,0.036160845,0.03155596,0.028769279,0.09801849,0.10964236,0.030202692,0.075103074,0.0778688,0.038649388
1.2.826.0.1.3680043.8.498.17813878802252660525798053577039470087,0.40546215,0.2757715,0.86198986,0.5923071,0.8027562,0.5214781,0.5919772,0.8395965,0.56812596,0.43322045,0.3529701,0.14022507
1.2.826.0.1.3680043.8.498.17836815413824722543229791044312174885,0.08179446,0.059566673,0.631964,0.14020403,0.5076582,0.24118885,0.59694266,0.4980084,0.110500045,0.24717292,0.08980094,0.02970969
1.2.826.0.1.3680043.8.498.17844546765907321649997094867791102711,0.50363284,0.21796459,0.58202153,0.30746236,0.07867166,0.05333544,0.068488374,0.48753336,0.062410764,0.1094315,0.4261903,0.10229844
1.2.826.0.1.3680043.8.498.17856297841306582866782295284505406916,0.14354807,0.10638474,0.78011864,0.29045513,0.7730273,0.44926107,0.676522,0.7263547,0.31348103,0.40338805,0.13519427,0.050008073
1.2.826.0.1.3680043.8.498.17865613300681542407687000381594067366,0.05671085,0.051243573,0.059511926,0.035868894,0.035844997,0.031211851,0.13268001,0.108478494,0.03039608,0.083964705,0.07267489,0.035472307
1.2.826.0.1.3680043.8.498.17909590711893200514107254988453660857,0.45939904,0.20147638,0.42017132,0.22708695,0.054029476,0.044993673,0.05577551,0.3775465,0.056084752,0.09650205,0.38251624,0.09895545
1.2.826.0.1.3680043.8.498.17931021655186901394796168474942485728,0.24458146,0.12961242,0.84724367,0.3700374,0.705852,0.35494956,0.5934658,0.73661715,0.21328525,0.34577876,0.23669499,0.058315948
1.2.826.0.1.3680043.8.498.17967978373588651520812399064902037467,0.2018248,0.10736538,0.79535943,0.2656261,0.46843606,0.17711413,0.41339776,0.6373873,0.10961311,0.22095042,0.19526464,0.042864736
1.2.826.0.1.3680043.8.498.17985756708438762670829959560049370730,0.22444189,0.09443559,0.42655975,0.12937722,0.051403023,0.032610536,0.07598368,0.30975538,0.028725741,0.0860593,0.22361848,0.04358843
1.2.826.0.1.3680043.8.498.18080511167840608448833484000937072258,0.6241993,0.31799302,0.53102255,0.39291072,0.09009764,0.07116297,0.06604407,0.54382807,0.1109463,0.1263424,0.516378,0.16161232
1.2.826.0.1.3680043.8.498.18090147030578547920423840630147682826,0.057189114,0.049887087,0.06072949,0.036012422,0.0348727,0.03070154,0.12602213,0.10824197,0.02993928,0.08441761,0.07378645,0.036414005
1.2.826.0.1.3680043.8.498.18092766733837308394607532608319746043,0.043157313,0.032552924,0.3108352,0.061111156,0.31113833,0.13790822,0.46929675,0.36114842,0.055799115,0.21136308,0.060906235,0.021208102
1.2.826.0.1.3680043.8.498.18113123512696698441392990570166201548,0.18367626,0.088346705,0.23482993,0.089295715,0.03217587,0.025730452,0.057466026,0.2206943,0.02722921,0.07162265,0.18326953,0.045121107
1.2.826.0.1.3680043.8.498.18114567737638963627123562895002602285,0.10467499,0.06770849,0.098430134,0.05327607,0.025620263,0.023740493,0.07056653,0.14534664,0.027753348,0.07154624,0.121862486,0.04295205
1.2.826.0.1.3680043.8.498.18175450083338316799857698898702333009,0.24439667,0.11054552,0.4463243,0.16825347,0.08411885,0.047257185,0.099516824,0.4657077,0.05118497,0.12709007,0.29033983,0.055922586
1.2.826.0.1.3680043.8.498.18176586296602067352845573876750324761,0.07149701,0.05638345,0.08464468,0.040263522,0.030099114,0.025843741,0.08572693,0.11635492,0.02687803,0.07172643,0.08747525,0.03679053
1.2.826.0.1.3680043.8.498.18199465156572252531439880765733639584,0.17255875,0.07182217,0.45419696,0.13136306,0.10671986,0.056139648,0.15147702,0.3856504,0.036038205,0.14341134,0.21046366,0.036415424
1.2.826.0.1.3680043.8.498.18230847745299902998425838090653825745,0.08054964,0.053958602,0.08922709,0.04369964,0.029527351,0.025785945,0.08236434,0.14424811,0.026101595,0.07559689,0.09615553,0.033857003
1.2.826.0.1.3680043.8.498.18245500498843512203508664874652003124,0.48848966,0.20543168,0.64110357,0.32443747,0.0964513,0.056972045,0.079494536,0.5220785,0.06428922,0.117860354,0.4303299,0.096313775
1.2.826.0.1.3680043.8.498.18315708641533862849721595991941979080,0.53236526,0.329821,0.83523506,0.61552936,0.6386834,0.3611305,0.4097276,0.8136673,0.45130643,0.33698165,0.46595156,0.17928761
1.2.826.0.1.3680043.8.498.18344563362014614046776037921812502569,0.17767055,0.11117508,0.8198817,0.32307234,0.7971054,0.4732798,0.71677184,0.70876044,0.2494745,0.41572842,0.17688295,0.052510697
1.2.826.0.1.3680043.8.498.18350185433331570523543207086298834067,0.13817245,0.07006727,0.19623972,0.074297935,0.030928219,0.025151847,0.06115003,0.2181232,0.025694955,0.08074489,0.17334203,0.038601037
1.2.826.0.1.3680043.8.498.18389676218363070462526838642303976332,0.057888318,0.052104045,0.41315386,0.09493606,0.59020764,0.30833218,0.6765604,0.4000956,0.12240171,0.3210204,0.06845753,0.038090084
1.2.826.0.1.3680043.8.498.18392509497170616983977319528036573378,0.6867842,0.38094348,0.7918329,0.5854604,0.23799455,0.1377389,0.13952428,0.6944417,0.18935442,0.18592471,0.59650856,0.19522442
1.2.826.0.1.3680043.8.498.18403627643718880914843209837672242908,0.16977853,0.0850433,0.20623894,0.081897736,0.029180879,0.0248585,0.056679465,0.20618121,0.026754174,0.06995255,0.17875476,0.044722877
1.2.826.0.1.3680043.8.498.18509793799833391995987656714798904411,0.062595434,0.04036558,0.262585,0.071466975,0.18199985,0.09023512,0.2944912,0.36924317,0.04957684,0.18705419,0.097530976,0.026311126
1.2.826.0.1.3680043.8.498.18518393141873346710197645305647124682,0.04256208,0.036365885,0.1801287,0.04183815,0.18066148,0.0997903,0.4090904,0.20940448,0.044676706,0.15613519,0.058679517,0.027006345
1.2.826.0.1.3680043.8.498.18529656610752887218162968403101035390,0.055657584,0.045059144,0.07351643,0.03383737,0.03726117,0.032569613,0.124697864,0.10611797,0.0280262,0.08460708,0.07325928,0.032891795
1.2.826.0.1.3680043.8.498.18592535981451766048952107991674227570,0.0983819,0.04584929,0.5110871,0.09709297,0.14615773,0.058061812,0.22405255,0.39980054,0.029768936,0.1229642,0.11945601,0.021478293
1.2.826.0.1.3680043.8.498.18614704377104425868545800677445972261,0.038085792,0.031436533,0.14558814,0.03849926,0.14996606,0.07904295,0.3607798,0.20910607,0.03798027,0.1503823,0.055073153,0.023113461
1.2.826.0.1.3680043.8.498.18625377919309205857120774497713011583,0.19367072,0.09965594,0.17137316,0.09672809,0.0337432,0.02967894,0.059254732,0.25818127,0.036014125,0.08339875,0.20134826,0.05346571
1.2.826.0.1.3680043.8.498.18653838887148864162027930218548124748,0.063876316,0.05180035,0.07677908,0.037111457,0.034398254,0.03031949,0.114115074,0.11663145,0.028566958,0.078426555,0.075288124,0.033911433
1.2.826.0.1.3680043.8.498.18671006890719350655167441375718348829,0.1883498,0.0781269,0.37957036,0.13397661,0.07327055,0.040626973,0.07990591,0.43639144,0.038166117,0.12872347,0.23776414,0.039220106
1.2.826.0.1.3680043.8.498.18680059761479598675335345641208680006,0.132968,0.05867775,0.3512305,0.08135087,0.060631137,0.039774723,0.11309157,0.23968859,0.026594458,0.08922263,0.13961083,0.029040422
1.2.826.0.1.3680043.8.498.18695727379446620258431748063749176639,0.34656528,0.15163979,0.47400522,0.20095386,0.062934086,0.03957511,0.07027667,0.4573432,0.04908335,0.10702924,0.36142907,0.07203026
1.2.826.0.1.3680043.8.498.18721466442792788108431096912844719622,0.6539107,0.3375961,0.6492923,0.47792825,0.13065696,0.0907278,0.0842526,0.61277664,0.1337576,0.14020886,0.54079103,0.16242617
1.2.826.0.1.3680043.8.498.18758199166360428760124471581842191566,0.12951818,0.057372816,0.2678457,0.07917915,0.04761164,0.029330574,0.08668964,0.28157693,0.024341773,0.08635522,0.14548598,0.027920466
1.2.826.0.1.3680043.8.498.18792568294433896490648198192877693850,0.042133663,0.033698637,0.09818176,0.034061383,0.0694152,0.044767853,0.21718007,0.16423883,0.028505005,0.110181294,0.06059775,0.0229027
1.2.826.0.1.3680043.8.498.18807952338149288346040972005636698334,0.24089596,0.10899048,0.22217801,0.108273715,0.032245878,0.028100427,0.0535411,0.24935062,0.032311503,0.0738728,0.21743488,0.055225268
1.2.826.0.1.3680043.8.498.18825393854436144614202928260751418496,0.30861014,0.16312595,0.79434454,0.42456216,0.5630555,0.25935528,0.4292133,0.7553918,0.24520625,0.29647785,0.29214278,0.07859529
1.2.826.0.1.3680043.8.498.18848481788456572234982139368351538716,0.21941441,0.10275271,0.27061367,0.10516893,0.03353277,0.027558954,0.055770814,0.23684858,0.029932737,0.073394,0.21176954,0.050854765
1.2.826.0.1.3680043.8.498.18879049235810379709186936621085221483,0.113052994,0.072520755,0.7211407,0.18365279,0.56972283,0.24943195,0.536925,0.60785925,0.12792738,0.26197565,0.11640441,0.032127764
1.2.826.0.1.3680043.8.498.18899625751876258520147203904985857313,0.08942111,0.06570817,0.077029616,0.04417758,0.026333245,0.025670938,0.07536832,0.12708823,0.029984977,0.06925148,0.09650529,0.040584635
1.2.826.0.1.3680043.8.498.18931107448953327254073392032141677797,0.11970551,0.069412045,0.72148514,0.20843656,0.51884806,0.21633483,0.48847747,0.656096,0.12186008,0.2679684,0.14092822,0.031827223
1.2.826.0.1.3680043.8.498.18968967345606818331567480514437075646,0.11012378,0.054606955,0.49835378,0.12661743,0.19571394,0.08325035,0.25727615,0.49406156,0.05037913,0.18401131,0.14105965,0.02656257
1.2.826.0.1.3680043.8.498.18993960105596277135383396226525760874,0.055459682,0.044435665,0.07464313,0.03370338,0.03797181,0.03332942,0.12868756,0.105443835,0.027977802,0.085078,0.07181959,0.032447446
1.2.826.0.1.3680043.8.498.19034825848229751701363461935217290295,0.058920123,0.04868241,0.06654966,0.03556997,0.03410764,0.030024111,0.11160836,0.11727119,0.028780015,0.0829831,0.07499925,0.03333313
1.2.826.0.1.3680043.8.498.19104350033985745058396432133828748480,0.061125148,0.04696873,0.08059164,0.038536534,0.034266762,0.028517976,0.09131068,0.14967158,0.027780628,0.09559963,0.09222631,0.03187257
1.2.826.0.1.3680043.8.498.19124879088354547836118593585646705198,0.049156655,0.03372848,0.26782855,0.061257128,0.19298828,0.09336481,0.3432547,0.34189558,0.04138143,0.18632272,0.079809465,0.022252453
1.2.826.0.1.3680043.8.498.19178214677492694135853596920291058397,0.049731754,0.032762147,0.36550763,0.07092046,0.27428553,0.116738565,0.41966608,0.40055528,0.049103983,0.20645702,0.070334524,0.019464841
1.2.826.0.1.3680043.8.498.19183011851352129901149443549646899548,0.26466012,0.1187396,0.30699074,0.13796513,0.04661731,0.03270125,0.06362369,0.36706883,0.03910672,0.09708818,0.28683007,0.06047144
1.2.826.0.1.3680043.8.498.19194090255958016414082788444327981898,0.066338785,0.051039133,0.0793597,0.03892475,0.031217545,0.028005153,0.10271566,0.12784654,0.02696816,0.074955285,0.07888158,0.032096937
1.2.826.0.1.3680043.8.498.19197037365998103318720742154440921358,0.04531856,0.038016673,0.32621363,0.06444328,0.41554135,0.19399086,0.57315564,0.34781343,0.0741119,0.23577589,0.05842513,0.026055796
1.2.826.0.1.3680043.8.498.19198152070740205434848422424805073748,0.3607881,0.1431608,0.4057729,0.20290506,0.061006796,0.041843332,0.057434723,0.43867177,0.04991283,0.11366111,0.35409972,0.07393084
1.2.826.0.1.3680043.8.498.19291375342005405073321673638971145777,0.4494026,0.18937291,0.5074569,0.2821296,0.080669954,0.052759588,0.06710977,0.50467646,0.0634532,0.1297047,0.4241773,0.09449955
1.2.826.0.1.3680043.8.498.19342628541833173544083802327412975225,0.14246869,0.12816139,0.71183014,0.26269427,0.8038044,0.52654976,0.7392982,0.62719786,0.33909976,0.43297356,0.123579234,0.07252337
1.2.826.0.1.3680043.8.498.19374331384306309057311171252852774841,0.16198935,0.093780436,0.71910495,0.28377673,0.57920843,0.28002694,0.4561799,0.7303017,0.20267676,0.364044,0.20245887,0.04947554
1.2.826.0.1.3680043.8.498.19419878169415950073207624537163068568,0.6665813,0.36762956,0.668995,0.5190594,0.17491955,0.11673415,0.11056317,0.66073656,0.17946103,0.17214565,0.57565236,0.19986933
1.2.826.0.1.3680043.8.498.19439950168933299231685815631786334293,0.19534098,0.078612626,0.5296939,0.13418171,0.08959423,0.04734261,0.12095396,0.3813455,0.03445522,0.09966418,0.19009127,0.03446721
1.2.826.0.1.3680043.8.498.19486520578867272329833751210055639515,0.07113867,0.05110628,0.08309336,0.040956046,0.030734722,0.026629081,0.09258019,0.14040114,0.026158098,0.0756778,0.08524142,0.031203339
1.2.826.0.1.3680043.8.498.19489875090732464985703624680756212359,0.058536313,0.051678907,0.060139418,0.035779066,0.033980418,0.030571181,0.12588833,0.1059947,0.030623369,0.08398891,0.07498443,0.03660234
1.2.826.0.1.3680043.8.498.19512754570664577075249836633718382506,0.060898192,0.045207553,0.10978167,0.039338917,0.03802664,0.03081597,0.113136485,0.1458332,0.02612447,0.09048238,0.09203947,0.02912513
1.2.826.0.1.3680043.8.498.19516545000256238042886469152307943182,0.073121384,0.04624323,0.11226399,0.046814784,0.036043055,0.027222216,0.08045923,0.19920404,0.025807764,0.09730379,0.1119641,0.029127635
1.2.826.0.1.3680043.8.498.19573195389434178432956976770560221462,0.05352205,0.044077087,0.09081026,0.034589116,0.048925005,0.03784102,0.1820778,0.12412582,0.02969065,0.094735995,0.073991984,0.032047383
1.2.826.0.1.3680043.8.498.19592989024994864431870593504844309885,0.10469707,0.059648216,0.13822128,0.06106364,0.036529947,0.027812507,0.079913005,0.21827112,0.027142072,0.08211717,0.12480207,0.03244707
1.2.826.0.1.3680043.8.498.19601428113073026637547887698342670296,0.09121945,0.06377257,0.0961135,0.04746144,0.025697311,0.024126615,0.07399594,0.1348264,0.027537571,0.06790252,0.11086837,0.043365195
1.2.826.0.1.3680043.8.498.19624674714110931897302481276137067638,0.100908294,0.058208052,0.1205524,0.0565919,0.030684382,0.025428543,0.06341951,0.19675511,0.027388781,0.08966318,0.13628303,0.036273934
1.2.826.0.1.3680043.8.498.19706775737718777290660344285046025310,0.048704248,0.031774454,0.28255227,0.06332344,0.18184997,0.086760156,0.25526357,0.40624097,0.044804893,0.20713168,0.09090698,0.020777602
1.2.826.0.1.3680043.8.498.19722687746450343001601428638894755031,0.09764254,0.054828696,0.6198147,0.15334404,0.40507457,0.15709972,0.43622163,0.592765,0.082270615,0.24848703,0.11465333,0.024938034
1.2.826.0.1.3680043.8.498.19788612491138642031531719942303619648,0.06649644,0.038376555,0.4350711,0.0906428,0.25184804,0.100350104,0.34627736,0.4629164,0.05006702,0.17745614,0.08733919,0.019881858
1.2.826.0.1.3680043.8.498.19813267030974842239752491935957206955,0.25619942,0.10613744,0.5214893,0.19538589,0.10567581,0.053097248,0.09674906,0.5324823,0.05323994,0.14829156,0.306713,0.051403724
1.2.826.0.1.3680043.8.498.19821498229702528191367700655079805824,0.24370226,0.10190289,0.75922674,0.26523727,0.2724654,0.1070087,0.2515232,0.6290731,0.0738287,0.20006308,0.2823161,0.045377556
1.2.826.0.1.3680043.8.498.19830663206351645385520268848711462246,0.061389234,0.048793003,0.06905404,0.036657568,0.03352096,0.029232182,0.0910017,0.13136235,0.029173682,0.092210405,0.08570896,0.035037685
1.2.826.0.1.3680043.8.498.19832308119617081676615236082965891208,0.07277636,0.06475592,0.56263816,0.1377829,0.6936842,0.38935724,0.70588934,0.5046039,0.17311609,0.35285822,0.0803307,0.040898945
1.2.826.0.1.3680043.8.498.19845711038895023426012115550237130530,0.18873118,0.12936446,0.8309131,0.32709065,0.7712054,0.41425535,0.6635868,0.70883775,0.2539837,0.3688033,0.17052351,0.057642043
1.2.826.0.1.3680043.8.498.19871496221665809577186118817075295760,0.4004685,0.18374503,0.31309918,0.18762076,0.04113575,0.03736204,0.05015029,0.33707935,0.051750418,0.09158141,0.33541143,0.09347691
1.2.826.0.1.3680043.8.498.19887850741193535685529812263489892001,0.25748315,0.11737291,0.2724455,0.1204539,0.033454675,0.02825526,0.05133652,0.25626695,0.032714076,0.074830934,0.24071735,0.059234332
1.2.826.0.1.3680043.8.498.19895710326297085463251295629948896948,0.39855322,0.15209989,0.5095977,0.21153337,0.06305317,0.043531176,0.069344684,0.38902456,0.041261952,0.10026202,0.35577658,0.06951107
1.2.826.0.1.3680043.8.498.19925337578871911327225897926650188274,0.043405093,0.03263323,0.12439403,0.035343118,0.090818554,0.0566555,0.25322112,0.15975004,0.026340304,0.122947305,0.0661851,0.023019452
1.2.826.0.1.3680043.8.498.19965044457637713843792494926652048462,0.05235794,0.037670914,0.10037774,0.0366763,0.045147326,0.032562084,0.14141387,0.16071096,0.02484982,0.091070436,0.07260211,0.023506591
1.2.826.0.1.3680043.8.498.19977273190231806393528180968361858122,0.0653428,0.038163673,0.4851135,0.0851849,0.26634166,0.10946269,0.38094407,0.4271263,0.04673713,0.17406876,0.086154856,0.020465052
1.2.826.0.1.3680043.8.498.20023559426196341254845485444587607391,0.3678924,0.16363588,0.6230131,0.29347315,0.14947896,0.07614028,0.133236,0.5575561,0.083256505,0.13840175,0.36664757,0.0823029
1.2.826.0.1.3680043.8.498.20063306448698185569553477478719533390,0.6069047,0.3075965,0.79426116,0.5378144,0.29900163,0.16198021,0.19833007,0.69052345,0.1775379,0.22014906,0.5572961,0.164373
1.2.826.0.1.3680043.8.498.20123813962665544845986028832159432587,0.066761,0.054058317,0.07042336,0.037340205,0.030427653,0.027582156,0.092814095,0.11734646,0.028529877,0.07487249,0.08150503,0.03662437
1.2.826.0.1.3680043.8.498.20134168618929769962391688049013971830,0.047192164,0.042796295,0.065692104,0.033645943,0.048129506,0.038179073,0.1868153,0.10990221,0.03052757,0.098693624,0.06728089,0.03180132
1.2.826.0.1.3680043.8.498.20156361590688072955579948030116579099,0.27520275,0.1704988,0.83231646,0.4499496,0.75614715,0.43343258,0.5717823,0.81004715,0.42114893,0.37638676,0.24833226,0.078856714
1.2.826.0.1.3680043.8.498.20184541870535223885310764061146422870,0.067290284,0.05537386,0.06999737,0.03776233,0.030665752,0.028739035,0.09710558,0.11153385,0.029334292,0.07605547,0.079437815,0.0376776
1.2.826.0.1.3680043.8.498.20192024727432864451309151144591371229,0.07303708,0.05272041,0.08017641,0.04046753,0.029816922,0.026358519,0.08692022,0.1330509,0.026871912,0.076402314,0.0892685,0.03416631
1.2.826.0.1.3680043.8.498.20196165276643741937915346646793735100,0.092865475,0.08792373,0.63229537,0.19689725,0.8023271,0.5327962,0.7787557,0.57218605,0.29661047,0.42501965,0.089348,0.057899397
1.2.826.0.1.3680043.8.498.20204907530808218314127264658715054041,0.12068717,0.09792271,0.7387406,0.2543169,0.8121015,0.50823313,0.73415476,0.6838749,0.32960153,0.4349706,0.11137717,0.052697033
1.2.826.0.1.3680043.8.498.20232953944759707220316171133595554284,0.20389923,0.16111188,0.83228326,0.431837,0.8690252,0.6233807,0.7547352,0.7908793,0.53805226,0.4764908,0.17858154,0.08055173
1.2.826.0.1.3680043.8.498.20266523169651039493799975212435349766,0.121046655,0.05347791,0.42003676,0.09715928,0.09588348,0.047309205,0.15408711,0.3733197,0.030827327,0.10604603,0.1272041,0.022326259
1.2.826.0.1.3680043.8.498.20269296702024202621734017056347194499,0.52303207,0.26323792,0.8060907,0.5210314,0.36545897,0.17502625,0.23621109,0.74223506,0.19880618,0.23011923,0.48002192,0.12793538
1.2.826.0.1.3680043.8.498.20301796413163444642416918108994411350,0.19004838,0.082677156,0.3482602,0.10626332,0.042452,0.028380474,0.069002435,0.28301567,0.02615726,0.07945517,0.20320323,0.03961104
1.2.826.0.1.3680043.8.498.20375739629244657719385962474248679850,0.041945815,0.032803006,0.27080092,0.05402638,0.27167973,0.12756169,0.46536994,0.3151755,0.051195476,0.20087655,0.05915857,0.022132026
1.2.826.0.1.3680043.8.498.20411068889491114730824265411248922690,0.12896547,0.06487656,0.5201326,0.13645734,0.17823721,0.0791031,0.22308773,0.5249809,0.058799524,0.17342669,0.18095244,0.03300879
1.2.826.0.1.3680043.8.498.20427402498958253193571475926580142499,0.458435,0.3013496,0.8505585,0.6100343,0.75382376,0.46373314,0.5316576,0.8319935,0.5315652,0.39734983,0.40216097,0.15903166
1.2.826.0.1.3680043.8.498.20472525526345683475357475395677168372,0.03977625,0.03368264,0.114217706,0.034133825,0.097539864,0.05954324,0.28962722,0.14696346,0.03190252,0.11996335,0.05719203,0.025334163
1.2.826.0.1.3680043.8.498.20488337421252584047930242186072775007,0.7419604,0.46682265,0.73158586,0.61759055,0.21571878,0.1505278,0.11908102,0.69409794,0.24453518,0.18042505,0.62986356,0.25375685
1.2.826.0.1.3680043.8.498.20509336519532058090925280050885010886,0.49525937,0.20370105,0.68297327,0.33720446,0.123326145,0.07236256,0.10018842,0.541203,0.07402669,0.121045664,0.40552214,0.0888835
1.2.826.0.1.3680043.8.498.20521417572710861366819886462837836465,0.086709015,0.078833275,0.6213675,0.16262573,0.7680983,0.51789343,0.7726859,0.48371965,0.24713616,0.40299946,0.08432532,0.05490596
1.2.826.0.1.3680043.8.498.20522330861615570894210641293344468905,0.6806821,0.3765304,0.62104094,0.47594962,0.11783641,0.091635354,0.07971885,0.575856,0.14244244,0.14069545,0.55102026,0.18556629
1.2.826.0.1.3680043.8.498.20587514285427671071934631922521946816,0.09169294,0.04730146,0.2810157,0.07731374,0.07054128,0.037591446,0.14855126,0.29555613,0.02613377,0.108422935,0.120809615,0.024936574
1.2.826.0.1.3680043.8.498.20600318722531772866761132262772105640,0.0441679,0.035867937,0.18931788,0.042497855,0.19513765,0.11086878,0.42586887,0.18696536,0.03836363,0.17026213,0.063281424,0.027265325
1.2.826.0.1.3680043.8.498.20640858366001462094044810443654811785,0.50434583,0.21557589,0.7248926,0.39451826,0.1678093,0.08401447,0.12219824,0.6284805,0.09499393,0.14261758,0.44262183,0.09464618
1.2.826.0.1.3680043.8.498.20690227395174139480327772367312879333,0.08075974,0.060151383,0.08936278,0.04396482,0.028037524,0.024650646,0.07679819,0.12273634,0.027338514,0.06823938,0.09473569,0.038195033
1.2.826.0.1.3680043.8.498.20733151481921261415295204209910573639,0.4468935,0.21226682,0.7556719,0.44151604,0.33866766,0.15640886,0.23408823,0.7083549,0.16467051,0.22712801,0.41130015,0.1047312
1.2.826.0.1.3680043.8.498.20781255814255169306555078952156148784,0.6335337,0.33676657,0.7750538,0.5610101,0.26240346,0.14194463,0.15387057,0.7190193,0.19406521,0.18192431,0.5478792,0.16439699
1.2.826.0.1.3680043.8.498.20801986011906346655458394198951999413,0.043022115,0.03895528,0.09612607,0.035865232,0.079340294,0.054040425,0.28097242,0.13514043,0.03414606,0.11831562,0.062384106,0.029849714
1.2.826.0.1.3680043.8.498.20850785960533583051456342090773230767,0.39799726,0.15966117,0.7320503,0.33115748,0.17306022,0.081291586,0.13900411,0.6158719,0.07648419,0.1684477,0.40493166,0.073241085
1.2.826.0.1.3680043.8.498.20852351697358589606507109300359572624,0.117453806,0.06551789,0.53843755,0.116572276,0.19019161,0.08904718,0.26495525,0.41391587,0.04889912,0.1499718,0.13171266,0.029779203
1.2.826.0.1.3680043.8.498.20859518005209632163032213488405671537,0.08760844,0.04861438,0.3997688,0.07745559,0.11657811,0.060009252,0.2193707,0.3156741,0.032362454,0.12369433,0.10867843,0.024084376
1.2.826.0.1.3680043.8.498.20933151653103548000061448393771614270,0.057511874,0.041322898,0.09870775,0.03778718,0.039303683,0.029518537,0.123350754,0.15561552,0.024252083,0.08697228,0.07833527,0.025261452
1.2.826.0.1.3680043.8.498.20947841686457891570351579406919873254,0.08315962,0.06368919,0.0764834,0.042476818,0.028022137,0.026132386,0.08154893,0.12434423,0.031084284,0.072892,0.096487194,0.041434348
1.2.826.0.1.3680043.8.498.20953536352252551462901259297974956430,0.04218239,0.032941114,0.27426487,0.05642322,0.31502587,0.14298223,0.49349317,0.33847037,0.05767828,0.22125348,0.059966423,0.022786286
1.2.826.0.1.3680043.8.498.20969353615978236040448556356026349615,0.07872152,0.047924466,0.40735835,0.0807102,0.17283238,0.08356289,0.2999478,0.34849524,0.04073546,0.14581092,0.093931355,0.024560405
1.2.826.0.1.3680043.8.498.21012635480218712816069264326295410954,0.07291499,0.062780224,0.55798095,0.14224805,0.6935459,0.3860064,0.7164942,0.5194955,0.18453532,0.3474057,0.07581656,0.038108394
1.2.826.0.1.3680043.8.498.21024377993947321291280779867493407199,0.044905018,0.037945267,0.11929089,0.035667982,0.08871481,0.05891611,0.30117512,0.14318235,0.034402452,0.12457187,0.06439602,0.029543513
1.2.826.0.1.3680043.8.498.21060274255072711241653174133146945101,0.09581232,0.060359128,0.5707491,0.13061902,0.37744552,0.1582539,0.44079798,0.52655196,0.08142713,0.22569533,0.104622036,0.027402943
1.2.826.0.1.3680043.8.498.21116046804798247223618072736212944615,0.072810024,0.056251645,0.08518267,0.04059736,0.029609937,0.025498232,0.08285961,0.11897522,0.026945092,0.07088504,0.08966024,0.037301067
1.2.826.0.1.3680043.8.498.21135201439483157418374033420156525658,0.069295056,0.052622624,0.08317795,0.03988573,0.030768031,0.025759662,0.09143684,0.14655064,0.02700422,0.080016315,0.09367367,0.033029947
1.2.826.0.1.3680043.8.498.21142867813782396036287673290033987859,0.07040889,0.0390644,0.2721977,0.060532168,0.09288042,0.049149357,0.19953176,0.29363278,0.027007721,0.11412895,0.087375455,0.019288559
1.2.826.0.1.3680043.8.498.21239630702461934662855021164119114203,0.34069398,0.13116212,0.7142537,0.2776103,0.14689735,0.069096796,0.13348214,0.5667548,0.05948106,0.14826663,0.36473325,0.058410853
1.2.826.0.1.3680043.8.498.21294732642571417618432023007693943849,0.22508746,0.08283489,0.56919813,0.16080096,0.087090015,0.043512907,0.10467765,0.4397685,0.03394582,0.11803633,0.26207575,0.038442254
1.2.826.0.1.3680043.8.498.21312254534068992054745674608909722454,0.08231111,0.061431587,0.09363491,0.04426594,0.028246986,0.02489621,0.07545123,0.122885264,0.026985025,0.06853439,0.09687803,0.03844647
1.2.826.0.1.3680043.8.498.21322638458116180116030396109651929596,0.33807704,0.15006453,0.29967573,0.15605652,0.041316736,0.034784447,0.056025174,0.30347916,0.04290066,0.08161724,0.2662778,0.069717266
1.2.826.0.1.3680043.8.498.21389336408905524316915532623385847283,0.09929081,0.049297303,0.3855318,0.10107957,0.11617558,0.053671274,0.1401962,0.46405986,0.039772864,0.16400814,0.16043246,0.025783863
1.2.826.0.1.3680043.8.498.21403015320378798778538823075316902483,0.05214009,0.039195485,0.36655423,0.071710855,0.45730436,0.22382356,0.60067576,0.32462832,0.062545635,0.25893483,0.068607286,0.027518747
1.2.826.0.1.3680043.8.498.21413285047211074156709106352750752275,0.052705538,0.046508025,0.39721248,0.090714045,0.6002216,0.30995387,0.677487,0.4138262,0.12518221,0.32138368,0.06450419,0.034481555
1.2.826.0.1.3680043.8.498.21449012857520712901884874638467532958,0.27817497,0.13464224,0.8028264,0.375932,0.53263354,0.2177081,0.389714,0.76002055,0.19201005,0.26310977,0.25810045,0.055155873
1.2.826.0.1.3680043.8.498.21478660341431677113136859217606773871,0.082722284,0.058640823,0.085230544,0.044686724,0.027388839,0.02576983,0.08160381,0.13466427,0.027376834,0.070522286,0.09262767,0.035706438
1.2.826.0.1.3680043.8.498.21520719119040558609068952147312604007,0.16038522,0.1301793,0.79817146,0.34421897,0.85847366,0.5909727,0.7505961,0.76702553,0.47708252,0.46705872,0.14416276,0.06711811
1.2.826.0.1.3680043.8.498.21556073772857867149576001337847113661,0.042241763,0.03402684,0.21453424,0.047522616,0.2281557,0.1104496,0.4387786,0.27390787,0.04835235,0.1757732,0.05820612,0.023957813
1.2.826.0.1.3680043.8.498.21558570608416990974711670673431746511,0.12922676,0.06500008,0.2228232,0.07096451,0.034191612,0.024828056,0.070324674,0.2057282,0.022646993,0.07347688,0.14795375,0.034552675
1.2.826.0.1.3680043.8.498.21584859831565112159503971937497384030,0.066206634,0.04577162,0.11142423,0.042455897,0.039689973,0.030958338,0.09509376,0.18280862,0.028467992,0.10512847,0.10528442,0.030003669
1.2.826.0.1.3680043.8.498.21605506484276750075895228202564072044,0.074772865,0.041702222,0.46947998,0.0966914,0.23320433,0.09499037,0.33384204,0.46689197,0.04575192,0.1736636,0.0924607,0.01970486
1.2.826.0.1.3680043.8.498.21606196343708804451390109412118036330,0.03863904,0.032566756,0.2137753,0.049315557,0.28645968,0.13701685,0.4789839,0.2836484,0.05572769,0.21189573,0.057110377,0.02462499
1.2.826.0.1.3680043.8.498.21634792491972658759276025394685307053,0.101228,0.07219598,0.70625794,0.20340763,0.6962368,0.35371026,0.6480117,0.6688344,0.1991014,0.35437205,0.108726084,0.03591043
1.2.826.0.1.3680043.8.498.21636337451527049130190928852193267826,0.4872908,0.2174721,0.7080839,0.38929883,0.21554837,0.11699517,0.16959643,0.6064218,0.10989934,0.1983336,0.47082585,0.11600013
1.2.826.0.1.3680043.8.498.21726746202429506433532477857404854137,0.051500034,0.04279152,0.41963518,0.09709417,0.5585838,0.30057883,0.56400925,0.49107265,0.121439315,0.35676208,0.07973101,0.031652022
1.2.826.0.1.3680043.8.498.21769352980698937182060933429354012104,0.06860672,0.04826641,0.08946232,0.040129576,0.03276517,0.02672331,0.09651623,0.1479417,0.025269637,0.07640161,0.084195144,0.029674442
1.2.826.0.1.3680043.8.498.21798342483930597563659425189400765869,0.55031854,0.27877557,0.6138565,0.42693275,0.17100711,0.10676494,0.12175045,0.6345395,0.14432216,0.18267387,0.5027564,0.15546754
1.2.826.0.1.3680043.8.498.21862609534273524003153225756948913437,0.03745579,0.031113507,0.1396384,0.037792884,0.14602596,0.07866751,0.35172752,0.20647098,0.03786589,0.15270135,0.056192048,0.023076508
1.2.826.0.1.3680043.8.498.21868734450232158209414868901539475548,0.41094947,0.26512858,0.87489456,0.59232795,0.7924527,0.4885099,0.5706632,0.83548844,0.5189072,0.39456967,0.34982026,0.12396769
1.2.826.0.1.3680043.8.498.21874562538764236819894456417694074673,0.13532546,0.08148927,0.7378443,0.2383043,0.5879268,0.25394434,0.5494345,0.6771438,0.16072717,0.27842975,0.13600059,0.035769545
1.2.826.0.1.3680043.8.498.21904421326144238681996713485932410596,0.099018216,0.06949633,0.69951844,0.1850909,0.74186987,0.4185659,0.72511625,0.57253224,0.15622643,0.37499905,0.10994789,0.037428502
1.2.826.0.1.3680043.8.498.21937000442536121262190458446148124910,0.0651735,0.05294897,0.07312182,0.037471127,0.032429732,0.029102484,0.10696472,0.11558457,0.028470997,0.076842874,0.076440655,0.034836266
1.2.826.0.1.3680043.8.498.21954482915702797371609582020715955762,0.04878696,0.035848923,0.37511352,0.07395056,0.41090703,0.19108889,0.5477321,0.3857992,0.070302404,0.2633496,0.0709137,0.025491236
1.2.826.0.1.3680043.8.498.21991252201684723900045301917670383228,0.05052575,0.046592627,0.30905116,0.07258864,0.45910084,0.23648812,0.6467623,0.31182382,0.09345726,0.26988283,0.06341764,0.03744432
1.2.826.0.1.3680043.8.498.22007253197523827371600763959266047295,0.14026907,0.0923111,0.77216357,0.2482918,0.7642998,0.43860397,0.7081548,0.63870645,0.20321275,0.38070804,0.13647291,0.043848656
1.2.826.0.1.3680043.8.498.22025729757015485203756049440674914537,0.3963586,0.20626046,0.8777843,0.47943723,0.5700898,0.239175,0.39171574,0.7548907,0.21038648,0.25859666,0.34533,0.08216893
1.2.826.0.1.3680043.8.498.22027914323057444746912555313058666950,0.068912335,0.054513313,0.51204175,0.10183032,0.4961543,0.25942114,0.6016971,0.41354918,0.106515534,0.26592073,0.0762324,0.033944976
1.2.826.0.1.3680043.8.498.22053727963380087706894183799325067544,0.06640418,0.055483513,0.06523048,0.037263054,0.030501815,0.027991882,0.09682652,0.11140386,0.029821942,0.07583061,0.079851635,0.038329206
1.2.826.0.1.3680043.8.498.22057596860528658818833903685827585805,0.041025538,0.034753982,0.09621256,0.032451488,0.07649229,0.05029765,0.24430844,0.14571936,0.030609045,0.11850963,0.06312456,0.02587368
1.2.826.0.1.3680043.8.498.22088734384869383587217556574382319654,0.055072535,0.044558123,0.076323114,0.035338048,0.03969238,0.032744396,0.12803787,0.118752405,0.026243575,0.087543,0.07547241,0.029662319
1.2.826.0.1.3680043.8.498.22109739962224309418874538994436903404,0.0678987,0.05427672,0.5588283,0.13331114,0.6717352,0.34967387,0.68046117,0.54900366,0.16050488,0.3573982,0.07901273,0.03381522
1.2.826.0.1.3680043.8.498.22119720417177816110156744770171496965,0.67722845,0.38240817,0.6201409,0.47618607,0.12028724,0.09436765,0.08109981,0.5741425,0.1476302,0.14174636,0.54893786,0.18993802
1.2.826.0.1.3680043.8.498.22126824950877890715014783370071292997,0.16875133,0.11684884,0.8125773,0.29750174,0.76136315,0.40222967,0.66150266,0.6974799,0.23463452,0.3673818,0.15842636,0.053143177
1.2.826.0.1.3680043.8.498.22135282054716841452811687331325271982,0.6646798,0.36021113,0.6045071,0.48083082,0.13320483,0.097090244,0.08687721,0.6175738,0.15468183,0.15547952,0.5640905,0.19339536
1.2.826.0.1.3680043.8.498.22137222939487357840166329770642627189,0.37391493,0.15321314,0.44079068,0.19526726,0.05572953,0.03998941,0.061569124,0.3806379,0.04452802,0.09014979,0.31200603,0.06973484
1.2.826.0.1.3680043.8.498.22249763791584161324425922920269052844,0.07657055,0.03760753,0.37472302,0.07139406,0.12371727,0.059045397,0.23322462,0.30909973,0.024747018,0.13643193,0.10614022,0.01972062
1.2.826.0.1.3680043.8.498.22263857526032448247006468310072414129,0.066189855,0.054321002,0.07116453,0.037212674,0.03047139,0.027395675,0.09215159,0.117570765,0.02860485,0.07443031,0.08134431,0.037102044
1.2.826.0.1.3680043.8.498.22275537949387641831010030150398063643,0.039829183,0.030645464,0.16549067,0.044138808,0.15055043,0.076503366,0.35682303,0.2287017,0.036715962,0.15025774,0.06017027,0.022558706
1.2.826.0.1.3680043.8.498.22338400095583099753286935111647807038,0.11520137,0.06645439,0.13976957,0.06054524,0.030454896,0.024135875,0.06501876,0.19901451,0.027911976,0.07917722,0.14696284,0.03840854
1.2.826.0.1.3680043.8.498.22357754074308826479280023393343731000,0.065887816,0.036398128,0.37948254,0.073530935,0.14931683,0.06628696,0.26144618,0.3655634,0.03287872,0.13812056,0.08487917,0.018270722
1.2.826.0.1.3680043.8.498.22394208178597637441149549895512290013,0.57751596,0.30521193,0.6770438,0.48893368,0.24148302,0.14713928,0.16801551,0.66005176,0.17872229,0.22235747,0.53655094,0.18836178
1.2.826.0.1.3680043.8.498.22398041676780235097751294563297953841,0.084228925,0.042474605,0.38194346,0.07804112,0.11407343,0.05295743,0.20381516,0.3653354,0.030201722,0.12659992,0.10424122,0.01959157
1.2.826.0.1.3680043.8.498.22398731807962276404889164827238996005,0.1944537,0.089149505,0.28925595,0.0980986,0.035889868,0.027257929,0.061816517,0.24326675,0.027212271,0.0749939,0.19776937,0.04444303
1.2.826.0.1.3680043.8.498.22407175411826914385667795929161924645,0.044810865,0.03508367,0.31324324,0.05974973,0.23435107,0.109529965,0.43263522,0.31253308,0.05067166,0.17162414,0.065777965,0.022560367
1.2.826.0.1.3680043.8.498.22426390571898968732573184721547490379,0.12900795,0.05907063,0.38861254,0.10970812,0.09038018,0.04484859,0.109647155,0.45040333,0.037713625,0.1419563,0.18802866,0.029601749
1.2.826.0.1.3680043.8.498.22456525904575663955604077506103354060,0.20278853,0.08922351,0.7515385,0.24688032,0.3073846,0.120958395,0.28609622,0.63837737,0.07934873,0.22180948,0.24651015,0.040390234
1.2.826.0.1.3680043.8.498.22480218016816209183384996714060953859,0.6853491,0.40494496,0.8048351,0.62886715,0.34470293,0.1972107,0.19014929,0.7339675,0.27478302,0.21727246,0.5930686,0.2156919
1.2.826.0.1.3680043.8.498.22508124641661887430614105328316053644,0.12521313,0.05521957,0.4549756,0.09651978,0.09237936,0.04732787,0.14815724,0.33718234,0.029222457,0.10348106,0.13507526,0.024942951
1.2.826.0.1.3680043.8.498.22583985355672251619550173090948161714,0.23517211,0.12918106,0.80280906,0.3739111,0.62752277,0.2900218,0.49196953,0.76563734,0.23647174,0.3300999,0.23076972,0.05619358
1.2.826.0.1.3680043.8.498.22594249996322566888700984133307337128,0.36562693,0.14831185,0.77023935,0.33970487,0.29321355,0.12526917,0.24143389,0.6300408,0.09150327,0.19867036,0.35146943,0.06433818
1.2.826.0.1.3680043.8.498.22594742481654038247097269358877852869,0.19045784,0.093217686,0.16426294,0.08616807,0.03056158,0.02681979,0.056431886,0.24075994,0.032577086,0.07330259,0.1810298,0.04739105
1.2.826.0.1.3680043.8.498.22596004572382994883130705870731193046,0.2273255,0.09459074,0.2656935,0.11820996,0.0417178,0.0305192,0.053635668,0.32847154,0.034540858,0.098293535,0.24991718,0.050607864
1.2.826.0.1.3680043.8.498.22617494262793136174349268379191631799,0.29501557,0.11579196,0.62527156,0.22074568,0.11252949,0.05610887,0.11133091,0.52501744,0.0499432,0.13961971,0.32781243,0.052778315
1.2.826.0.1.3680043.8.498.22632919018724241015271844108954804020,0.08367532,0.05554356,0.6258406,0.1503375,0.68129504,0.3690255,0.69273996,0.5303495,0.12627009,0.3441121,0.099668264,0.032237228
1.2.826.0.1.3680043.8.498.22656222254273662937226093008714426490,0.0490037,0.038527217,0.09340879,0.035042178,0.046710476,0.03392378,0.15180865,0.14622103,0.026518514,0.094287485,0.0722169,0.026271371
1.2.826.0.1.3680043.8.498.22678957404909201599340396039237525550,0.3960232,0.19292945,0.78861386,0.4451178,0.42039517,0.18784615,0.29545408,0.7402356,0.1907051,0.25717434,0.37326604,0.090824775
1.2.826.0.1.3680043.8.498.22684505799921376181913295621462268931,0.1946329,0.078462586,0.36688793,0.10752705,0.05238556,0.03225664,0.079932176,0.3052414,0.027954897,0.08080988,0.18636242,0.035668753
1.2.826.0.1.3680043.8.498.22803020644232321685575897661362804423,0.2997133,0.12257684,0.47227472,0.16878685,0.055535305,0.035910968,0.068618074,0.35952085,0.035872273,0.08865048,0.28052917,0.056082483
1.2.826.0.1.3680043.8.498.22867776500261605752195206933939172136,0.13715889,0.07580762,0.16359305,0.06576274,0.027941601,0.024380315,0.058987185,0.16414669,0.026078172,0.06828056,0.14275187,0.04241627
1.2.826.0.1.3680043.8.498.22886251629508830700774506697670139848,0.2380346,0.11971762,0.7186517,0.29192126,0.3840732,0.16282554,0.33652973,0.6901907,0.14154735,0.2549015,0.27611881,0.059575263
1.2.826.0.1.3680043.8.498.22938598188283919466040132624303635817,0.06491371,0.051938944,0.06742237,0.037611384,0.031893432,0.02941759,0.088209525,0.1215709,0.03026874,0.08885344,0.085003145,0.03629988
1.2.826.0.1.3680043.8.498.22985467719058223198642920273233975053,0.121722244,0.05981825,0.584971,0.14457783,0.24447386,0.093903,0.29229662,0.56323993,0.060826134,0.18998036,0.16263375,0.028404977
1.2.826.0.1.3680043.8.498.22990786875064680564672188701015740170,0.09500112,0.05644479,0.6514366,0.1470502,0.37846002,0.16142525,0.45173135,0.49752417,0.076461986,0.19948827,0.10530877,0.02705482
1.2.826.0.1.3680043.8.498.23043120269252616884307662769766701449,0.044347428,0.039026104,0.23067904,0.05603848,0.30200234,0.15379876,0.54127026,0.25480112,0.06370441,0.21758541,0.060214262,0.030896936
1.2.826.0.1.3680043.8.498.23046618786812839762801821364158313134,0.28314605,0.1659381,0.8402756,0.45033345,0.7127725,0.3730746,0.54015416,0.7994049,0.33129707,0.3621996,0.26291117,0.07451725
1.2.826.0.1.3680043.8.498.23063675880057833741455102729816364091,0.055748437,0.03925596,0.11278407,0.041188166,0.044809476,0.031483218,0.10517071,0.20141524,0.026770312,0.109960794,0.09523882,0.025342353
1.2.826.0.1.3680043.8.498.23065868481290440008286663193810913414,0.12565862,0.068047635,0.73297834,0.20738064,0.61879486,0.2897798,0.5951817,0.6122244,0.11478188,0.31047687,0.13930726,0.031546466
1.2.826.0.1.3680043.8.498.23073694267101759922738121732233014980,0.11619424,0.052441064,0.47561648,0.109672405,0.13750473,0.062891215,0.21074444,0.3812395,0.030905845,0.14770393,0.14973134,0.025935767
1.2.826.0.1.3680043.8.498.23081294963277525274551516232134221416,0.5720241,0.36577198,0.81636864,0.6336922,0.60591125,0.3583064,0.38638404,0.80043733,0.45218375,0.3437625,0.5145565,0.22100237
1.2.826.0.1.3680043.8.498.23094733099955217022059584418468076048,0.0507477,0.044895396,0.09974512,0.03620184,0.06981764,0.052198917,0.24953666,0.13139606,0.03532121,0.11460666,0.071039476,0.034507386
1.2.826.0.1.3680043.8.498.23107903961514228607587963030481481744,0.06273615,0.054425333,0.54479027,0.124373816,0.65602577,0.3405097,0.6893329,0.50840604,0.14760758,0.34271842,0.07717743,0.034920823
1.2.826.0.1.3680043.8.498.23166300530486600338569917595744444657,0.05196553,0.04212586,0.08383476,0.034767423,0.045259263,0.035454705,0.15458916,0.13935232,0.027883029,0.09050961,0.06830836,0.026738087
1.2.826.0.1.3680043.8.498.23182005205627494484490011351673355568,0.07313655,0.04071104,0.2787657,0.066759735,0.08396121,0.04493861,0.16514198,0.3369052,0.031153113,0.12637669,0.12054377,0.023338336
1.2.826.0.1.3680043.8.498.23378338408981699466914366379590099738,0.20108825,0.16008161,0.8293878,0.4181108,0.8736738,0.6271047,0.7515251,0.79613394,0.5558184,0.48877347,0.17077868,0.08070205
1.2.826.0.1.3680043.8.498.23394601328148358087542766577727876635,0.073640265,0.041808084,0.1684651,0.052635167,0.046593755,0.029607061,0.09298351,0.25317243,0.025192607,0.10808507,0.11999458,0.02442095
1.2.826.0.1.3680043.8.498.23409201792139701921731647470152180932,0.21720608,0.092403896,0.34906456,0.11612513,0.04123724,0.028693674,0.06373685,0.29224098,0.027700147,0.08032457,0.22554284,0.04386784
1.2.826.0.1.3680043.8.498.23422918444346962998731376196027420200,0.042847432,0.03530219,0.18747987,0.042798173,0.1495131,0.08616995,0.37912074,0.20097084,0.04178466,0.14185189,0.061838645,0.027150905
1.2.826.0.1.3680043.8.498.23427198594727947883953289189443006288,0.06107307,0.0500705,0.06717877,0.036172587,0.03290153,0.029199738,0.10652324,0.11710563,0.028715909,0.08124397,0.07666944,0.034085546
1.2.826.0.1.3680043.8.498.23518857399095666263158269685495375084,0.07413699,0.058610547,0.07389329,0.040001687,0.028281754,0.026400726,0.08271037,0.12106866,0.028651819,0.07239201,0.08778055,0.03914308
1.2.826.0.1.3680043.8.498.23523176367321534630723586470190430254,0.053871866,0.044686724,0.0690444,0.03468936,0.037692595,0.031525917,0.12720451,0.12392576,0.028198237,0.08719076,0.07164206,0.030302228
1.2.826.0.1.3680043.8.498.23677916081296740815989149501889343663,0.42329067,0.16838843,0.5296101,0.2383918,0.068323225,0.046284173,0.07037737,0.42752874,0.046878755,0.106496334,0.39524168,0.080200575
1.2.826.0.1.3680043.8.498.23686732555936573712275826587678502899,0.50000685,0.24150193,0.86110044,0.51034737,0.40745348,0.17370287,0.2611624,0.73635304,0.17287907,0.21188764,0.4364514,0.10252475
1.2.826.0.1.3680043.8.498.23703817737293327679300330167234268929,0.046162155,0.041178536,0.07419183,0.034987364,0.058013998,0.040424366,0.1794118,0.14827709,0.03099569,0.107497536,0.071762994,0.028329264
1.2.826.0.1.3680043.8.498.23713320796530316370039202981138376061,0.67764884,0.45087025,0.7735474,0.65741235,0.4340099,0.27496585,0.26360124,0.7607158,0.38569915,0.29211023,0.6157309,0.29753953
1.2.826.0.1.3680043.8.498.23719982492392272262684855675016475265,0.5455991,0.2617595,0.4670867,0.30560067,0.06528661,0.053952742,0.05790279,0.46098533,0.07858951,0.113182746,0.45303532,0.13321118
1.2.826.0.1.3680043.8.498.23733147518259581649562651915997449088,0.082107075,0.05588884,0.105089225,0.043798145,0.02955673,0.026451226,0.08208261,0.12618153,0.02469955,0.07087235,0.09841121,0.03469863
1.2.826.0.1.3680043.8.498.23757007145576852496599816072431075057,0.04899697,0.032889884,0.23098837,0.052119825,0.13314714,0.06487263,0.26446608,0.29978463,0.03412932,0.13614614,0.07466113,0.019898828
1.2.826.0.1.3680043.8.498.23822313132245448173452915228147497501,0.061313443,0.055823963,0.05904087,0.036393654,0.03403848,0.031788915,0.12517248,0.1014413,0.032360267,0.08430875,0.07594843,0.0398285
1.2.826.0.1.3680043.8.498.23833933822461809237193998300076847210,0.04920178,0.036262225,0.3197226,0.0743413,0.37752873,0.17165622,0.49423227,0.4126952,0.07373557,0.25136852,0.07644484,0.025558118
1.2.826.0.1.3680043.8.498.23849672490426589132734390202638283865,0.04245542,0.035106756,0.08921039,0.032646906,0.063238285,0.0433528,0.20488395,0.14788315,0.028966915,0.10678213,0.061780423,0.024568893
1.2.826.0.1.3680043.8.498.23911658810234305013984976739924353704,0.06136558,0.051145043,0.06795201,0.036800865,0.032091938,0.028747115,0.10518059,0.12213612,0.029039567,0.07984511,0.07952591,0.033708625
1.2.826.0.1.3680043.8.498.23939313916974849526459717576344063277,0.088524885,0.07558273,0.6713099,0.18638092,0.7727429,0.47329113,0.77018714,0.56946844,0.23624296,0.3889416,0.08749245,0.04649018
1.2.826.0.1.3680043.8.498.23956169649865635269920565218680494366,0.13112906,0.085933685,0.73317283,0.24589477,0.6923143,0.3500354,0.63124484,0.7071228,0.22554879,0.3576648,0.14825545,0.044875484
1.2.826.0.1.3680043.8.498.23986051274386630509877205174270047762,0.076029025,0.06012066,0.07181882,0.040475085,0.027891386,0.027029466,0.08317638,0.117437005,0.030285379,0.07338904,0.08770548,0.03887422
1.2.826.0.1.3680043.8.498.24012076387083114283116476459425015413,0.111079484,0.10017476,0.7144788,0.22871847,0.8361939,0.6051165,0.79034543,0.58024484,0.34808737,0.4474012,0.099156976,0.06413037
1.2.826.0.1.3680043.8.498.24068239310155798723127213793623172530,0.094672166,0.06880014,0.67028946,0.16952576,0.6930373,0.34172246,0.67296624,0.5660492,0.13858809,0.3213065,0.09911295,0.03679116
1.2.826.0.1.3680043.8.498.24101792822866991033671006059283560916,0.044636562,0.032158073,0.16947165,0.040392682,0.08823103,0.050972838,0.24224265,0.20284085,0.029572066,0.11313857,0.06630656,0.021486081
1.2.826.0.1.3680043.8.498.24126422042626612740219325272793737656,0.33811182,0.1494963,0.3497827,0.16274849,0.04030106,0.033216055,0.052324884,0.31381574,0.039608005,0.084059596,0.30258048,0.07275262
1.2.826.0.1.3680043.8.498.24209643225939781032698894992032106781,0.06710258,0.057201337,0.06673557,0.037485532,0.032594625,0.030703813,0.105074115,0.109484605,0.03175488,0.0792211,0.07763092,0.038994785
1.2.826.0.1.3680043.8.498.24219103446788192052503003052696523200,0.124315664,0.05783782,0.3632682,0.11120399,0.09834421,0.049074974,0.11348373,0.45392433,0.040758137,0.15454248,0.18733647,0.03125327
1.2.826.0.1.3680043.8.498.24220732394554303343522053195582322788,0.15706632,0.13728705,0.7984672,0.33802325,0.88136554,0.6739734,0.8112505,0.6914004,0.4911957,0.49830619,0.1295692,0.08194583
1.2.826.0.1.3680043.8.498.24267153760943721146187182369810590631,0.0472707,0.03676451,0.111855514,0.034086734,0.064003974,0.04570449,0.19840887,0.13841833,0.02530848,0.09970489,0.068055205,0.024424583
1.2.826.0.1.3680043.8.498.24283484945988825507450239904606754405,0.32656103,0.14962052,0.37272882,0.16402155,0.047149897,0.038030796,0.0657022,0.3154861,0.04372823,0.085050814,0.28706846,0.07420485
1.2.826.0.1.3680043.8.498.24291465113360632954006568021942978765,0.08723104,0.063974,0.5939237,0.1747675,0.6921838,0.3702922,0.6702969,0.61882997,0.20400305,0.3840402,0.108354434,0.042540904
1.2.826.0.1.3680043.8.498.24302889622350917085868032747474929504,0.40804306,0.16229607,0.49265194,0.23177616,0.06548092,0.044313185,0.066392265,0.44022486,0.048950177,0.097483754,0.3495184,0.07198845
1.2.826.0.1.3680043.8.498.24313647347273496316728514161733307557,0.07315265,0.060813595,0.59527767,0.13397709,0.5859402,0.30019805,0.6640469,0.47195196,0.1350498,0.2863162,0.08080583,0.0350512
1.2.826.0.1.3680043.8.498.24369332907731805266450307536793220148,0.05666281,0.04280857,0.42461023,0.0984491,0.52045935,0.24575189,0.588257,0.48195788,0.10632521,0.3011462,0.08089598,0.029121581
1.2.826.0.1.3680043.8.498.24432243084670627958434695475653885175,0.051750734,0.040316787,0.40896976,0.08025181,0.4847348,0.21255562,0.5834724,0.4203839,0.08126429,0.25133473,0.06440058,0.024964314
1.2.826.0.1.3680043.8.498.24478195415117310702720951368429189290,0.040473104,0.032450296,0.25343704,0.0545429,0.2620905,0.12599647,0.484492,0.28088936,0.051900577,0.19607252,0.058359776,0.023975588
1.2.826.0.1.3680043.8.498.24502332819381293694020055836255028614,0.22411619,0.09730328,0.7314698,0.25822744,0.29449072,0.11787293,0.26879308,0.62922144,0.083717264,0.220751,0.26667684,0.046220943
1.2.826.0.1.3680043.8.498.24529300482982370922479679056174585978,0.5162199,0.2638695,0.41722754,0.28352803,0.06468702,0.056169473,0.064355046,0.41612568,0.08091217,0.111075155,0.4137697,0.1367316
1.2.826.0.1.3680043.8.498.24555528844026121007453886375651403314,0.43182933,0.20790106,0.7148296,0.42122567,0.29426277,0.14089371,0.18246228,0.705512,0.15809877,0.24232773,0.45030424,0.1122252
1.2.826.0.1.3680043.8.498.24563801799946310644914912532825629118,0.20107794,0.089082964,0.27517593,0.11967431,0.051179033,0.034835197,0.06401399,0.35918793,0.037944537,0.11566893,0.24782065,0.049138878
1.2.826.0.1.3680043.8.498.24588524807799377432185260702152371503,0.21400934,0.08523292,0.70775557,0.21011429,0.1953895,0.07669425,0.19687629,0.56277764,0.051417604,0.16446176,0.25469267,0.037157737
1.2.826.0.1.3680043.8.498.24635589616467409099788838058892886889,0.10008964,0.049316157,0.5802684,0.11664751,0.23610461,0.086957574,0.313529,0.46213657,0.03996083,0.15412688,0.11836397,0.022437204
1.2.826.0.1.3680043.8.498.24661137747502154216858169258339731263,0.14549434,0.070007086,0.17639928,0.07555487,0.033660788,0.026641011,0.057164166,0.24404353,0.02860256,0.09243022,0.17716755,0.039435882
1.2.826.0.1.3680043.8.498.24679905857546029995247839380830345841,0.23069803,0.11839562,0.16640402,0.097795315,0.028645827,0.027311614,0.048960023,0.21954626,0.036594484,0.07194118,0.20452884,0.062014043
1.2.826.0.1.3680043.8.498.24680736086205072406257935876858402593,0.113267876,0.055616733,0.43429115,0.12516105,0.14705165,0.0666072,0.15926503,0.5045871,0.049775057,0.18856426,0.17447251,0.030021958
1.2.826.0.1.3680043.8.498.24714029982431301486050388345836960910,0.07580573,0.061720457,0.06892041,0.039442834,0.028257713,0.027715646,0.08766908,0.11548535,0.030750433,0.072630785,0.08456185,0.039699018
1.2.826.0.1.3680043.8.498.24758830794084473905762034032291806038,0.26739606,0.103257574,0.6240304,0.19397165,0.11607435,0.05702929,0.123836644,0.46195203,0.044250954,0.110879995,0.23824461,0.043222755
1.2.826.0.1.3680043.8.498.24808246532191535554375304081795021306,0.06620832,0.0416033,0.4620761,0.10095107,0.31118426,0.12250421,0.41989976,0.46831647,0.059138533,0.19345762,0.08332357,0.020687789
1.2.826.0.1.3680043.8.498.24826041178550854190310664677274404684,0.06629682,0.05444081,0.07141555,0.037960656,0.032203805,0.027882831,0.09559422,0.106503546,0.028515715,0.07578935,0.07949718,0.037889156
1.2.826.0.1.3680043.8.498.24866943620580666216571030343221534720,0.05732521,0.048843574,0.06850001,0.032628898,0.03640278,0.031648878,0.12783076,0.10495335,0.03027317,0.08284891,0.074413195,0.036549293
1.2.826.0.1.3680043.8.498.24872746733270791851241663716306993824,0.063219234,0.05263914,0.06677048,0.035726562,0.031764314,0.028948547,0.10247872,0.11347081,0.028980233,0.07738488,0.078024685,0.03620636
1.2.826.0.1.3680043.8.498.24875052319550288230112434151792125187,0.4135392,0.16565871,0.7143372,0.3053763,0.13087162,0.063256554,0.11203543,0.55102676,0.060783964,0.12655933,0.36897922,0.07086544
1.2.826.0.1.3680043.8.498.24940437326555494150792221007907527983,0.053755447,0.049682755,0.37732285,0.07736567,0.5426169,0.3007271,0.6828916,0.31673333,0.11289909,0.28827524,0.06318592,0.039212566
1.2.826.0.1.3680043.8.498.25006652485159423287561656594171884310,0.06742902,0.054360293,0.06784681,0.037172172,0.030976921,0.028378515,0.098255806,0.11292023,0.029008739,0.077245355,0.07956585,0.03690641
1.2.826.0.1.3680043.8.498.25010661650105533302140829168731585935,0.26800194,0.121703,0.25424078,0.13350235,0.037405204,0.029543098,0.05622636,0.29311162,0.035374884,0.0813396,0.2511042,0.061178673
1.2.826.0.1.3680043.8.498.25088333117273619121936521384053709674,0.06629682,0.05444081,0.07141555,0.037960656,0.032203805,0.027882831,0.09559422,0.106503546,0.028515715,0.07578935,0.07949718,0.037889156
1.2.826.0.1.3680043.8.498.25103708168569906591706406794385334861,0.060323063,0.047885403,0.12475966,0.040888622,0.055793505,0.041639768,0.19239238,0.14873424,0.030798942,0.09927072,0.08253885,0.032528613
1.2.826.0.1.3680043.8.498.25107837907285885353845034555062540189,0.14367001,0.06883298,0.23686676,0.08119965,0.035203952,0.026883118,0.06405494,0.24827108,0.025781365,0.085417785,0.18435696,0.036548823
1.2.826.0.1.3680043.8.498.25145588904873072866960435474159832047,0.060184456,0.048813082,0.06833897,0.036031596,0.033556763,0.029400868,0.10766664,0.1202965,0.02837791,0.08174851,0.07644507,0.03314213
1.2.826.0.1.3680043.8.498.25156207169523051276979595262558652072,0.11879617,0.081594996,0.7262509,0.23301989,0.81048685,0.50845027,0.7524679,0.6354329,0.23011175,0.43003982,0.12390204,0.04582421
1.2.826.0.1.3680043.8.498.25167060436407065195851060078175404789,0.45033917,0.18042497,0.70480824,0.33241457,0.14950633,0.0733738,0.12068486,0.59710115,0.075761095,0.13583808,0.39519206,0.078319736
1.2.826.0.1.3680043.8.498.25188196199869378521949969245728443004,0.04478749,0.03541296,0.35253808,0.076429546,0.3808756,0.19090271,0.442607,0.42509487,0.07697208,0.2872267,0.07769855,0.025383944
1.2.826.0.1.3680043.8.498.25196393144875332073285250936506555534,0.06321948,0.045232765,0.09146615,0.040223226,0.03617839,0.028504835,0.089142404,0.16805999,0.027445909,0.099816404,0.09855874,0.029718958
1.2.826.0.1.3680043.8.498.25206096958520407302630747466352252249,0.28337947,0.13152842,0.24837038,0.13249166,0.036346383,0.031757493,0.04943404,0.27618223,0.040191807,0.08985834,0.26291746,0.068444386
1.2.826.0.1.3680043.8.498.25252553477605568387898480443616118724,0.06744886,0.052596483,0.069571264,0.039115403,0.030688908,0.027911808,0.08262548,0.12922435,0.02970163,0.087552674,0.09100507,0.03670702
1.2.826.0.1.3680043.8.498.25259588756496584739814764896903786709,0.08742798,0.06576158,0.0825922,0.043826766,0.026087804,0.025908807,0.07763283,0.12014483,0.029103525,0.06925129,0.10109849,0.04464216
1.2.826.0.1.3680043.8.498.25266231062774974303723359806535863810,0.69078815,0.43191338,0.7214924,0.59414023,0.26270726,0.17177191,0.14831248,0.703388,0.25802597,0.1956928,0.61312264,0.25749615
1.2.826.0.1.3680043.8.498.25292715244575997322139502072242615319,0.15080492,0.12578273,0.8051917,0.3438087,0.86469007,0.6230541,0.79965407,0.70790863,0.4429411,0.46324393,0.13169228,0.070725404
1.2.826.0.1.3680043.8.498.25359770839263995354733835365510047109,0.0619408,0.037839737,0.14901452,0.04937123,0.054991793,0.033702973,0.105341546,0.26276505,0.027451556,0.12044539,0.10452223,0.023147615
1.2.826.0.1.3680043.8.498.25394815405242666778213609728680620077,0.059623957,0.044591513,0.08824047,0.037715476,0.037850216,0.02858482,0.104630224,0.16062494,0.027760802,0.089665875,0.09204003,0.02889139
1.2.826.0.1.3680043.8.498.25431207706481141354761246438973384670,0.07392545,0.04368161,0.53456163,0.11784423,0.36532912,0.14748718,0.42617297,0.5428173,0.07082155,0.23932606,0.09863587,0.022339093
1.2.826.0.1.3680043.8.498.25440342930186170531037102906687829898,0.07772572,0.05078916,0.12481914,0.045689233,0.031761106,0.024963897,0.08483543,0.14623639,0.02285675,0.071560144,0.09828145,0.031113744
1.2.826.0.1.3680043.8.498.25480883220477368504575353972328124891,0.15194377,0.07893925,0.15289368,0.076621234,0.03389143,0.028263906,0.06797002,0.20279534,0.030130351,0.078739665,0.15668605,0.045573376
1.2.826.0.1.3680043.8.498.25487225187305802150215261512092051199,0.11306923,0.09218153,0.7127349,0.22179899,0.8010637,0.48770115,0.7330818,0.6480362,0.27866337,0.40593916,0.104204334,0.04951874
1.2.826.0.1.3680043.8.498.25505153402978560400776672230220616863,0.0618553,0.053356394,0.06267041,0.036654465,0.032316614,0.02984218,0.10580722,0.10611186,0.03031836,0.08108936,0.076968946,0.038480848
1.2.826.0.1.3680043.8.498.25512240159357553134500245590935010104,0.042459358,0.038778104,0.0933789,0.034924366,0.07891984,0.052752096,0.27242047,0.13582484,0.033318073,0.11858666,0.062876604,0.029481927
1.2.826.0.1.3680043.8.498.25549974159486441938843396591725289882,0.5590231,0.33914468,0.76768905,0.5835978,0.47579378,0.27347538,0.3014615,0.7637532,0.34189618,0.30884123,0.52554095,0.21661003
1.2.826.0.1.3680043.8.498.25550871519416839807700061317524004550,0.64962554,0.36803058,0.5669683,0.42635942,0.104233116,0.089068055,0.07897766,0.52101433,0.13743277,0.13869941,0.5148045,0.18769708
1.2.826.0.1.3680043.8.498.25558526735614916746398919603493693652,0.16699392,0.09585401,0.7737899,0.2746332,0.57245624,0.24242833,0.4919437,0.71214014,0.16320817,0.28146154,0.17451744,0.03985402
1.2.826.0.1.3680043.8.498.25604547074218147115077644853162295379,0.0827811,0.05003928,0.14693579,0.048797008,0.033867344,0.02523054,0.08712011,0.1681148,0.022044756,0.07364201,0.103874214,0.028115306
1.2.826.0.1.3680043.8.498.25616615589791001678067099907823838797,0.04596697,0.031135703,0.23346847,0.049310435,0.19335984,0.09755838,0.3797406,0.25119615,0.033305537,0.1755357,0.072686605,0.021851974
1.2.826.0.1.3680043.8.498.25635522141852534580088120697977308505,0.23648992,0.11341334,0.79363465,0.31833142,0.44101244,0.17896152,0.3819549,0.6761199,0.13343231,0.20796642,0.2136691,0.045147996
1.2.826.0.1.3680043.8.498.25643897330283020467388814112594686690,0.048394054,0.035130363,0.13376895,0.03729028,0.06028874,0.037306633,0.17553417,0.18622883,0.025145788,0.097304836,0.06942984,0.021167817
1.2.826.0.1.3680043.8.498.25650384476012633612528314070894186451,0.27908146,0.18239562,0.87581766,0.44988057,0.8141102,0.47743014,0.6600967,0.7783874,0.3618537,0.397845,0.23014688,0.07815352
1.2.826.0.1.3680043.8.498.25663557443141366332431300959089922567,0.67892516,0.38973856,0.81341606,0.62357527,0.37761495,0.21850258,0.23210523,0.72992975,0.26463002,0.25568762,0.6114761,0.2228898
1.2.826.0.1.3680043.8.498.25663827732039068221184137540713755716,0.20154163,0.083688736,0.3649315,0.11493637,0.043978546,0.030243691,0.06615757,0.30978596,0.028170906,0.09052056,0.2373482,0.042226598
1.2.826.0.1.3680043.8.498.25679930222284447338484621953345520487,0.07101898,0.057437763,0.067684285,0.039554328,0.029076573,0.027395356,0.09174718,0.116418906,0.029761745,0.07471914,0.08273052,0.036900535
1.2.826.0.1.3680043.8.498.25695966186129395049687747156570466645,0.054067757,0.03696926,0.38573414,0.086221874,0.32199687,0.14804514,0.36437494,0.4858,0.069295935,0.27118078,0.094871245,0.023902826
1.2.826.0.1.3680043.8.498.25697539332996211770844878649053316629,0.07627059,0.044282272,0.20497319,0.051951353,0.044451937,0.031237671,0.110008866,0.20083357,0.022805646,0.09358248,0.116997026,0.026045179
1.2.826.0.1.3680043.8.498.25758766525934930593672922246867704103,0.18517493,0.08807303,0.7627245,0.22333305,0.35051325,0.12486279,0.33655086,0.6043799,0.073867224,0.19001213,0.19328326,0.03538796
1.2.826.0.1.3680043.8.498.25765711614507755527825654507920391096,0.065626256,0.045859896,0.4994325,0.102475904,0.5786203,0.2928577,0.6423869,0.4238527,0.08685739,0.301056,0.080095634,0.029093431
1.2.826.0.1.3680043.8.498.25766387275525303860953321689718246405,0.068412594,0.057934392,0.07240572,0.037671622,0.031433616,0.029898444,0.10712051,0.1079765,0.03082967,0.07716611,0.08274217,0.04232359
1.2.826.0.1.3680043.8.498.25766673238950703352855821505938941878,0.39690945,0.17659877,0.4940313,0.24437904,0.08206525,0.051915597,0.08167559,0.50243187,0.06440377,0.12746261,0.4040838,0.090041995
1.2.826.0.1.3680043.8.498.25792216289349936450377008453709520260,0.42853957,0.17285155,0.58757067,0.26207456,0.07812791,0.048309,0.0741792,0.46980852,0.04964164,0.10605294,0.37406358,0.07972681
1.2.826.0.1.3680043.8.498.25815857653380672532983223088817283976,0.065844454,0.05203337,0.5272048,0.123352654,0.6421927,0.3232768,0.6640261,0.5324907,0.15017731,0.34074035,0.07531242,0.032118056
1.2.826.0.1.3680043.8.498.25818541516137783435601858274495597736,0.212075,0.08827942,0.6095379,0.16577607,0.12150417,0.056820404,0.15180168,0.45404747,0.042259652,0.11701943,0.21024555,0.03660628
1.2.826.0.1.3680043.8.498.25856396695552621816673203639618612020,0.083326064,0.052815873,0.37536523,0.11150479,0.27243742,0.13271701,0.35001963,0.47252524,0.077290565,0.24435319,0.12949514,0.03522114
1.2.826.0.1.3680043.8.498.25899681172115698926926115441929702502,0.115903124,0.08385787,0.72380996,0.22657727,0.82617164,0.535983,0.77336085,0.61105895,0.23786297,0.43289897,0.11646354,0.048309732
1.2.826.0.1.3680043.8.498.25904473139226718487560978103077541725,0.041323125,0.0326156,0.15155713,0.03743221,0.13303818,0.07568862,0.33284292,0.17481387,0.030911807,0.14120723,0.062064793,0.023680106
1.2.826.0.1.3680043.8.498.25909078145370189195643713208718315003,0.09824551,0.08551798,0.671187,0.22467338,0.82390213,0.53232443,0.7629717,0.66126907,0.3381275,0.4419917,0.10020358,0.053147268
1.2.826.0.1.3680043.8.498.25928779639851562853500186715690156268,0.26709932,0.11780135,0.81472206,0.33241674,0.524611,0.2237454,0.4415965,0.68322355,0.1304063,0.27097097,0.2675661,0.050943345
1.2.826.0.1.3680043.8.498.25953117039631879376428439063599611036,0.14717074,0.06633637,0.32129654,0.08791319,0.043852076,0.02765339,0.078509435,0.26695573,0.023618829,0.079343595,0.16417868,0.032186903
1.2.826.0.1.3680043.8.498.25977532612504997807641730439567378227,0.041931406,0.032730922,0.26830292,0.05683868,0.32878077,0.15017834,0.49381632,0.33251727,0.059394382,0.2212696,0.058566507,0.023109255
1.2.826.0.1.3680043.8.498.26002972602557466222471260313257965551,0.05999269,0.04130912,0.48696515,0.092142455,0.4136937,0.16992478,0.5064748,0.4764788,0.07278466,0.22458445,0.0740594,0.02216017
1.2.826.0.1.3680043.8.498.26004572902429209855865822977387283547,0.22686599,0.10697447,0.7791801,0.31648538,0.56162554,0.25866416,0.4852888,0.6831317,0.14489207,0.31029576,0.23644668,0.049637355
1.2.826.0.1.3680043.8.498.26006372873438224908989402529530833528,0.16718154,0.079391934,0.25124756,0.087631755,0.032834645,0.026765665,0.059438244,0.24165657,0.026758611,0.083589174,0.2039673,0.04271074
1.2.826.0.1.3680043.8.498.26023120405608635089544039694812003604,0.19526641,0.12197646,0.8336078,0.3195951,0.7058528,0.33625206,0.5960763,0.7090355,0.20953079,0.32591224,0.18274955,0.05138481
1.2.826.0.1.3680043.8.498.26066524302907849854339129271283426208,0.4256881,0.18812987,0.3483646,0.20713048,0.04703121,0.039099123,0.051323898,0.3825202,0.053696066,0.09279731,0.35471356,0.08975166
1.2.826.0.1.3680043.8.498.26072622476167889001255150030772906081,0.07010127,0.060477525,0.06301385,0.037440483,0.030759472,0.029914906,0.10351561,0.10270619,0.031929232,0.07832664,0.0812952,0.04314648
1.2.826.0.1.3680043.8.498.26150637525321126007832687915610995568,0.09879533,0.07950042,0.73779345,0.22115614,0.77203107,0.47221836,0.7318816,0.6170787,0.26807,0.36694032,0.09384927,0.04389628
1.2.826.0.1.3680043.8.498.26201626427712146573573952548179938304,0.044704657,0.03476179,0.1393067,0.044447087,0.12334463,0.06977914,0.27731284,0.24083255,0.040051386,0.15209828,0.07556193,0.025696121
1.2.826.0.1.3680043.8.498.26257425287121280175418060407044075705,0.05163318,0.041068833,0.09332467,0.034358036,0.050537616,0.038974833,0.17000616,0.12373261,0.025930805,0.09711399,0.07290973,0.027685385
1.2.826.0.1.3680043.8.498.26266119962108543565575361589492142091,0.19458452,0.092423394,0.29068986,0.102069125,0.036366712,0.028989626,0.06091588,0.25885174,0.029792199,0.085627206,0.22327971,0.04673584
1.2.826.0.1.3680043.8.498.26325951519908477683595799515094966069,0.357784,0.13941786,0.68181986,0.2604927,0.11610787,0.056151234,0.108523265,0.5134454,0.050608616,0.11751866,0.3272963,0.05909094
1.2.826.0.1.3680043.8.498.26333849754345698117396119042432557445,0.12629688,0.058531824,0.46130833,0.09851155,0.09127859,0.046473566,0.15325457,0.34487543,0.029256752,0.10383565,0.14179386,0.026756255
1.2.826.0.1.3680043.8.498.26351577824204863242390892891061594387,0.11226814,0.062267013,0.13205534,0.058537427,0.030089604,0.025280274,0.059936542,0.19187796,0.027646305,0.08686348,0.14421453,0.037889656
1.2.826.0.1.3680043.8.498.26373657290121957625263322898744712730,0.22901298,0.09318847,0.38553026,0.15353224,0.07453394,0.042284247,0.078009695,0.4497661,0.042853124,0.13253044,0.27576205,0.048579365
1.2.826.0.1.3680043.8.498.26408081008482310696738068933718440200,0.07196513,0.057530172,0.56062454,0.14818937,0.71644086,0.39599347,0.6984692,0.5804548,0.20554963,0.37272373,0.08221275,0.03733606
1.2.826.0.1.3680043.8.498.26431974442245797095978351976773354669,0.12146092,0.107787736,0.63713175,0.20312096,0.7205142,0.43419367,0.69977087,0.5592374,0.24281956,0.38401556,0.11241424,0.06256449
1.2.826.0.1.3680043.8.498.26474456265903975319674669470473661691,0.22411805,0.08863486,0.5716297,0.1622585,0.08828171,0.041696083,0.10776311,0.430717,0.033685483,0.1032206,0.23389871,0.037817243
1.2.826.0.1.3680043.8.498.26485916396240515006042297316506505324,0.072126135,0.058221437,0.08041615,0.04014412,0.029963683,0.026265232,0.08549567,0.11293082,0.028019693,0.072012,0.0870981,0.03834336
1.2.826.0.1.3680043.8.498.26512333939158074470511885252122191522,0.08388441,0.07236746,0.61048454,0.16816422,0.7514656,0.439528,0.72659326,0.57694036,0.22530901,0.39807296,0.08576102,0.044873532
1.2.826.0.1.3680043.8.498.26536992666456596813876340849399448897,0.055141333,0.038645055,0.12625857,0.038955476,0.050071366,0.03518276,0.15110846,0.16917352,0.024582049,0.09278099,0.074424714,0.023037383
1.2.826.0.1.3680043.8.498.26542435427465415008860869796504112727,0.07360409,0.039772637,0.40934265,0.0819094,0.14238487,0.06306876,0.2536924,0.37630764,0.033142786,0.14818987,0.10394817,0.020437876
1.2.826.0.1.3680043.8.498.26619973716086136503589916868066348957,0.21859829,0.08843729,0.6700988,0.1956398,0.14254268,0.06371687,0.15767051,0.525565,0.046481736,0.14923745,0.2656065,0.03902272
1.2.826.0.1.3680043.8.498.26651323353208729423825552073457972796,0.061160516,0.039176166,0.31685925,0.07607213,0.20225905,0.09435356,0.3125321,0.4067653,0.05219709,0.19029361,0.09860406,0.02408789
1.2.826.0.1.3680043.8.498.26698126402727061400851465377574886112,0.091685735,0.06183817,0.11085592,0.049186144,0.027347725,0.023729896,0.06908704,0.13772166,0.025589744,0.06860825,0.10924238,0.037692804
1.2.826.0.1.3680043.8.498.26725172078893286313351418435377708028,0.052769277,0.04130632,0.09278318,0.035526376,0.045753848,0.033965535,0.14603563,0.15105626,0.027404584,0.089759596,0.06914169,0.025444984
1.2.826.0.1.3680043.8.498.26790702379506190936834447203448882465,0.4818324,0.23869836,0.39247933,0.24628557,0.053919423,0.04821957,0.05692664,0.38165432,0.069633596,0.09994187,0.38540745,0.12067591
1.2.826.0.1.3680043.8.498.26792665054823243997838322477587733719,0.67889035,0.45509428,0.76036423,0.6595543,0.4442568,0.2854307,0.2629815,0.75928664,0.40243855,0.29224908,0.61279076,0.3074853
1.2.826.0.1.3680043.8.498.26842258746390750314059176647398369242,0.60276586,0.2831232,0.69972545,0.42857823,0.13856582,0.08704734,0.099798836,0.58215433,0.09996267,0.15006563,0.54139316,0.1411795
1.2.826.0.1.3680043.8.498.26843088620128166809417361066548447201,0.39774835,0.16229075,0.5214542,0.23786174,0.07124225,0.0475342,0.06881284,0.46129972,0.05115044,0.122031085,0.4024065,0.08141118
1.2.826.0.1.3680043.8.498.26848412380762311150802301982233072694,0.2802524,0.12580965,0.692665,0.29085314,0.2683908,0.114438355,0.23056212,0.63405776,0.098344244,0.20115976,0.29266998,0.058656286
1.2.826.0.1.3680043.8.498.26875920364303755911342338961252130512,0.051499438,0.03948857,0.33249488,0.06448045,0.400317,0.20349295,0.57925576,0.28332973,0.056895334,0.24124844,0.0680053,0.028014993
1.2.826.0.1.3680043.8.498.26880562799522930458745136318439622601,0.058295075,0.048102368,0.0673355,0.035528947,0.034364454,0.02993714,0.112891234,0.11859418,0.028465992,0.083302215,0.075096205,0.032814834
1.2.826.0.1.3680043.8.498.26946980494141305258556994153410856428,0.060489707,0.038124956,0.4587956,0.094628766,0.33792403,0.13623218,0.4471259,0.4771577,0.060627352,0.22693945,0.07942209,0.020625444
1.2.826.0.1.3680043.8.498.26978027400525885904983020900996228004,0.10423502,0.05147917,0.4492935,0.11118163,0.15640286,0.07229384,0.22612837,0.4567965,0.044092968,0.16789223,0.14856632,0.02719395
1.2.826.0.1.3680043.8.498.26989584479346775218799121753035575730,0.056438,0.04567148,0.077683896,0.03535001,0.035664372,0.028612824,0.115760066,0.12937781,0.026601618,0.0813077,0.07551128,0.02993753
1.2.826.0.1.3680043.8.498.27020884753639915245324093232218617967,0.13894576,0.07687554,0.16292436,0.06780583,0.027803764,0.024174113,0.058360264,0.17417167,0.026477406,0.06702589,0.14785752,0.04273075
1.2.826.0.1.3680043.8.498.27023892731021470476500135946317920771,0.099585734,0.07219758,0.71034133,0.19098996,0.7444585,0.3833286,0.69579583,0.59531265,0.16355395,0.334174,0.101633325,0.038721066
1.2.826.0.1.3680043.8.498.27025989808002468335294585261291982661,0.06417262,0.054891773,0.06973308,0.03625732,0.031573296,0.028995514,0.10893943,0.10908916,0.029778404,0.07601261,0.08041461,0.03989029
1.2.826.0.1.3680043.8.498.27034189091164693165076510006436405194,0.1679067,0.12103608,0.81228226,0.34752834,0.7979965,0.46801984,0.67237574,0.7649505,0.35565144,0.41377532,0.15949176,0.056808755
1.2.826.0.1.3680043.8.498.27059975738703546675398620281849285863,0.12663776,0.06053317,0.38068968,0.08631584,0.07132158,0.042011697,0.12927152,0.28768918,0.028666962,0.095566675,0.13691887,0.028784234
1.2.826.0.1.3680043.8.498.27157074709305277871045901905120405881,0.16473694,0.10095593,0.76762956,0.30315197,0.626012,0.3055394,0.47563317,0.7502314,0.2253964,0.36973748,0.196309,0.048358746
1.2.826.0.1.3680043.8.498.27161418589407291713644384596541786246,0.14574271,0.06790149,0.22763027,0.07108672,0.038543127,0.030975077,0.08015047,0.1855019,0.026232904,0.07928458,0.14605473,0.0364718
1.2.826.0.1.3680043.8.498.27184343589256623289925252380526385858,0.22835986,0.09380856,0.39888588,0.12729318,0.048297886,0.03076885,0.069197476,0.31718326,0.028775405,0.08143325,0.22027811,0.042839464
1.2.826.0.1.3680043.8.498.27186001621007168581611489439038285508,0.08971098,0.068988,0.62057614,0.14920083,0.62185246,0.30867976,0.61594856,0.5498528,0.14765039,0.30915722,0.09641698,0.036122587
1.2.826.0.1.3680043.8.498.27191574009501966309382307682020135126,0.11132153,0.077888615,0.71536785,0.21385056,0.7932136,0.47757995,0.7519345,0.6073338,0.20411554,0.41177347,0.118045345,0.04388177
1.2.826.0.1.3680043.8.498.27192678730060203972082511503480566620,0.11300079,0.09189589,0.7134977,0.21924523,0.76886785,0.4518572,0.7084658,0.63667816,0.25730386,0.385633,0.107948,0.048092205
1.2.826.0.1.3680043.8.498.27197413293500684424735285039923168926,0.064478084,0.051900145,0.07366092,0.037390176,0.032572724,0.028745228,0.10802531,0.11850033,0.027888961,0.07635492,0.07608039,0.033681586
1.2.826.0.1.3680043.8.498.27224327142578332905227939015479767285,0.047122452,0.04146136,0.24786201,0.056403976,0.28358322,0.14505732,0.49681342,0.27687773,0.05934794,0.20018339,0.06202708,0.029309226
1.2.826.0.1.3680043.8.498.27245171350765293537022546751529180545,0.14522848,0.12607065,0.7831414,0.32143426,0.8851625,0.67771244,0.8164972,0.6822927,0.47314873,0.4989823,0.12182511,0.07853621
1.2.826.0.1.3680043.8.498.27306039618857661522863167157208122018,0.6373097,0.33625615,0.62871885,0.4781315,0.15414435,0.10516081,0.100938454,0.6334187,0.15500554,0.16709228,0.55201316,0.18509847
1.2.826.0.1.3680043.8.498.27311413427137994435573903541974122355,0.14226072,0.08512851,0.6858249,0.25034216,0.59946394,0.28831175,0.528586,0.7061008,0.21269272,0.33833605,0.16520384,0.04687027
1.2.826.0.1.3680043.8.498.27319908980978184820438244981035567211,0.03861193,0.032649264,0.19337074,0.042205747,0.20516981,0.10327889,0.4304732,0.23207682,0.044213843,0.16540132,0.05606131,0.024464924
1.2.826.0.1.3680043.8.498.27324284859290040148888098857880927353,0.10537753,0.050626457,0.33990043,0.07386948,0.0672823,0.03953744,0.12984075,0.26912406,0.025695423,0.092017874,0.1223578,0.025274422
1.2.826.0.1.3680043.8.498.27339999385861467858422021400023533486,0.07478073,0.052158825,0.6042673,0.1407502,0.58636576,0.2667134,0.6054073,0.5895966,0.12946154,0.31087193,0.09034717,0.029137934
1.2.826.0.1.3680043.8.498.27398034409980350921804398626171135707,0.11897355,0.069846764,0.69536203,0.18700232,0.5135092,0.21277049,0.49720234,0.6287789,0.1197863,0.24868652,0.120962776,0.029943576
1.2.826.0.1.3680043.8.498.27422742748182689233651649793019570511,0.17437069,0.12743564,0.81062555,0.3603507,0.82119113,0.52024883,0.69537467,0.7824661,0.4292864,0.43811297,0.16628088,0.06276218
1.2.826.0.1.3680043.8.498.27437263843446879932281897446100134924,0.132968,0.05867775,0.3512305,0.08135087,0.060631137,0.039774723,0.11309157,0.23968859,0.026594458,0.08922263,0.13961083,0.029040422
1.2.826.0.1.3680043.8.498.27456622705361831116491505615162380604,0.1622045,0.094106585,0.7838245,0.28272775,0.7389818,0.3987805,0.6665101,0.6904637,0.20270431,0.38431486,0.16891873,0.046701133
1.2.826.0.1.3680043.8.498.27460982183399364904497832933739191826,0.043664902,0.03464795,0.19373646,0.043420844,0.13971671,0.076667316,0.35922328,0.20497115,0.037052054,0.14331746,0.06570927,0.024709843
1.2.826.0.1.3680043.8.498.27474440682441854303485403899867525864,0.061656483,0.053665847,0.060144413,0.037330307,0.03216809,0.029540252,0.11364722,0.10837793,0.030271562,0.08129581,0.07754441,0.03809803
1.2.826.0.1.3680043.8.498.27593710915588175306316595263625481601,0.5223143,0.2626161,0.43050647,0.27985597,0.060286645,0.051549576,0.057904173,0.42304447,0.07743895,0.10393971,0.41775054,0.12800825
1.2.826.0.1.3680043.8.498.27627190971637735537007595480396264063,0.120773755,0.10224265,0.7267834,0.26687047,0.8630055,0.5976962,0.79964906,0.6646021,0.35505593,0.48978955,0.11516839,0.06368326
1.2.826.0.1.3680043.8.498.27644321991318957631114727895883331622,0.058923963,0.04107505,0.45549157,0.08923889,0.40585813,0.17581312,0.51425016,0.44954488,0.07248935,0.24041417,0.07337312,0.022853145
1.2.826.0.1.3680043.8.498.27653320597564308144389724321115208375,0.32001382,0.1289016,0.74815,0.2775794,0.19126824,0.07667596,0.1695684,0.59010655,0.06422349,0.1424384,0.29872325,0.05021732
1.2.826.0.1.3680043.8.498.27655410895168998898506695863000928400,0.17914699,0.07822382,0.22996202,0.09277458,0.038264677,0.029385734,0.058385435,0.2828621,0.030687265,0.09478779,0.20158736,0.04258801
1.2.826.0.1.3680043.8.498.27656830051511853680197276412365020780,0.05790114,0.046397075,0.0724149,0.03564459,0.034924343,0.029580569,0.11288702,0.12570213,0.027398689,0.08305063,0.07565824,0.030977895
1.2.826.0.1.3680043.8.498.27671779587445983390840223475173360482,0.08841829,0.05856825,0.09368822,0.04841807,0.0298915,0.026489448,0.079550914,0.16767012,0.028047185,0.07810515,0.10758991,0.034389824
1.2.826.0.1.3680043.8.498.27681651277422558344520227187021583924,0.042752925,0.038245957,0.08445991,0.033995062,0.06898164,0.047105126,0.24525706,0.1346366,0.03178299,0.11288866,0.06319883,0.028808463
1.2.826.0.1.3680043.8.498.27710718386318170070605046744941324421,0.0636722,0.052037623,0.06903556,0.03656557,0.033065695,0.030654326,0.10973872,0.11781639,0.029477486,0.08003484,0.07602684,0.03357709
1.2.826.0.1.3680043.8.498.27723413941379681806317930349613970721,0.053644825,0.049587477,0.072999686,0.035868093,0.049162585,0.040563386,0.19104208,0.11139828,0.033720378,0.10178175,0.07219828,0.03633339
1.2.826.0.1.3680043.8.498.27723573213501259053792522608339812759,0.16124204,0.07002925,0.7330607,0.19408993,0.3723409,0.1505674,0.39642864,0.5569128,0.066601455,0.20969683,0.17315857,0.030112347
1.2.826.0.1.3680043.8.498.27737101979486411869208236811885597351,0.044788685,0.0312089,0.16834459,0.041950576,0.10003371,0.054453727,0.26153475,0.2289337,0.029201087,0.11456805,0.061308347,0.01924991
1.2.826.0.1.3680043.8.498.27793455627426963285485957211105588905,0.05752881,0.048040904,0.46094546,0.107412286,0.58623815,0.32523996,0.5875136,0.50017565,0.13049251,0.3691912,0.08528368,0.034029186
1.2.826.0.1.3680043.8.498.27796604203156439069742212039368371002,0.42117664,0.25935388,0.86305314,0.5832521,0.7478898,0.43574324,0.5276608,0.8294487,0.46629184,0.3831619,0.36710355,0.12646972
1.2.826.0.1.3680043.8.498.27883371281368994280894952749865160316,0.35916305,0.14730203,0.7489919,0.29783764,0.17454584,0.07336484,0.14864859,0.58163786,0.064859845,0.13508832,0.3236432,0.059814695
1.2.826.0.1.3680043.8.498.27890860883826681731748268459485259935,0.08555734,0.05644172,0.09095471,0.04531724,0.02883649,0.025498366,0.07781284,0.14548254,0.026492748,0.0740796,0.10019658,0.035241652
1.2.826.0.1.3680043.8.498.27921111050680927418542588425335218896,0.07373786,0.04992367,0.09633734,0.044518147,0.031232687,0.02638596,0.07625058,0.16448647,0.026876144,0.09235188,0.10815424,0.032807462
1.2.826.0.1.3680043.8.498.27925145307825795804342879375835424449,0.22051056,0.10155172,0.29077092,0.1102647,0.03567948,0.02795648,0.05766011,0.25442007,0.029832242,0.075861275,0.21440488,0.050086085
1.2.826.0.1.3680043.8.498.27934397251575987048967084987994202973,0.06281852,0.045452937,0.10264257,0.042294696,0.03883389,0.03028218,0.09556179,0.18109438,0.027958283,0.10622679,0.10175784,0.029677982
1.2.826.0.1.3680043.8.498.27946605663086243142356841956045514227,0.11494974,0.06733777,0.17821585,0.06269453,0.030477732,0.026169326,0.068234205,0.18159503,0.026793145,0.0774062,0.1469926,0.037872247
1.2.826.0.1.3680043.8.498.27990965288663885936880638302158503894,0.041613374,0.035805397,0.23639162,0.053960796,0.34276608,0.15634377,0.5162129,0.31114554,0.06460596,0.22728789,0.061559446,0.027263151
1.2.826.0.1.3680043.8.498.28011057282528460306257420499560926354,0.116530016,0.05980592,0.22929668,0.067185014,0.036043644,0.027261415,0.075769566,0.21986537,0.02440388,0.08301974,0.15396634,0.03191703
1.2.826.0.1.3680043.8.498.28023795363827851445172311810918021563,0.04798858,0.038211975,0.28789222,0.059230775,0.37503687,0.18905708,0.56604576,0.26908323,0.057001617,0.23361018,0.06485766,0.029230809
1.2.826.0.1.3680043.8.498.28028890493668487238845659163252231337,0.07054454,0.056355104,0.066794775,0.037966784,0.029285602,0.027818838,0.09132724,0.119948514,0.030225955,0.07741284,0.083414644,0.036923178
1.2.826.0.1.3680043.8.498.28040645186226259590182363324146810031,0.26703823,0.18217567,0.87109977,0.43486097,0.7973705,0.462875,0.6496599,0.76414084,0.35661694,0.38835227,0.22623208,0.07654206
1.2.826.0.1.3680043.8.498.28045606887691550130031344985830975325,0.3109297,0.17810452,0.8630825,0.4637586,0.67930835,0.3407743,0.5092052,0.7810464,0.30641767,0.29984877,0.2719388,0.074415594
1.2.826.0.1.3680043.8.498.28132506470634542229651932141193521661,0.05307548,0.043929417,0.07298435,0.034516495,0.040864766,0.033370268,0.13997126,0.12670249,0.028278446,0.087922156,0.06763079,0.028416416
1.2.826.0.1.3680043.8.498.28134711422142706763867845558971485241,0.31413817,0.12878872,0.32976624,0.14160337,0.040964786,0.033434723,0.05581408,0.28926614,0.034854405,0.084484935,0.28729606,0.06445717
1.2.826.0.1.3680043.8.498.28153286315438977482271934270979508349,0.29219997,0.17074373,0.87228876,0.42848715,0.7103012,0.3439764,0.54386276,0.76254165,0.26573446,0.32149845,0.25285515,0.06621978
1.2.826.0.1.3680043.8.498.28218476802410349760103243990109474475,0.4793213,0.2259968,0.47942728,0.3104464,0.10353243,0.07168577,0.08760924,0.5393137,0.093889445,0.14446992,0.4399814,0.11903735
1.2.826.0.1.3680043.8.498.28220626968612492259133318770141901567,0.09989741,0.049313206,0.6154794,0.134213,0.3603181,0.14992842,0.42973277,0.49560347,0.054596864,0.22151509,0.12710391,0.024001304
1.2.826.0.1.3680043.8.498.28237068093947300427040925444622840795,0.052786108,0.038529646,0.117911115,0.03558168,0.0545371,0.04117867,0.17480023,0.13455147,0.02702409,0.09231213,0.06972867,0.0260319
1.2.826.0.1.3680043.8.498.28269350392124251309834584420564806882,0.22870319,0.17197241,0.84592664,0.45464748,0.86777276,0.61494124,0.7441762,0.8022078,0.5401626,0.4770113,0.19227158,0.08688939
1.2.826.0.1.3680043.8.498.28289838818003822677994912735532050038,0.43210286,0.1824389,0.7116012,0.36014685,0.17910813,0.08723134,0.13609819,0.623143,0.09672504,0.14737473,0.4109382,0.09065532
1.2.826.0.1.3680043.8.498.28295265939946677460838974253299313798,0.066711836,0.045572013,0.093190074,0.0391047,0.03410233,0.028215162,0.09994497,0.15663001,0.026031714,0.0770135,0.08417632,0.02743676
1.2.826.0.1.3680043.8.498.28309626953500461628112343997868050028,0.053491954,0.04816845,0.061177544,0.034462996,0.037818465,0.032675914,0.14500488,0.1064311,0.03012425,0.08864587,0.07203942,0.03480221
1.2.826.0.1.3680043.8.498.28333127304382930639614800697959296306,0.06193932,0.052344203,0.46070957,0.102476306,0.5368547,0.27412567,0.639788,0.43493107,0.12103318,0.2856521,0.07019075,0.032060027
1.2.826.0.1.3680043.8.498.28351884945918062351436698411322252525,0.08130646,0.04560056,0.5399187,0.12038774,0.32474884,0.12642509,0.40583476,0.52375305,0.06049902,0.22318833,0.10010534,0.021608058
1.2.826.0.1.3680043.8.498.28360174615866226538417948042981668998,0.11082584,0.053898603,0.41686547,0.08580217,0.08606241,0.046265434,0.15334305,0.3136274,0.028522208,0.101731494,0.13103247,0.02574079
1.2.826.0.1.3680043.8.498.28425280718252632810092859612928047098,0.37755245,0.15778138,0.44123662,0.21785365,0.060564853,0.043030996,0.067520626,0.4297241,0.049004145,0.11039838,0.36114877,0.079162054
1.2.826.0.1.3680043.8.498.28481442608487320644829189127206806471,0.08688782,0.056510054,0.6577002,0.17099202,0.6435604,0.31958875,0.6311957,0.6012787,0.13617471,0.36384928,0.119109884,0.03518016
1.2.826.0.1.3680043.8.498.28488216314048990109149780234417422948,0.35143632,0.14651601,0.45711744,0.18101598,0.06078373,0.04417891,0.07281569,0.3387925,0.044749185,0.08973715,0.28783438,0.0661065
1.2.826.0.1.3680043.8.498.28490861391717560759667589681288427737,0.422538,0.27793762,0.8707512,0.60429484,0.792438,0.50320053,0.5946624,0.8325187,0.54141724,0.40319452,0.3624845,0.13888234
1.2.826.0.1.3680043.8.498.28539130184243787339297053654373783542,0.09164535,0.062805355,0.096476,0.046422735,0.027099328,0.02393617,0.07017114,0.15452369,0.02794414,0.073320344,0.113580786,0.03764622
1.2.826.0.1.3680043.8.498.28579372595938810820078670002733005121,0.36319977,0.16850455,0.32533795,0.17786711,0.043290295,0.03493849,0.054620888,0.33318946,0.04762088,0.0870999,0.32749587,0.08479853
1.2.826.0.1.3680043.8.498.28595729988867300278425411189173775382,0.06395186,0.051779065,0.07605405,0.037768893,0.031065317,0.027250893,0.1057646,0.11318042,0.027687082,0.07646899,0.08197449,0.036593154
1.2.826.0.1.3680043.8.498.28626044336302232656987963623687293705,0.10492197,0.05399283,0.19550677,0.066920586,0.03947269,0.026957458,0.0704146,0.26168406,0.026035752,0.09869058,0.15615709,0.03108483
1.2.826.0.1.3680043.8.498.28628472249424790112957421215774036156,0.10612618,0.054830667,0.573936,0.14579996,0.26053157,0.09932847,0.33949053,0.52375764,0.05659627,0.1850814,0.12712605,0.0243954
1.2.826.0.1.3680043.8.498.28634248756653012357434232845788268719,0.06629682,0.05444081,0.07141555,0.037960656,0.032203805,0.027882831,0.09559422,0.106503546,0.028515715,0.07578935,0.07949718,0.037889156
1.2.826.0.1.3680043.8.498.28638490997780173004029312240334483157,0.045933947,0.036742594,0.3169667,0.06720834,0.43216985,0.20611985,0.59046036,0.34615418,0.07507383,0.2663099,0.066368476,0.027976925
1.2.826.0.1.3680043.8.498.28646304373057947277669139986982208473,0.075544655,0.06902506,0.59409994,0.13919854,0.7157186,0.45071226,0.737499,0.457253,0.1965729,0.3697243,0.079274215,0.04772975
1.2.826.0.1.3680043.8.498.28655385212214986812679045835025619123,0.18874176,0.094227254,0.17468952,0.08188275,0.028613327,0.026053933,0.05314824,0.20088878,0.03054108,0.06927567,0.17363648,0.050050084
1.2.826.0.1.3680043.8.498.28670999234453413675502551916979760344,0.58987874,0.2809884,0.79330516,0.50200933,0.2326444,0.11719366,0.14962587,0.67995495,0.13254495,0.17832536,0.5200506,0.13698298
1.2.826.0.1.3680043.8.498.28686498221359515429184385385077600687,0.17209485,0.094651155,0.57634753,0.22246239,0.35575697,0.1725039,0.35104838,0.6145938,0.12715554,0.28277004,0.22440426,0.057617467
1.2.826.0.1.3680043.8.498.28697216332632397717077153882513537456,0.14441378,0.06841915,0.38497046,0.093749404,0.06952689,0.0430669,0.123073645,0.28457206,0.029987866,0.09484353,0.15267517,0.032941163
1.2.826.0.1.3680043.8.498.28746954364434312909368235768936980607,0.25831932,0.11886735,0.30185384,0.123560235,0.036797892,0.030529242,0.056117445,0.25879362,0.033745106,0.07758029,0.239786,0.05866145
1.2.826.0.1.3680043.8.498.28770594655815108010532953376271504596,0.07686527,0.058261614,0.08881618,0.042556595,0.02892424,0.025167322,0.08013853,0.12017217,0.026551234,0.070063874,0.092211485,0.03718957
1.2.826.0.1.3680043.8.498.28779021651975021236045277212517629154,0.051491566,0.042148706,0.071778335,0.033452056,0.040731944,0.032897443,0.13849573,0.12564099,0.027617494,0.08992375,0.06985804,0.02883414
1.2.826.0.1.3680043.8.498.28848511016500781798837621261660844237,0.21129139,0.13881181,0.8223739,0.39851552,0.80343825,0.48568222,0.64880866,0.8021766,0.43581823,0.39996728,0.18871498,0.0641929
1.2.826.0.1.3680043.8.498.28873180831637763124652074775631752918,0.3753743,0.1816608,0.83971006,0.44652614,0.5692697,0.2706283,0.42161325,0.7453089,0.20838103,0.30486384,0.35724577,0.08471065
1.2.826.0.1.3680043.8.498.28888941572409703700315590339486528256,0.062056087,0.053270992,0.066632815,0.0376017,0.033595335,0.029697929,0.10266677,0.119751744,0.030753471,0.08408052,0.08485676,0.037307847
1.2.826.0.1.3680043.8.498.28925345859498351203477642741908452608,0.24192946,0.095026396,0.68473434,0.20483229,0.15083328,0.060210127,0.15749076,0.5174438,0.044461496,0.12644374,0.23984386,0.03839896
1.2.826.0.1.3680043.8.498.28944156754203202831026290463520445489,0.049258992,0.041729573,0.07796246,0.03260105,0.044194993,0.03459385,0.16702457,0.11173031,0.028680913,0.09125758,0.070711575,0.031850938
1.2.826.0.1.3680043.8.498.28946722216615442736212359468410891872,0.08554854,0.050011486,0.56870985,0.14239478,0.38359272,0.17122263,0.35969895,0.6077767,0.09216878,0.28530318,0.13319062,0.027411222
1.2.826.0.1.3680043.8.498.28951331578236330522646806432827370713,0.6554365,0.35308537,0.62069917,0.45148376,0.11102269,0.083231874,0.07651904,0.5761074,0.12759876,0.13591418,0.5449411,0.17776795
1.2.826.0.1.3680043.8.498.28954361146470748868500417103935640742,0.04704733,0.033087872,0.24512658,0.060519006,0.22580843,0.10850817,0.3796148,0.3354035,0.049321778,0.20794494,0.078639634,0.024019608
1.2.826.0.1.3680043.8.498.29039872266866623711060910233238440882,0.089607686,0.05149423,0.13702919,0.05356471,0.035044074,0.025548048,0.07086966,0.21385676,0.025700407,0.09647159,0.13053359,0.030656647
1.2.826.0.1.3680043.8.498.29055892482211392922525222851162308510,0.07588779,0.06367691,0.07253166,0.04111741,0.031659923,0.030113582,0.09795031,0.11101361,0.032512233,0.07562988,0.08489728,0.04053691
1.2.826.0.1.3680043.8.498.29090158364700006304493717187346344597,0.2829966,0.11828326,0.5084773,0.20595975,0.105694145,0.05782222,0.11248142,0.48091534,0.053251985,0.14350821,0.309481,0.06300394
1.2.826.0.1.3680043.8.498.29227028592609694700827329867343028944,0.051165927,0.03830785,0.35388014,0.066789605,0.42005375,0.21196958,0.5842577,0.30308056,0.060838047,0.24022728,0.06803357,0.027358165
1.2.826.0.1.3680043.8.498.29280448517432444306374036429824425668,0.13747491,0.11641099,0.7663147,0.29886508,0.8619781,0.5901045,0.7737801,0.71351534,0.40904862,0.47215167,0.122146055,0.065664664
1.2.826.0.1.3680043.8.498.29292398668403593100514493322849770181,0.15170115,0.076418035,0.3944375,0.1416997,0.14033578,0.07326731,0.17696851,0.47448456,0.059250373,0.16748218,0.18787393,0.03984645
1.2.826.0.1.3680043.8.498.29294899952044311440141172596030689586,0.1220121,0.101160154,0.7468325,0.26987356,0.8351168,0.54197234,0.7519953,0.70686746,0.3587899,0.46209896,0.1156604,0.0563644
1.2.826.0.1.3680043.8.498.29343735048224321966824641432873034291,0.30943483,0.13261364,0.66591245,0.28775567,0.22769569,0.09867656,0.19737612,0.6318805,0.09088867,0.1849905,0.30387118,0.060581032
1.2.826.0.1.3680043.8.498.29354469534263517460113311852821643665,0.078252934,0.051492702,0.2384461,0.08253139,0.1565418,0.087669514,0.25588307,0.36896452,0.055271197,0.18908963,0.1249807,0.034207135
1.2.826.0.1.3680043.8.498.29364640434226980751405780979697632001,0.6849428,0.37508973,0.6558765,0.50760615,0.13768157,0.099310726,0.086641274,0.61525357,0.15209146,0.14783767,0.5686477,0.18600866
1.2.826.0.1.3680043.8.498.29371692234061436334815897970798625595,0.4017551,0.16019425,0.42577824,0.22881582,0.06459176,0.045140367,0.05740993,0.4553852,0.05440827,0.11792016,0.37716764,0.08166643
1.2.826.0.1.3680043.8.498.29375052467745327893128894062568944496,0.14855745,0.13249968,0.7462208,0.2912952,0.8284991,0.55805737,0.7455541,0.67738277,0.39786658,0.44499323,0.12753332,0.071691245
1.2.826.0.1.3680043.8.498.29384016102624554484300773136383156153,0.17795749,0.079094335,0.49077243,0.16403899,0.14877796,0.06986513,0.17976443,0.49909684,0.052325785,0.16861795,0.2032573,0.03819669
1.2.826.0.1.3680043.8.498.29418130858182890216867847991592582370,0.059233576,0.048371803,0.067967705,0.03580752,0.034120165,0.029704237,0.11068043,0.120175436,0.0283837,0.08262763,0.07555313,0.03281863
1.2.826.0.1.3680043.8.498.29443692810539372078922146461173545451,0.04978687,0.04021575,0.09859523,0.034608405,0.05096149,0.036906634,0.17011948,0.14624274,0.027475558,0.093954675,0.068352416,0.025836706
1.2.826.0.1.3680043.8.498.29473278891551292295080887778714088878,0.078231886,0.047583275,0.14205177,0.049358718,0.040223647,0.02810911,0.098967165,0.18083447,0.024720585,0.07531742,0.10138016,0.030094761
1.2.826.0.1.3680043.8.498.29509443439138257275071354031180789464,0.074461445,0.044695057,0.5648354,0.106846385,0.3695521,0.13996735,0.45888415,0.46214274,0.052622758,0.19524845,0.0953003,0.023340557
1.2.826.0.1.3680043.8.498.29579560656789178333629609998252952856,0.18885753,0.08848348,0.2732257,0.097966306,0.034582417,0.028555546,0.059690345,0.24435718,0.029494355,0.083954625,0.21700199,0.047621947
1.2.826.0.1.3680043.8.498.29735852958813434703969490187047665950,0.061579503,0.050544057,0.46913266,0.100112215,0.56810045,0.27169657,0.6407495,0.46007934,0.113923125,0.2881083,0.06888924,0.030974722
1.2.826.0.1.3680043.8.498.29739171278960083313048266628194182569,0.337377,0.15335265,0.7672978,0.37946644,0.3716005,0.14985739,0.2875596,0.70258856,0.13877136,0.21419635,0.31200173,0.067175336
1.2.826.0.1.3680043.8.498.29741673719687535294395668150749894623,0.06458603,0.053811148,0.0698831,0.03667431,0.030881768,0.02845599,0.09934805,0.110893115,0.029344056,0.07608066,0.07864995,0.037048735
1.2.826.0.1.3680043.8.498.29758331841591711520514486913006094054,0.42203587,0.21202096,0.8449274,0.5030866,0.52578175,0.2415168,0.35872224,0.7589064,0.24236174,0.23875448,0.36670363,0.09237777
1.2.826.0.1.3680043.8.498.29764868091238287072166823522853419550,0.44976422,0.22232041,0.36389002,0.22329246,0.05067197,0.045149814,0.056104757,0.35662642,0.06467636,0.0958354,0.35906422,0.11179671
1.2.826.0.1.3680043.8.498.29794301133358685635777478470865282350,0.055339154,0.04896918,0.060451206,0.035163227,0.037152484,0.03189218,0.14010668,0.10892205,0.029865323,0.08512282,0.071609445,0.034331955
1.2.826.0.1.3680043.8.498.29826129803278661744835136993610646069,0.35141006,0.19910888,0.8646419,0.5040466,0.78005254,0.47495744,0.624776,0.7906713,0.3687439,0.41476694,0.32269782,0.09947412
1.2.826.0.1.3680043.8.498.29866827083314645739444078187995496049,0.12039169,0.055306204,0.59013605,0.13102347,0.15837044,0.06605979,0.21386085,0.47305763,0.037015695,0.15987372,0.17512934,0.026454942
1.2.826.0.1.3680043.8.498.29943089198208468441240036404506927883,0.057383757,0.035572942,0.28880176,0.0575234,0.14581218,0.07094334,0.28967005,0.31370127,0.034184705,0.13669078,0.07302356,0.01938182
1.2.826.0.1.3680043.8.498.29971686675947075024168289004002445393,0.0670684,0.05663581,0.06605417,0.036979336,0.030666139,0.028534282,0.09503446,0.10995416,0.030480549,0.074923135,0.07922245,0.03931691
1.2.826.0.1.3680043.8.498.29976611818313906970687136815346573471,0.13868478,0.106074736,0.7923219,0.28902337,0.78297377,0.47412926,0.71970963,0.69837236,0.31375587,0.3845821,0.12665346,0.050697893
1.2.826.0.1.3680043.8.498.30058585660043363937345050478072453854,0.064402066,0.054420058,0.06790729,0.037163008,0.031815756,0.029220877,0.1049644,0.11538426,0.029890466,0.0788101,0.07669024,0.035771765
1.2.826.0.1.3680043.8.498.30066410959464367576375502522994033142,0.25098297,0.10958239,0.3619623,0.13151786,0.04154217,0.032088656,0.06036005,0.30318293,0.03294512,0.09249976,0.27214316,0.054703314
1.2.826.0.1.3680043.8.498.30104491808697888642424160917715722238,0.13817549,0.067476645,0.67651486,0.16891631,0.28153175,0.1042255,0.29535776,0.5672105,0.061714746,0.17372659,0.15442522,0.02706048
1.2.826.0.1.3680043.8.498.30131339052241668380936148362472245259,0.041067854,0.03439013,0.09500686,0.035187993,0.07127619,0.044867262,0.22836138,0.15799963,0.02960707,0.10968152,0.06227632,0.024657302
1.2.826.0.1.3680043.8.498.30150613585152527569197215147135001922,0.5416353,0.26582858,0.46313435,0.3046593,0.06856683,0.055714633,0.06100395,0.45246536,0.0820037,0.10576231,0.42661485,0.12491202
1.2.826.0.1.3680043.8.498.30167179890902431464942556467698238073,0.21886204,0.10699471,0.18888803,0.097726755,0.029685691,0.027840402,0.05159228,0.22296347,0.033390395,0.07351143,0.1991475,0.055594366
1.2.826.0.1.3680043.8.498.30174064884443577177838026250637902388,0.053018134,0.042031527,0.42113695,0.097633444,0.5161764,0.2738765,0.523927,0.5007022,0.11279714,0.3488711,0.08434283,0.02919908
1.2.826.0.1.3680043.8.498.30206987686375669521451035370290737934,0.051340923,0.03402838,0.28493977,0.05307832,0.13937503,0.06880052,0.30651644,0.28534794,0.032070573,0.13419467,0.07125309,0.019280521
1.2.826.0.1.3680043.8.498.30222189977108980260768952691472020722,0.068425566,0.054788727,0.07635716,0.0389978,0.03064039,0.026661532,0.090921104,0.111763366,0.02733263,0.07429276,0.08390617,0.03717389
1.2.826.0.1.3680043.8.498.30233578499383083757206211752001832047,0.09509031,0.046370365,0.45679942,0.10303974,0.19061527,0.08924839,0.27886173,0.39278775,0.03964366,0.17702036,0.12871277,0.02606195
1.2.826.0.1.3680043.8.498.30246079718471552972130572444383079911,0.4787508,0.21532325,0.81373185,0.43014672,0.2529472,0.109252445,0.1780942,0.6699193,0.1107448,0.16843307,0.42466027,0.09085663
1.2.826.0.1.3680043.8.498.30248682294786626375369374249874501600,0.15027733,0.1275199,0.71674395,0.2607495,0.77837926,0.48802692,0.7114578,0.63381946,0.32198426,0.40839046,0.12687743,0.07022768
1.2.826.0.1.3680043.8.498.30252501257451878373370333329266264057,0.06629682,0.05444081,0.07141555,0.037960656,0.032203805,0.027882831,0.09559422,0.106503546,0.028515715,0.07578935,0.07949718,0.037889156
1.2.826.0.1.3680043.8.498.30264599677934095429161619981918944098,0.060670175,0.048158266,0.070392966,0.036046173,0.033468857,0.028983628,0.106297195,0.12244816,0.027998596,0.08142805,0.07749258,0.032550987
1.2.826.0.1.3680043.8.498.30282025087399390929963075109487390046,0.07776962,0.045213204,0.19574322,0.053092644,0.05334995,0.035749156,0.13289347,0.21369348,0.025209874,0.09120753,0.09173882,0.023147702
1.2.826.0.1.3680043.8.498.30330001893437233719772129404417384472,0.06314552,0.050671667,0.06853534,0.037023913,0.03222414,0.02857824,0.10250262,0.11992539,0.02840171,0.080148794,0.07826533,0.034105547
1.2.826.0.1.3680043.8.498.30381005430261460472880465705496199540,0.19937332,0.12036208,0.8358309,0.31911254,0.7013484,0.33565614,0.5867347,0.71359456,0.20828491,0.31846493,0.18193345,0.04907622
1.2.826.0.1.3680043.8.498.30420245540489522189154634720778032533,0.5004365,0.23239516,0.511132,0.3195974,0.08546541,0.06213386,0.07403765,0.51716286,0.08155742,0.13471991,0.4612539,0.12512915
1.2.826.0.1.3680043.8.498.30423643741419627789701272644909134762,0.24357964,0.126889,0.8487581,0.3674013,0.7293136,0.37852544,0.61241287,0.7303572,0.22201383,0.35195157,0.22987662,0.055519275
1.2.826.0.1.3680043.8.498.30435446905709054197096833427672604260,0.08935066,0.052633643,0.125374,0.051560566,0.034390274,0.02843155,0.08758925,0.16729504,0.023723122,0.08034234,0.1117556,0.030938419
1.2.826.0.1.3680043.8.498.30490857770169699336468319880130884989,0.70779705,0.40314642,0.6498072,0.5368865,0.14656308,0.1100356,0.09155554,0.6349402,0.17566419,0.15972495,0.59161973,0.21321023
1.2.826.0.1.3680043.8.498.30517381653283520211188050362394799510,0.57747376,0.3221609,0.7947414,0.56815714,0.42242506,0.22256693,0.2623888,0.76023954,0.28392997,0.2555997,0.50750256,0.17498587
1.2.826.0.1.3680043.8.498.30520444048368652235940346583890702451,0.09911039,0.047764804,0.43913248,0.084862076,0.12370295,0.06528188,0.21022528,0.30610132,0.032925922,0.12049058,0.11087914,0.023719154
1.2.826.0.1.3680043.8.498.30537361712821464927469618193893850465,0.058029532,0.051536668,0.06262646,0.03444286,0.035227016,0.030467413,0.122150235,0.11076321,0.031070966,0.08474986,0.076247886,0.03577187
1.2.826.0.1.3680043.8.498.30557810085867943803354292590079995622,0.17084007,0.1336919,0.81607896,0.3741463,0.85207164,0.5669705,0.73489994,0.77409786,0.4441897,0.47723132,0.15610422,0.06826797
1.2.826.0.1.3680043.8.498.30613528335797277620843542280889823612,0.14027566,0.09265176,0.7761913,0.26147512,0.8080929,0.49159104,0.7444994,0.6643092,0.23312907,0.41686368,0.13988686,0.046016388
1.2.826.0.1.3680043.8.498.30662407196303880392459287553277761223,0.69687605,0.38386956,0.7477075,0.55248916,0.19552307,0.12879714,0.12182276,0.64632356,0.16876143,0.18103535,0.6191952,0.2044786
1.2.826.0.1.3680043.8.498.30672390215843894382866701432377109444,0.039164916,0.031097246,0.14399526,0.041909866,0.14060275,0.073179774,0.35002914,0.2136291,0.03688429,0.14672323,0.059542768,0.023025334
1.2.826.0.1.3680043.8.498.30673411238679998084995204090753297949,0.2197862,0.14089069,0.85149044,0.360018,0.74954563,0.38311052,0.6189199,0.7425247,0.25878277,0.34762532,0.19665259,0.05816805
1.2.826.0.1.3680043.8.498.30690232747840004203140392776057147177,0.04259166,0.031050533,0.2343328,0.049272515,0.21233326,0.09617089,0.3738944,0.32436484,0.044970743,0.18192261,0.07044303,0.021750849
1.2.826.0.1.3680043.8.498.30746167840159843733412534591988948270,0.07703889,0.057163,0.09454387,0.043045532,0.028998181,0.024657864,0.07936711,0.1253299,0.025761763,0.07018125,0.094663106,0.036021467
1.2.826.0.1.3680043.8.498.30756534269149851281518502475458067520,0.5541163,0.26269904,0.5332264,0.33652258,0.07842799,0.059521563,0.06571897,0.48228928,0.080770105,0.109680295,0.4392239,0.120861344
1.2.826.0.1.3680043.8.498.30763696628968291934469221453461209579,0.13249044,0.061138008,0.26374882,0.08186506,0.046221104,0.028170228,0.08502855,0.28525478,0.02593934,0.07700332,0.1405773,0.028408943
1.2.826.0.1.3680043.8.498.30800677497901063887487934675082066316,0.30167505,0.11751237,0.65993124,0.246801,0.14814758,0.06697876,0.1392395,0.5558234,0.057466373,0.14189817,0.3026089,0.053251423
1.2.826.0.1.3680043.8.498.30832771419882354941430609179589560374,0.05420591,0.03934792,0.44295147,0.08008921,0.46616882,0.19668686,0.5769273,0.38097116,0.06534753,0.22744706,0.06517231,0.026364515
1.2.826.0.1.3680043.8.498.30836611607735372299752226690388090391,0.3144033,0.11495629,0.5168776,0.18792686,0.079993375,0.045647617,0.09130372,0.41829965,0.037296757,0.11650785,0.3079903,0.0523778
1.2.826.0.1.3680043.8.498.30838586189496669675465778955893367497,0.44542992,0.21281943,0.87102413,0.49328166,0.48934245,0.2041779,0.3180602,0.74801964,0.19040385,0.2313822,0.38281575,0.08678673
1.2.826.0.1.3680043.8.498.30842406081180392627544336691360658070,0.08874104,0.058048744,0.111816116,0.04969573,0.028739847,0.024042478,0.073731214,0.15002166,0.024816057,0.07000904,0.10773188,0.035474185
1.2.826.0.1.3680043.8.498.30888379005655662168586864728687777425,0.2177538,0.13353065,0.782277,0.36343068,0.6978614,0.37444574,0.59099036,0.75836986,0.29971173,0.38550085,0.23375024,0.071699865
1.2.826.0.1.3680043.8.498.30942874102560162331831960649006411381,0.08744019,0.046249703,0.25423792,0.06257918,0.046527103,0.029692752,0.10267639,0.24219047,0.021790586,0.09496964,0.13281271,0.025256367
1.2.826.0.1.3680043.8.498.30947630416867960170317316514422933066,0.064185016,0.044605535,0.09765674,0.040001515,0.034632985,0.027478265,0.10225681,0.1531566,0.024509698,0.08228638,0.08533586,0.027556524
1.2.826.0.1.3680043.8.498.30978547345367837000803077743620171961,0.4589694,0.30159098,0.87050796,0.62638646,0.78689563,0.49789342,0.54684913,0.84817666,0.5790144,0.3932522,0.3815932,0.14471811
1.2.826.0.1.3680043.8.498.30998941785989496591079894962766360976,0.17120284,0.08378448,0.22209613,0.08675658,0.03125189,0.02515414,0.05760205,0.21552086,0.026525155,0.07226074,0.17895734,0.04381616
1.2.826.0.1.3680043.8.498.31079821574648958955911441626193848961,0.06313057,0.04973597,0.074091904,0.03700875,0.032582216,0.02887738,0.10886872,0.11983663,0.027584732,0.07816876,0.07733524,0.032135267
1.2.826.0.1.3680043.8.498.31080452089421812812019413302222437434,0.10143725,0.08415017,0.7013442,0.21724562,0.78338337,0.46468186,0.72988707,0.6494089,0.26274654,0.42080098,0.10248867,0.046651322
1.2.826.0.1.3680043.8.498.31082592133742929889611857821843859701,0.041773714,0.036799006,0.083645746,0.033594936,0.07100311,0.04863145,0.24909,0.13519311,0.0316294,0.11202546,0.06221659,0.028083416
1.2.826.0.1.3680043.8.498.31099878224304681441631176766255029271,0.10116171,0.06658038,0.102155276,0.0527681,0.027855977,0.025698356,0.072556786,0.14587428,0.027856816,0.07055125,0.11915192,0.043602556
1.2.826.0.1.3680043.8.498.31137162827930164367134811210741362416,0.14485064,0.06481383,0.4831611,0.108566165,0.09326207,0.048293285,0.14387755,0.34736335,0.031265818,0.103063524,0.15607026,0.029480746
1.2.826.0.1.3680043.8.498.31145453746697192222724674918300432873,0.15231578,0.079464614,0.17801888,0.075355954,0.029710354,0.024465613,0.057416264,0.21294482,0.027443137,0.07248076,0.1647091,0.041859943
1.2.826.0.1.3680043.8.498.31171050331393253655760166990008263793,0.055048577,0.04585582,0.07376937,0.03402859,0.036789592,0.030416317,0.122581616,0.12084662,0.027789883,0.0834597,0.07410487,0.031181531
1.2.826.0.1.3680043.8.498.31175171249406459042393597291141275669,0.46957695,0.21609835,0.37674665,0.24836272,0.05350291,0.044026263,0.056756347,0.41432336,0.061176587,0.1013514,0.3987552,0.109050006
1.2.826.0.1.3680043.8.498.31175617350083221245857813741060042777,0.043802798,0.037528306,0.109411456,0.03659777,0.09140537,0.057817005,0.29327095,0.15671407,0.03469722,0.1281778,0.064582326,0.028593758
1.2.826.0.1.3680043.8.498.31193772347652083986607183406944630716,0.20193213,0.07869172,0.56313246,0.14800543,0.10105607,0.048468854,0.1267985,0.42167327,0.035173837,0.106063664,0.19932678,0.033293217
1.2.826.0.1.3680043.8.498.31218039240665208717816408042644491715,0.31374034,0.14384302,0.25264502,0.13825859,0.035390113,0.030258203,0.04809222,0.2881652,0.040560238,0.079158835,0.2690499,0.071650445
1.2.826.0.1.3680043.8.498.31220970065722563280311764269386457090,0.093860805,0.06912011,0.6579765,0.15201008,0.5739178,0.2981062,0.6059762,0.5061333,0.13327436,0.28663564,0.098808944,0.03765395
1.2.826.0.1.3680043.8.498.31257542772176806182696506252925365119,0.043548834,0.031964656,0.28653643,0.05718738,0.27690083,0.12727123,0.46340054,0.3137549,0.048267398,0.2142968,0.066735655,0.02274639
1.2.826.0.1.3680043.8.498.31280487369922340170695453174997912050,0.14115138,0.05453196,0.44436064,0.10089136,0.08611064,0.043701712,0.1429415,0.32789245,0.024311224,0.1123703,0.16443397,0.025544459
1.2.826.0.1.3680043.8.498.31282366761674650660824706600044115805,0.29557523,0.11111026,0.60851514,0.20966431,0.093150705,0.04894861,0.09795949,0.4818606,0.042142324,0.12692963,0.334203,0.052270327
1.2.826.0.1.3680043.8.498.31284572943302383501947308874558551301,0.05548421,0.043502122,0.085348465,0.03585165,0.039881524,0.03120519,0.12847948,0.1429689,0.027373698,0.08277319,0.07250543,0.02729684
1.2.826.0.1.3680043.8.498.31352187408311685267245948214616940728,0.039947618,0.03646806,0.101161875,0.0359147,0.106410585,0.06583196,0.33387196,0.15034983,0.037233863,0.13580362,0.059863158,0.028935893
1.2.826.0.1.3680043.8.498.31373064397225665483187291274194812486,0.15918913,0.07744926,0.2665337,0.08711687,0.03621702,0.028059758,0.068576515,0.24499926,0.027390547,0.082672894,0.18792637,0.039678425
1.2.826.0.1.3680043.8.498.31421989235441217674752676866539112529,0.15941489,0.08078671,0.21907698,0.08813514,0.04163142,0.029704958,0.07194931,0.2864769,0.03196759,0.09521054,0.20351972,0.04411996
1.2.826.0.1.3680043.8.498.31461240229123701082444627629841504099,0.06028782,0.049519707,0.06902975,0.036634352,0.033399723,0.028878165,0.10838658,0.13083693,0.028891355,0.08245358,0.07870927,0.031815972
1.2.826.0.1.3680043.8.498.31482725509752510642857072190147133461,0.03769021,0.030251479,0.1897357,0.043515507,0.19158252,0.096291445,0.38998613,0.24168679,0.042012926,0.16709952,0.058642257,0.022974709
1.2.826.0.1.3680043.8.498.31555333355990829772911515362502000209,0.40883958,0.16597922,0.5676187,0.25002885,0.074311845,0.048684523,0.07066985,0.4634747,0.051588606,0.115658894,0.39628282,0.078280695
1.2.826.0.1.3680043.8.498.31565705236407722278921437231164204914,0.11067194,0.06677556,0.16237402,0.05957803,0.028747378,0.023948183,0.067298375,0.16061027,0.024788925,0.069919996,0.13259217,0.037412696
1.2.826.0.1.3680043.8.498.31610133883321894510649078615659708431,0.065588236,0.052198086,0.07025127,0.03907309,0.03202978,0.027883457,0.0996568,0.12350108,0.028165972,0.07947884,0.081614636,0.03463265
1.2.826.0.1.3680043.8.498.31640159014711750808214354395404624815,0.1600994,0.07778991,0.1682548,0.076680206,0.032267615,0.026203617,0.06084133,0.22204158,0.028100621,0.077281855,0.16505204,0.041744355
1.2.826.0.1.3680043.8.498.31745644522310786426860265012373331979,0.080377355,0.062191956,0.075884074,0.041728128,0.026926493,0.02616674,0.08237288,0.11833847,0.029061947,0.070485204,0.094348446,0.04349648
1.2.826.0.1.3680043.8.498.31790457319528233269194462675995569260,0.34249192,0.14657989,0.69094634,0.31786212,0.24354026,0.10490348,0.18772253,0.67077804,0.11050495,0.17531435,0.3298325,0.06569093
1.2.826.0.1.3680043.8.498.31792234576444017394182974951507838927,0.06688802,0.05140828,0.07891717,0.038338695,0.030234886,0.027401559,0.09382974,0.13225298,0.027679866,0.076328404,0.084034495,0.03252404
1.2.826.0.1.3680043.8.498.31806829168516955528191705338336428721,0.053305667,0.042748466,0.07980791,0.034813754,0.04141272,0.03336518,0.13412745,0.12161038,0.025670921,0.0890075,0.07446442,0.028609945
1.2.826.0.1.3680043.8.498.31827987476038668074615045841102711882,0.052351505,0.037014708,0.32919437,0.07124574,0.3956786,0.19058397,0.53109324,0.33046466,0.057730537,0.24969734,0.07509497,0.02607511
1.2.826.0.1.3680043.8.498.31842732064173292828619477783097732181,0.06107922,0.05105841,0.06879181,0.036063123,0.034356147,0.030802308,0.11674908,0.11046006,0.029271174,0.08032288,0.0730946,0.03422794
1.2.826.0.1.3680043.8.498.31851627014639252866084081561126592250,0.071473785,0.057827067,0.08004028,0.039885204,0.030076306,0.026245201,0.0861119,0.11271529,0.027925132,0.072204076,0.08660681,0.038256507
1.2.826.0.1.3680043.8.498.31898017986762601111404430885432769100,0.05223063,0.04222782,0.08504708,0.035220735,0.045666985,0.035240006,0.15804906,0.1320964,0.027887749,0.088061504,0.06670845,0.027585031
1.2.826.0.1.3680043.8.498.31899121807187535405063131351086765296,0.041564304,0.030386003,0.24546042,0.052186675,0.22462603,0.10811102,0.41052935,0.29040402,0.04389598,0.19829121,0.067930214,0.021858351
1.2.826.0.1.3680043.8.498.31949224274318638796196151105617844024,0.15420216,0.09909291,0.814345,0.3058232,0.7755772,0.43995187,0.6782996,0.7279929,0.25675613,0.4170717,0.16909696,0.049988497
1.2.826.0.1.3680043.8.498.32043012602421532910420313983803503778,0.06067426,0.049137704,0.49890164,0.109596685,0.60807073,0.30113456,0.6546931,0.49398056,0.1294906,0.32833537,0.071657375,0.031095158
1.2.826.0.1.3680043.8.498.32078592787308498852570411454111970699,0.4244858,0.19783252,0.5912743,0.31041542,0.13360143,0.07703114,0.11766586,0.5764296,0.094078675,0.1673812,0.43276206,0.10747167
1.2.826.0.1.3680043.8.498.32109377199577933060124357239881959602,0.10355661,0.086628735,0.6928653,0.22701582,0.82899344,0.5274073,0.7703154,0.6592572,0.30923456,0.4376663,0.1067216,0.051373884
1.2.826.0.1.3680043.8.498.32138869097959653224534642965199855627,0.06039622,0.05400959,0.057844643,0.03627382,0.03335253,0.03051,0.12089921,0.104645215,0.031142665,0.08244985,0.0758463,0.03825054
1.2.826.0.1.3680043.8.498.32172672595181417103935593872811182816,0.20389986,0.08939871,0.35902062,0.111839496,0.043872893,0.02924151,0.06970809,0.28917915,0.02762901,0.08118835,0.20659202,0.041864917
1.2.826.0.1.3680043.8.498.32179217289301203414651193280580594771,0.06604791,0.05572561,0.065471746,0.036461968,0.031143982,0.028904444,0.09668934,0.109636135,0.030647282,0.07512102,0.07840215,0.03898996
1.2.826.0.1.3680043.8.498.32226253011052584155674401943276961907,0.051744122,0.0472055,0.29215166,0.06418172,0.2986215,0.1586226,0.5360463,0.26807284,0.067632526,0.20302272,0.0686398,0.033807654
1.2.826.0.1.3680043.8.498.32241219263926672894433308808653719495,0.13243169,0.059106827,0.4759453,0.10390094,0.0967904,0.047948398,0.15228516,0.35781735,0.03043979,0.106794894,0.1442988,0.026535839
1.2.826.0.1.3680043.8.498.32265622493980668732317541941196894795,0.13916823,0.06395082,0.27289987,0.08299941,0.040850796,0.027444838,0.07407449,0.27821702,0.024782397,0.088162266,0.18158764,0.03301505
1.2.826.0.1.3680043.8.498.32299120582647333604770626110392750631,0.059697427,0.04590245,0.090666935,0.036324758,0.041148633,0.034547508,0.13653131,0.11999808,0.02729553,0.08120775,0.07117966,0.030296138
1.2.826.0.1.3680043.8.498.32321830776739689645700555055955725945,0.3655134,0.15724114,0.68668455,0.33329085,0.22289138,0.10243696,0.15526187,0.66123605,0.1051029,0.20721689,0.39100948,0.07758332
1.2.826.0.1.3680043.8.498.32328699307307661181881949763360098439,0.073710054,0.039248005,0.22180133,0.056856673,0.0736746,0.043511417,0.1565823,0.24412513,0.023887444,0.10782283,0.101927355,0.021867463
1.2.826.0.1.3680043.8.498.32329374180424300100441619205766536205,0.38409895,0.1895325,0.8411026,0.4746089,0.60940623,0.30192366,0.452698,0.7566326,0.23904681,0.32020834,0.36689627,0.09320171
1.2.826.0.1.3680043.8.498.32413534416513678586709935453506443461,0.037099868,0.03129987,0.16374451,0.04118623,0.18798079,0.095505856,0.40547553,0.22843868,0.043304853,0.16907682,0.055292614,0.023528118
1.2.826.0.1.3680043.8.498.32417506901165787885027994386927321654,0.06629682,0.05444081,0.07141555,0.037960656,0.032203805,0.027882831,0.09559422,0.106503546,0.028515715,0.07578935,0.07949718,0.037889156
1.2.826.0.1.3680043.8.498.32479930837336533083798155873656743007,0.10070746,0.046295103,0.4528295,0.094281584,0.11480389,0.04787143,0.1860224,0.37890708,0.02694141,0.11561645,0.12524393,0.021511456
1.2.826.0.1.3680043.8.498.32488933488399304214586978746578986823,0.080228336,0.05722475,0.6262125,0.14052905,0.6304083,0.29390544,0.64401287,0.529743,0.112583354,0.2986772,0.09265665,0.03185024
1.2.826.0.1.3680043.8.498.32501049887140121289143479773995481982,0.08179446,0.059566673,0.631964,0.14020403,0.5076582,0.24118885,0.59694266,0.4980084,0.110500045,0.24717292,0.08980094,0.02970969
1.2.826.0.1.3680043.8.498.32504785212530110880087745488871181111,0.40413573,0.19448125,0.39519405,0.20414172,0.0511172,0.041547753,0.06056589,0.38316575,0.056868404,0.10133405,0.36795083,0.096485086
1.2.826.0.1.3680043.8.498.32513010438338970418994141548516096399,0.072724104,0.058167636,0.081815846,0.04049608,0.029744677,0.02590027,0.08453931,0.11387465,0.027741488,0.07133825,0.08784863,0.03826521
1.2.826.0.1.3680043.8.498.32521102053110469817073126425955562934,0.1035867,0.0717848,0.09716311,0.050085146,0.025292797,0.025230302,0.06831424,0.13334155,0.028712342,0.0671755,0.11888028,0.04654033
1.2.826.0.1.3680043.8.498.32571577475600416042179474541176580933,0.6617621,0.36853403,0.6484691,0.50386417,0.15008467,0.102081634,0.094612174,0.6331064,0.16045368,0.15364566,0.58030987,0.20418163
1.2.826.0.1.3680043.8.498.32593583441236180433075435541777683664,0.22708473,0.09253914,0.33377355,0.13582847,0.05565972,0.03586361,0.064534016,0.39261484,0.036911275,0.11316934,0.26302725,0.04805037
1.2.826.0.1.3680043.8.498.32611545463217490575457831874695918229,0.07210202,0.057752125,0.08165367,0.040229358,0.029838987,0.025952788,0.0847856,0.11404572,0.027695779,0.07163478,0.08747587,0.038222227
1.2.826.0.1.3680043.8.498.32624291809937483520460431326945616461,0.42934135,0.17433873,0.49214578,0.24069175,0.06620797,0.044599272,0.06636725,0.45072496,0.05033016,0.09749865,0.3538826,0.074806325
1.2.826.0.1.3680043.8.498.32680606387445562892045224227371304764,0.082916975,0.06077622,0.08056808,0.043256447,0.027392108,0.02557303,0.075847,0.13181359,0.028786326,0.06995884,0.095029436,0.0391118
1.2.826.0.1.3680043.8.498.32704159300269838731722725240928883385,0.06337332,0.05333649,0.064908884,0.035838287,0.033291217,0.030554466,0.10942892,0.10647437,0.030151203,0.07971052,0.07438345,0.03746732
1.2.826.0.1.3680043.8.498.32723296226443325838892542529446214677,0.06661497,0.053938758,0.07117765,0.037690658,0.03176256,0.028956864,0.10350575,0.11407837,0.02878168,0.07667952,0.07711784,0.035717674
1.2.826.0.1.3680043.8.498.32742383730417896527915284404039812924,0.04787704,0.034509104,0.35719818,0.06388746,0.32435948,0.14184152,0.48293644,0.35289624,0.054297857,0.19449984,0.061559416,0.02186188
1.2.826.0.1.3680043.8.498.32784816158214124982843838883515640569,0.110437825,0.09809104,0.7167732,0.2350741,0.84276956,0.59907997,0.7897997,0.6194191,0.36369658,0.4513619,0.09960613,0.061387524
1.2.826.0.1.3680043.8.498.32835080036019877751472792740274297358,0.062093608,0.04593672,0.45520774,0.09391945,0.57044137,0.29270384,0.65997195,0.3889722,0.08483991,0.30654964,0.07750196,0.02973402
1.2.826.0.1.3680043.8.498.32862727544234948830522036721585095753,0.05973477,0.0535381,0.4483319,0.10329331,0.63804585,0.3441894,0.6879595,0.4470206,0.14799498,0.33726177,0.069231965,0.03750102
1.2.826.0.1.3680043.8.498.32910372391370203605482772577821971133,0.06083012,0.050017476,0.06684219,0.036098782,0.03306694,0.029285444,0.10701522,0.11692009,0.028736835,0.081533045,0.07647203,0.034126937
1.2.826.0.1.3680043.8.498.32916544979513354644075485240094539251,0.07998283,0.045902565,0.5466091,0.12111608,0.3519347,0.13912112,0.41866308,0.54389346,0.06778749,0.23050705,0.098319165,0.022212354
1.2.826.0.1.3680043.8.498.32996271790302034744448837505729856569,0.51055586,0.2289871,0.5129428,0.3133749,0.075619034,0.05530088,0.061124865,0.49586052,0.071703374,0.1258731,0.4605029,0.11729317
1.2.826.0.1.3680043.8.498.33045687849853291066101186962073873042,0.116270326,0.051562842,0.52755606,0.120296836,0.13583618,0.059542786,0.19527195,0.45222202,0.03432724,0.15922716,0.16769224,0.025160888
1.2.826.0.1.3680043.8.498.33085434860684110795966817803985794300,0.052093588,0.039028104,0.104658954,0.034866057,0.048764918,0.036775555,0.16195564,0.12761757,0.023707787,0.0942734,0.075699784,0.025959503
1.2.826.0.1.3680043.8.498.33114390259375873203134285352951765534,0.38535598,0.20237668,0.8741711,0.4702561,0.58531296,0.24417146,0.40000007,0.75816137,0.21985938,0.26101136,0.3273022,0.080642685
1.2.826.0.1.3680043.8.498.33215387283623093392227819856970670071,0.1262243,0.07008881,0.12981653,0.060961355,0.027345374,0.024487402,0.0626809,0.1708402,0.02694674,0.06942403,0.13204221,0.039036423
1.2.826.0.1.3680043.8.498.33247377165700300890880607485836825807,0.0552243,0.050579347,0.38963464,0.0788047,0.53492606,0.30558297,0.67873406,0.31665823,0.11444912,0.29309002,0.06470725,0.040737495
1.2.826.0.1.3680043.8.498.33273874534046658504935877940537027702,0.13884497,0.08482902,0.13758141,0.06616093,0.027174443,0.025474256,0.0638081,0.18270108,0.031294644,0.07298944,0.15400979,0.047527894
1.2.826.0.1.3680043.8.498.33284228284209148349668722931307588402,0.067942604,0.05543767,0.07224826,0.037911974,0.030297402,0.028094772,0.09554986,0.11434107,0.029106116,0.07531631,0.080371335,0.03726547
1.2.826.0.1.3680043.8.498.33324606756355240783076971858231422510,0.06361612,0.05160684,0.076329455,0.03699757,0.034345504,0.030225554,0.11420376,0.11626282,0.028481387,0.07847056,0.07524575,0.03397997
1.2.826.0.1.3680043.8.498.33324670630108603340869986205298694836,0.056022577,0.049240295,0.06244399,0.03366839,0.036586177,0.030892603,0.12530299,0.11208323,0.030174773,0.08662203,0.0760505,0.034847133
1.2.826.0.1.3680043.8.498.33339945632086976351786752793064764443,0.062680654,0.056071963,0.41228217,0.0863129,0.40057388,0.22164127,0.60547674,0.32148266,0.090756126,0.25338736,0.07462487,0.038182702
1.2.826.0.1.3680043.8.498.33387430823462011959198830568803117633,0.04075413,0.033867452,0.11193928,0.035352316,0.08413859,0.052335575,0.24857327,0.17518783,0.03218235,0.11650562,0.05906537,0.023726279
1.2.826.0.1.3680043.8.498.33393833442961030521286257650328223086,0.07540991,0.04991288,0.11904553,0.044875346,0.03107392,0.02577835,0.082949474,0.15599723,0.024552649,0.07987927,0.105462275,0.030540677
1.2.826.0.1.3680043.8.498.33419086668421177906530808458004386826,0.06461159,0.047183223,0.08978753,0.039517228,0.033486016,0.026575366,0.09864778,0.14634033,0.025930438,0.07805394,0.08441427,0.028646683
1.2.826.0.1.3680043.8.498.33427080769740419588952225424281396684,0.10643638,0.05248021,0.27657065,0.069164194,0.043898586,0.02947297,0.09021748,0.2534853,0.022794956,0.093008116,0.15396947,0.02819621
1.2.826.0.1.3680043.8.498.33432461096351771607862098991677662209,0.42418337,0.18930018,0.383594,0.23553729,0.063150205,0.047441594,0.061005842,0.45040223,0.06408322,0.104126215,0.35522127,0.090096176
1.2.826.0.1.3680043.8.498.33479806419966566464727310013949313521,0.25693104,0.1047691,0.45636204,0.17730384,0.080619685,0.04342669,0.103405334,0.43044162,0.04134527,0.11270849,0.26302356,0.049433626
1.2.826.0.1.3680043.8.498.33584205642521728950676369503690551550,0.1603856,0.12738538,0.7878276,0.3426738,0.8567402,0.58435565,0.7709091,0.75354517,0.43572584,0.48614484,0.15609702,0.07126082
1.2.826.0.1.3680043.8.498.33614319611050071354692274770073371314,0.07626822,0.05644061,0.5600666,0.14805809,0.6485947,0.33012566,0.6450489,0.5858526,0.16448873,0.35132048,0.09780488,0.035724055
1.2.826.0.1.3680043.8.498.33620268340279901383196638228030589893,0.18434452,0.10355032,0.8210882,0.3222662,0.6860614,0.33984965,0.5859399,0.73309076,0.20741703,0.3648674,0.20478424,0.050080772
1.2.826.0.1.3680043.8.498.33657688895130083119886800524324572941,0.10207475,0.06557649,0.67385566,0.15805678,0.5413834,0.23153098,0.5695001,0.5514043,0.09662229,0.2640551,0.11369887,0.03254448
1.2.826.0.1.3680043.8.498.33707148112045883958228656491167647755,0.047872946,0.04467756,0.29721704,0.069320306,0.43625128,0.22310027,0.62043786,0.30706713,0.08467034,0.26076466,0.06267429,0.03424812
1.2.826.0.1.3680043.8.498.33709759248055631658322056320849494088,0.045561574,0.03509383,0.32146856,0.066205256,0.3746997,0.17444247,0.5331816,0.35683852,0.06519134,0.24949092,0.0697792,0.025906004
1.2.826.0.1.3680043.8.498.33734536545775442043827840341408174347,0.06200508,0.053601656,0.063023,0.03616781,0.032080207,0.03006903,0.10717048,0.111139186,0.0308368,0.08108862,0.07639191,0.035783738
1.2.826.0.1.3680043.8.498.33834227140201599591317512187502720859,0.06820683,0.041228317,0.13292095,0.042162165,0.041900005,0.030441709,0.113018826,0.16076724,0.02134254,0.08624361,0.092397004,0.02453699
1.2.826.0.1.3680043.8.498.33841907095190352493353075864604147687,0.15076245,0.07283065,0.39445427,0.1376163,0.14433843,0.0740384,0.17851405,0.47099745,0.058006443,0.15649691,0.17797668,0.036874868
1.2.826.0.1.3680043.8.498.33880013318702285028756482543453984598,0.05649912,0.04813381,0.07181193,0.035116967,0.035552908,0.030529866,0.12394744,0.11405109,0.028377758,0.08212127,0.07766327,0.035679743
1.2.826.0.1.3680043.8.498.33885566709305241744786004177260915650,0.13763405,0.071805425,0.19877832,0.07372873,0.029920978,0.024972375,0.06047204,0.21154349,0.025620705,0.080629505,0.1745226,0.039728727
1.2.826.0.1.3680043.8.498.33899056854391617633929258302459140830,0.050848674,0.040333822,0.07904385,0.03457493,0.04325276,0.03347528,0.14249997,0.13745083,0.02694174,0.09016265,0.068985954,0.026460253
1.2.826.0.1.3680043.8.498.33947148016115721563601115463364787679,0.3310902,0.15303855,0.2764742,0.1497303,0.03699316,0.033406295,0.0501891,0.2880503,0.04378816,0.08004271,0.27474302,0.076280944
1.2.826.0.1.3680043.8.498.33957165685646407808982253731894148028,0.23954573,0.09955879,0.3922164,0.13423282,0.045614,0.03140439,0.06298722,0.33226487,0.031066274,0.09203824,0.26626506,0.04790203
1.2.826.0.1.3680043.8.498.33990091057243328830745904178686745167,0.60716397,0.34340662,0.7376828,0.5504361,0.302805,0.17464688,0.18850946,0.72243184,0.23737101,0.22952797,0.5595886,0.20316803
1.2.826.0.1.3680043.8.498.33997019840409023169542161093833920630,0.0671029,0.057178434,0.06591076,0.037275173,0.030341621,0.028148657,0.09517755,0.11026337,0.030528381,0.07456025,0.079177655,0.03942873
1.2.826.0.1.3680043.8.498.34002185870196144582348922158474418674,0.09656482,0.056829378,0.11878696,0.052154303,0.030117765,0.02483659,0.06423593,0.18312883,0.02650494,0.08701192,0.13054855,0.035358664
1.2.826.0.1.3680043.8.498.34040631818813472592501398076075999835,0.060907714,0.037133552,0.33408415,0.06407309,0.13128804,0.058952056,0.24924782,0.3375899,0.031760428,0.12647252,0.08245933,0.01906605
1.2.826.0.1.3680043.8.498.34058295828142876023659425586740832405,0.19027202,0.0764683,0.47473508,0.12863915,0.06468256,0.036792938,0.08999587,0.3870153,0.030059325,0.10818952,0.23814788,0.036613286
1.2.826.0.1.3680043.8.498.34076627216941578548083498328399240999,0.048489723,0.04399168,0.29909915,0.061758526,0.4450647,0.2389852,0.6289579,0.2707472,0.08751895,0.25595874,0.05971514,0.036398586
1.2.826.0.1.3680043.8.498.34096149829586714035779314398766243514,0.08198603,0.061821815,0.07902635,0.041935217,0.027738089,0.025824372,0.081094086,0.12529962,0.028212318,0.06956071,0.09804531,0.043043856
1.2.826.0.1.3680043.8.498.34109091435857467600499949506940613037,0.06274355,0.0537713,0.06352541,0.03643736,0.032136697,0.028111836,0.10527435,0.11958614,0.03004056,0.08233711,0.08162629,0.035988078
1.2.826.0.1.3680043.8.498.34126843286927697018624309801437341727,0.06544375,0.056406982,0.061643187,0.039014474,0.030674087,0.02828564,0.10614136,0.111768275,0.030106142,0.07856715,0.08138879,0.03921377
1.2.826.0.1.3680043.8.498.34206043272866138622475050809785944941,0.49407646,0.223029,0.8356269,0.46878627,0.31525624,0.13388434,0.20825924,0.70065445,0.13116425,0.19197233,0.44023994,0.099612966
1.2.826.0.1.3680043.8.498.34262242337778924864334788374037992215,0.045953695,0.031313818,0.23245706,0.04973718,0.19526766,0.09651974,0.38064164,0.24354976,0.0318673,0.16778837,0.0701218,0.0214876
1.2.826.0.1.3680043.8.498.34294522885703132478119231619149118745,0.139407,0.06323142,0.22952189,0.07997393,0.04343381,0.029031469,0.08071318,0.27022448,0.025847126,0.086515225,0.15439983,0.03237045
1.2.826.0.1.3680043.8.498.34360298211002490108642003575962873984,0.50468147,0.2133624,0.6612709,0.362566,0.12764953,0.06975124,0.09447839,0.58995175,0.08268705,0.11966517,0.41261864,0.08820363
1.2.826.0.1.3680043.8.498.34379812274299658721362253287768041613,0.04115128,0.031925157,0.17689507,0.041819934,0.18059754,0.09654715,0.38631308,0.19898644,0.034426063,0.16706933,0.06290909,0.023737807
1.2.826.0.1.3680043.8.498.34404554752241524210538769325381023947,0.051563747,0.03964255,0.37320474,0.08081554,0.4791213,0.2316174,0.597645,0.38937634,0.085172325,0.29718986,0.07266941,0.0292947
1.2.826.0.1.3680043.8.498.34433343440016591348979084714300062954,0.11037352,0.05918343,0.6444873,0.17173836,0.38887826,0.15083027,0.3977239,0.61754745,0.08650982,0.24191082,0.13211586,0.026595186
1.2.826.0.1.3680043.8.498.34441662343660776323013762699640240389,0.48853722,0.28071392,0.89185387,0.5879794,0.66214156,0.32880443,0.44549698,0.8006775,0.33553106,0.30919787,0.41827294,0.12065959
1.2.826.0.1.3680043.8.498.34461302710296907289543656738174044465,0.27248892,0.10802006,0.40286586,0.14797531,0.04973572,0.033878542,0.06807487,0.35573334,0.03325712,0.084777944,0.24803337,0.04720208
1.2.826.0.1.3680043.8.498.34501976934829436985900782482912019868,0.52914685,0.245102,0.47510877,0.2952979,0.06689327,0.05307306,0.060934216,0.44723403,0.07129837,0.1036332,0.41769204,0.11395333
1.2.826.0.1.3680043.8.498.34546106114963066554367298449299214677,0.089514494,0.049777977,0.6376499,0.14776011,0.4466535,0.18863252,0.47691974,0.5715805,0.08054546,0.27521628,0.13125765,0.027749691
1.2.826.0.1.3680043.8.498.34572444983416782410188788741787280444,0.046462182,0.031663116,0.1576481,0.042416546,0.08585302,0.047593728,0.21564652,0.23294628,0.027660996,0.11875817,0.06797207,0.019608332
1.2.826.0.1.3680043.8.498.34574046861696910828478657346725687542,0.43376002,0.23961678,0.71238387,0.4426972,0.38078883,0.20419641,0.28731304,0.7053356,0.22414924,0.29378092,0.45266604,0.14936292
1.2.826.0.1.3680043.8.498.34636178772986348716257313987840123906,0.5455517,0.26551658,0.54635566,0.36546123,0.09530288,0.0646982,0.077835776,0.54492223,0.092398845,0.12306281,0.47232163,0.13038617
1.2.826.0.1.3680043.8.498.34654275504962399799861007974465776328,0.2407699,0.10716906,0.26035646,0.11519213,0.03513757,0.029351098,0.056013927,0.27138793,0.032591872,0.07711826,0.22266689,0.052495543
1.2.826.0.1.3680043.8.498.34685905030370793639196564723935583035,0.07987083,0.042311203,0.33315575,0.08250737,0.106320225,0.049462486,0.20453785,0.3560611,0.030320583,0.13178805,0.10758392,0.021498151
1.2.826.0.1.3680043.8.498.34690162612328981644511154212357885455,0.067452975,0.05336864,0.08682804,0.039069243,0.032483783,0.026637996,0.09410146,0.12028024,0.026228713,0.07403223,0.08447786,0.03349492
1.2.826.0.1.3680043.8.498.34717974828302316666446325243570202245,0.07242666,0.037429202,0.33404258,0.07149558,0.1052166,0.05186426,0.1904596,0.31100303,0.029071497,0.10733523,0.094507776,0.02066747
1.2.826.0.1.3680043.8.498.34740783941206992242367609204835771599,0.2711554,0.112162925,0.29094785,0.13880791,0.041683532,0.032819137,0.052197747,0.32962814,0.038045824,0.099534035,0.27613336,0.059543986
1.2.826.0.1.3680043.8.498.34753112960188810416088070814158959510,0.055459682,0.044435665,0.07464313,0.03370338,0.03797181,0.03332942,0.12868756,0.105443835,0.027977802,0.085078,0.07181959,0.032447446
1.2.826.0.1.3680043.8.498.34791780913322886484171421115861604853,0.1364461,0.059955124,0.29263636,0.08072688,0.050754998,0.03293715,0.09553946,0.25617197,0.025145823,0.081171386,0.13786626,0.028424144
1.2.826.0.1.3680043.8.498.34795373994453585401035013232069587413,0.3748955,0.16026299,0.4421731,0.19710404,0.05043028,0.03719978,0.056976166,0.3590041,0.04268293,0.08971545,0.33358616,0.07720272
1.2.826.0.1.3680043.8.498.34826100703045042103752460066224521343,0.18415824,0.08258934,0.21767117,0.09403853,0.034753412,0.027799573,0.05389116,0.2724001,0.030822122,0.092525944,0.21611644,0.04675045
1.2.826.0.1.3680043.8.498.34858782760614383566891001610985452165,0.3337437,0.1384932,0.8048846,0.32645458,0.28729546,0.106529124,0.2262398,0.6406012,0.084338665,0.17002992,0.30164886,0.054492943
1.2.826.0.1.3680043.8.498.34861721301001052975626513770908147451,0.042819645,0.032513764,0.12323277,0.03622038,0.07380059,0.04444003,0.21418704,0.19114678,0.027697217,0.11240157,0.06441074,0.02095868
1.2.826.0.1.3680043.8.498.34895742092137516664772577251243433579,0.0531745,0.031618048,0.34876287,0.0635907,0.16253737,0.073738955,0.28726956,0.3410245,0.030971706,0.16900854,0.09204419,0.019415127
1.2.826.0.1.3680043.8.498.35015675197378142698488944856288804597,0.06606125,0.055987675,0.06599155,0.036672946,0.03101872,0.028749421,0.09663834,0.10976619,0.030435288,0.07533651,0.0786042,0.03880862
1.2.826.0.1.3680043.8.498.35017973257585430544005763350601015208,0.41950598,0.16303559,0.6054908,0.262207,0.08447704,0.048821107,0.079471454,0.48845983,0.050082605,0.109859884,0.37442228,0.0750468
1.2.826.0.1.3680043.8.498.35026052487843947230089350615730580521,0.12918827,0.06829741,0.14500262,0.062170375,0.029731372,0.024923544,0.06658021,0.18111192,0.025873687,0.06970397,0.1300303,0.037612174
1.2.826.0.1.3680043.8.498.35027750475162395113025853006474122989,0.0773202,0.041780822,0.5279688,0.10553104,0.34832966,0.14957005,0.45096377,0.4383733,0.049783014,0.22383302,0.10364468,0.02192746
1.2.826.0.1.3680043.8.498.35064504053970754752690367203246822139,0.039016094,0.032695998,0.20879987,0.049640138,0.2396463,0.11504069,0.46611002,0.26360723,0.04882069,0.18715,0.057094835,0.024469446
1.2.826.0.1.3680043.8.498.35090276406828326770336478753776261776,0.07328747,0.036941785,0.3841865,0.0731831,0.14842083,0.06911351,0.26089334,0.32682982,0.027062247,0.14743438,0.098325446,0.018820843
1.2.826.0.1.3680043.8.498.35121262802959257590413582180924083425,0.038278688,0.029847814,0.1581549,0.03954172,0.15606505,0.08112982,0.36148256,0.2256676,0.03817401,0.15517229,0.056448016,0.021640796
1.2.826.0.1.3680043.8.498.35127678462764233938878060108411012978,0.73954874,0.47470334,0.7770202,0.6705075,0.31218952,0.2033915,0.17131545,0.73988694,0.31639695,0.22688568,0.64481395,0.27332136
1.2.826.0.1.3680043.8.498.35210451107308788915675910467662426761,0.06957498,0.049299035,0.53298944,0.11594167,0.64397424,0.33607575,0.6816133,0.45364642,0.10691817,0.31961808,0.08309903,0.03201729
1.2.826.0.1.3680043.8.498.35230417208602644083092414161817929841,0.36495435,0.16377273,0.32798877,0.18951948,0.046299852,0.036331747,0.056580562,0.3676244,0.046509326,0.09207693,0.3349478,0.084327914
1.2.826.0.1.3680043.8.498.35257158249961136373696255071228322165,0.6309655,0.36275998,0.84223676,0.6270047,0.477924,0.2660793,0.30393,0.7612757,0.2989864,0.2902253,0.5807264,0.20717679
1.2.826.0.1.3680043.8.498.35273590880523815297008790288567354883,0.068412594,0.057934392,0.07240572,0.037671622,0.031433616,0.029898444,0.10712051,0.1079765,0.03082967,0.07716611,0.08274217,0.04232359
1.2.826.0.1.3680043.8.498.35330802038595377723999341992570259909,0.0651735,0.05294897,0.07312182,0.037471127,0.032429732,0.029102484,0.10696472,0.11558457,0.028470997,0.076842874,0.076440655,0.034836266
1.2.826.0.1.3680043.8.498.35338198410583984337908932327787063577,0.067506954,0.05770691,0.06788751,0.03723806,0.030160597,0.028098406,0.09999802,0.11149957,0.029878369,0.073648974,0.08259827,0.040848173
1.2.826.0.1.3680043.8.498.35526385429946467546636621603749416429,0.04684479,0.032188866,0.21167739,0.047082573,0.124359034,0.06318183,0.281233,0.27297825,0.030828139,0.13585551,0.06467175,0.018342344
1.2.826.0.1.3680043.8.498.35542843700847404584397532402313561503,0.0757259,0.042415977,0.34366712,0.07217798,0.116263054,0.0585938,0.22982855,0.32628697,0.030260589,0.1273349,0.092022076,0.019899737
1.2.826.0.1.3680043.8.498.35549628666222168741574331855838621990,0.40794078,0.16923015,0.41254413,0.22428513,0.059377488,0.04264238,0.061599486,0.42848012,0.05128971,0.09964432,0.34826434,0.07804737
1.2.826.0.1.3680043.8.498.35572306796137927247415883445612561056,0.0665992,0.052415732,0.06980782,0.038020503,0.030844172,0.027763601,0.09564472,0.122539416,0.028388733,0.0783321,0.081700556,0.035074428
1.2.826.0.1.3680043.8.498.35633121799529901420381085923067525212,0.121147,0.08061397,0.7408028,0.20493785,0.64965314,0.3009128,0.6190968,0.60426295,0.13978685,0.2976765,0.12258786,0.038885254
1.2.826.0.1.3680043.8.498.35639250779062198905356481136455419313,0.07842611,0.056963716,0.5769628,0.14390847,0.7150341,0.40762478,0.7185333,0.4945235,0.13984945,0.3756154,0.09179844,0.038020886
1.2.826.0.1.3680043.8.498.35664741425496814074030858561751287211,0.054115646,0.045440953,0.069516,0.03435421,0.038712636,0.033079673,0.13264193,0.10805726,0.028816825,0.08666112,0.071657985,0.033395883
1.2.826.0.1.3680043.8.498.35677515667357567818845364400903668190,0.07318395,0.04576812,0.123265095,0.04726504,0.036765903,0.027081376,0.0808672,0.20594193,0.026061932,0.100069836,0.116171055,0.0284142
1.2.826.0.1.3680043.8.498.35717294165699019392845830077937768611,0.19831127,0.10698224,0.18800555,0.09032037,0.029413752,0.027051758,0.056506988,0.22985747,0.034994364,0.078216985,0.20793478,0.056401946
1.2.826.0.1.3680043.8.498.35769002792415947424087098083674166777,0.048299823,0.042552024,0.21486518,0.049677115,0.21177308,0.12126504,0.4684823,0.20555641,0.057546996,0.17994691,0.06583436,0.03396146
1.2.826.0.1.3680043.8.498.35777075794856195065665011443485613681,0.23711465,0.14516552,0.8469414,0.40737337,0.8290958,0.5270807,0.7166569,0.75884914,0.3462463,0.43918052,0.22495703,0.071487024
1.2.826.0.1.3680043.8.498.35790589718590759254855277551289842944,0.05551888,0.04594606,0.06877227,0.03498719,0.0366235,0.030830206,0.1212176,0.12289609,0.028179172,0.085669525,0.07326726,0.031053387
1.2.826.0.1.3680043.8.498.35820650938063925991582813178954225720,0.066875964,0.05518535,0.067834616,0.037404887,0.032173302,0.030296069,0.10675191,0.10855606,0.03022843,0.078148805,0.076420575,0.036638923
1.2.826.0.1.3680043.8.498.35826402289277331555736683320175912112,0.42457062,0.19458461,0.48165762,0.24202713,0.061821967,0.043370795,0.06315941,0.46358418,0.058978412,0.10537352,0.40416917,0.0936383
1.2.826.0.1.3680043.8.498.35835033603115368194824573270370351403,0.31639725,0.12848549,0.49247104,0.23131275,0.11033824,0.059614338,0.08814381,0.53499174,0.06335324,0.15925007,0.34612402,0.06777241
1.2.826.0.1.3680043.8.498.35836928928058091851993989259747528067,0.15095833,0.07950856,0.18273377,0.07242173,0.02827403,0.024185238,0.057041924,0.18176313,0.026329517,0.06817988,0.1593606,0.043648534
1.2.826.0.1.3680043.8.498.35853404993418331599021266761280794201,0.053389844,0.045667544,0.068257876,0.034651052,0.038321115,0.029797133,0.12519951,0.13378066,0.02870912,0.089540526,0.077324815,0.030735558
1.2.826.0.1.3680043.8.498.35871201339095431578743898508613853278,0.06908591,0.062007435,0.520698,0.11710196,0.6760878,0.40354818,0.7308506,0.40636688,0.17515805,0.32994992,0.06931815,0.043942433
1.2.826.0.1.3680043.8.498.35892665011493087075493127252825546314,0.21251164,0.11616878,0.803129,0.34348774,0.65394235,0.3052938,0.51917535,0.7565256,0.24060945,0.31464493,0.1971201,0.049411908
1.2.826.0.1.3680043.8.498.35906584224533966870202042352292878668,0.07610566,0.043973662,0.44942686,0.10383741,0.29042825,0.12330313,0.37901682,0.49713993,0.06447183,0.2286097,0.11498924,0.026049921
1.2.826.0.1.3680043.8.498.35923146679164443588381195543533271939,0.41689274,0.2512724,0.8993957,0.56920487,0.7672753,0.4226148,0.545689,0.8133945,0.3978776,0.35908744,0.3471829,0.10505045
1.2.826.0.1.3680043.8.498.35923183633813281697521537744486885300,0.06413161,0.05238294,0.06875448,0.03659818,0.03128873,0.028534628,0.100312725,0.11481206,0.028759923,0.079210065,0.081181884,0.035013136
1.2.826.0.1.3680043.8.498.35923753382244056317223397206343376734,0.06409845,0.03586769,0.4126453,0.08091627,0.18761374,0.08288673,0.2882421,0.40429813,0.037516154,0.18650377,0.10705117,0.021162197
1.2.826.0.1.3680043.8.498.35932368810339127867306228699757809449,0.35730213,0.1533879,0.44068387,0.1887816,0.04950078,0.037025996,0.059129696,0.34605828,0.04128634,0.08958481,0.31914315,0.07314301
1.2.826.0.1.3680043.8.498.35942316720546803304976641081186518384,0.05292982,0.0412494,0.088615686,0.036876176,0.041394208,0.031157255,0.1487447,0.13958555,0.02541599,0.08668777,0.07371251,0.027130006
1.2.826.0.1.3680043.8.498.35961087303991442751747064990497975939,0.44257542,0.20247744,0.413347,0.22549765,0.05090177,0.043305907,0.055359807,0.35965106,0.055198345,0.09405574,0.35913932,0.10126231
1.2.826.0.1.3680043.8.498.35965770865730278787229040370963322662,0.11306014,0.08456447,0.7448174,0.24850385,0.74170685,0.40930828,0.6723029,0.70090127,0.24474467,0.38975435,0.12813652,0.04369611
1.2.826.0.1.3680043.8.498.35971292331621735865925455612813197566,0.3172056,0.13072655,0.6639118,0.2823282,0.19818386,0.08733199,0.16678378,0.61956465,0.080491714,0.17154643,0.3101187,0.057892542
1.2.826.0.1.3680043.8.498.35991881811942962264382690224767291006,0.066483125,0.055984978,0.06520012,0.036734052,0.030883852,0.028654309,0.095392905,0.110043764,0.030557094,0.07528263,0.07899742,0.03920793
1.2.826.0.1.3680043.8.498.36013620117872095227314165026090752632,0.22923002,0.092632614,0.54263055,0.15555657,0.09108432,0.04960263,0.1153641,0.39533725,0.038502734,0.10121893,0.21445276,0.040250957
1.2.826.0.1.3680043.8.498.36035264348264378094569428634302238394,0.07014739,0.053129457,0.076112516,0.03989935,0.030720718,0.027702695,0.07911337,0.13244772,0.029100358,0.08665754,0.09366739,0.036161866
1.2.826.0.1.3680043.8.498.36083794505435625841225237415909011547,0.041013572,0.030123275,0.20296417,0.04526054,0.15650919,0.075697616,0.30391115,0.2934596,0.038352724,0.15369219,0.06866508,0.02027448
1.2.826.0.1.3680043.8.498.36090989845682961399757203739039806565,0.14432795,0.08000201,0.77267176,0.24092714,0.68717635,0.3501462,0.6462349,0.6334829,0.14877547,0.33377546,0.1482593,0.037373994
1.2.826.0.1.3680043.8.498.36131369236532190338276701919104598475,0.0572872,0.036530193,0.36348101,0.07179803,0.23564236,0.10178539,0.38591543,0.382078,0.046164934,0.16878365,0.072487734,0.019843584
1.2.826.0.1.3680043.8.498.36158956431673597472934120620368656246,0.067506954,0.05770691,0.06788751,0.03723806,0.030160597,0.028098406,0.09999802,0.11149957,0.029878369,0.073648974,0.08259827,0.040848173
1.2.826.0.1.3680043.8.498.36180248571044206939894546783755557323,0.061662935,0.039235394,0.20002319,0.05731049,0.08178431,0.045505796,0.18173546,0.28397015,0.029832257,0.120750114,0.09101734,0.02243881
1.2.826.0.1.3680043.8.498.36185754164795053628650116141620545139,0.06056173,0.045227326,0.5219648,0.10257105,0.5490943,0.25143936,0.6091038,0.46366057,0.09723468,0.26383752,0.0700008,0.02756391
1.2.826.0.1.3680043.8.498.36193046155628980489031133466840036976,0.07354765,0.05659905,0.085705146,0.040935595,0.02932424,0.025316888,0.08179686,0.119945966,0.026942851,0.070529304,0.09049621,0.037579417
1.2.826.0.1.3680043.8.498.36221680997794815863088530960610069278,0.47097328,0.23352665,0.8425818,0.5162703,0.48056528,0.20599444,0.29358548,0.769491,0.22849767,0.2219069,0.388821,0.09033412
1.2.826.0.1.3680043.8.498.36235892729383338522021416304853301198,0.04886983,0.034085203,0.16360025,0.039875336,0.07182693,0.043809097,0.19953603,0.20006852,0.025864974,0.10852103,0.075638115,0.021762313
1.2.826.0.1.3680043.8.498.36293583160636884934622362743062825202,0.06694779,0.053984914,0.0717866,0.03782216,0.031658687,0.028883444,0.1029766,0.11457493,0.028727174,0.07658987,0.07747489,0.03563342
1.2.826.0.1.3680043.8.498.36314809560682514762544085885005264167,0.07141323,0.04462956,0.535699,0.1109828,0.5102986,0.2368498,0.584923,0.45021468,0.07120582,0.2742411,0.08789694,0.024029136
1.2.826.0.1.3680043.8.498.36315811661139684771871696847516662339,0.12095155,0.085750185,0.7586128,0.24915025,0.7238289,0.37852487,0.65390384,0.7001987,0.22939384,0.3634635,0.12997372,0.04167712
1.2.826.0.1.3680043.8.498.36431753977367847587395456605556703040,0.06683992,0.058126073,0.06261618,0.03613703,0.03125792,0.03021882,0.10548545,0.10119887,0.031138483,0.077406265,0.07960666,0.042205013
1.2.826.0.1.3680043.8.498.36470828078108352859868482351276699300,0.10661334,0.05741932,0.31489477,0.08927426,0.09098068,0.048751887,0.14881149,0.37879953,0.03782492,0.13651973,0.16306289,0.031263664
1.2.826.0.1.3680043.8.498.36488342368050295711098478501722217415,0.047177475,0.03502811,0.122669734,0.039615612,0.06509135,0.04281451,0.14670236,0.22526722,0.030806866,0.13330501,0.08670025,0.024376925
1.2.826.0.1.3680043.8.498.36521162836904095186654423648490092035,0.15512195,0.07487618,0.7407209,0.23281886,0.43592918,0.17037357,0.40483472,0.6495385,0.09290805,0.27160943,0.19646016,0.035927627
1.2.826.0.1.3680043.8.498.36588608184578739092409073014150374185,0.1472111,0.07104942,0.21287118,0.08038743,0.03524128,0.026786068,0.06872208,0.25150752,0.026288217,0.07831423,0.16417131,0.035418116
1.2.826.0.1.3680043.8.498.36599566036331923007586730435849419272,0.06550472,0.055258162,0.06537955,0.036264934,0.031321473,0.02900613,0.097447716,0.11019811,0.030487688,0.07546181,0.07817273,0.038669597
1.2.826.0.1.3680043.8.498.36645945703275956149107297016813148264,0.6307545,0.335085,0.6681608,0.4987277,0.16659752,0.1096482,0.11564795,0.6371818,0.15364125,0.16999702,0.5613697,0.18774943
1.2.826.0.1.3680043.8.498.36648377536792309029975432419163533533,0.4275884,0.23201874,0.86199015,0.5388794,0.63255537,0.3008585,0.42366976,0.8017041,0.32375112,0.28455934,0.35516483,0.09538362
1.2.826.0.1.3680043.8.498.36679002788952511154610176614545192374,0.06629682,0.05444081,0.07141555,0.037960656,0.032203805,0.027882831,0.09559422,0.106503546,0.028515715,0.07578935,0.07949718,0.037889156
1.2.826.0.1.3680043.8.498.36688959138536319644194458211515765203,0.29282618,0.12887856,0.5651617,0.21064211,0.09814231,0.05058525,0.10024252,0.52234197,0.05771022,0.12410614,0.3246463,0.06014944
1.2.826.0.1.3680043.8.498.36743562653862381001280112332273495985,0.4007703,0.23022594,0.8186761,0.5226546,0.66332626,0.3610265,0.46178678,0.80375093,0.40039167,0.34937602,0.36189377,0.12146498
1.2.826.0.1.3680043.8.498.36757476214794170118868510630678488185,0.10689654,0.054486115,0.18082528,0.05853278,0.035664666,0.02674387,0.08387754,0.18364668,0.022812203,0.07557685,0.11851553,0.029542947
1.2.826.0.1.3680043.8.498.36812284468308169396147366740331573100,0.05462673,0.034554984,0.3431776,0.06497801,0.16211386,0.0725054,0.31295174,0.34200644,0.03741424,0.14391276,0.07896154,0.01940008
1.2.826.0.1.3680043.8.498.36825274340853796392762195174336452919,0.15028325,0.07307929,0.22775927,0.08702819,0.04152,0.029238522,0.07392172,0.27574137,0.029083647,0.087465785,0.17337228,0.036516316
1.2.826.0.1.3680043.8.498.36846391753332367835804699576399553980,0.6863704,0.38841152,0.621719,0.48631248,0.124069355,0.09595973,0.08118269,0.583095,0.15333073,0.14207797,0.55605006,0.19209431
1.2.826.0.1.3680043.8.498.36891467514776207809384804066253854193,0.047239725,0.03562569,0.33771667,0.07252498,0.4139476,0.18229416,0.54346883,0.40633363,0.07414206,0.25973487,0.06429292,0.023933
1.2.826.0.1.3680043.8.498.36914870739904705183135763739850515617,0.0824731,0.054645922,0.10891339,0.049485512,0.03185028,0.025216255,0.090433374,0.16908348,0.02519251,0.077751555,0.10949342,0.03312144
1.2.826.0.1.3680043.8.498.36924091633099385100942228071545017565,0.061319876,0.04070875,0.39201266,0.07655832,0.26067886,0.112769,0.41392562,0.3922748,0.050008107,0.18007499,0.07397578,0.02169786
1.2.826.0.1.3680043.8.498.36930256628357053046574486650916442047,0.07277737,0.051739346,0.5747259,0.1434251,0.546377,0.27177835,0.50518537,0.6104647,0.13669083,0.359461,0.109673955,0.031426422
1.2.826.0.1.3680043.8.498.36995206854684735704099881847485073991,0.0808636,0.06310047,0.62357706,0.15975028,0.7014779,0.36521357,0.68372846,0.59468156,0.18256976,0.36205423,0.08685785,0.035317212
1.2.826.0.1.3680043.8.498.37005775889857426034942587344620888398,0.046390515,0.039185856,0.08066922,0.03258882,0.04978671,0.037729263,0.16804247,0.123244934,0.028290968,0.09502082,0.06751551,0.028026354
1.2.826.0.1.3680043.8.498.37007302166102452703965686598524467188,0.06827906,0.05194864,0.5607166,0.1451385,0.6058968,0.32438204,0.56219053,0.60196596,0.15316907,0.40011996,0.10306152,0.03269178
1.2.826.0.1.3680043.8.498.37030593568962187244853961673610373876,0.17150903,0.08129457,0.19539896,0.08646228,0.031855527,0.026672782,0.053131286,0.24475941,0.029893432,0.089092076,0.2029437,0.04717597
1.2.826.0.1.3680043.8.498.37040910196459054543310335064167212742,0.706521,0.4144208,0.65651476,0.55073714,0.17309438,0.12872957,0.10718045,0.65772915,0.20669319,0.18022363,0.60902333,0.23871708
1.2.826.0.1.3680043.8.498.37046961643473249831189497076699393868,0.6459214,0.35785317,0.68441963,0.51469624,0.18195923,0.119561255,0.11467161,0.6412187,0.16887842,0.16414157,0.5627341,0.19369078
1.2.826.0.1.3680043.8.498.37057548998853865829402084168010676727,0.105611615,0.05909364,0.16216502,0.06507028,0.037533943,0.026933879,0.088807724,0.21504983,0.024951452,0.0836836,0.13465294,0.032969557
1.2.826.0.1.3680043.8.498.37110727485959679337431199930441321268,0.08391756,0.07777397,0.600247,0.15159275,0.67614347,0.4007877,0.7319813,0.46370244,0.19247238,0.34669888,0.08600163,0.04971034
1.2.826.0.1.3680043.8.498.37147839676713817130306478240352601535,0.046285942,0.031037856,0.20067593,0.044254247,0.12017198,0.06318488,0.29483765,0.25307706,0.03074197,0.12703979,0.06392269,0.019194238
1.2.826.0.1.3680043.8.498.37210322466522537523056852160944888029,0.053417444,0.042382747,0.087037906,0.03549864,0.04194225,0.032865807,0.13744707,0.1380654,0.027153332,0.0881412,0.071777776,0.026840761
1.2.826.0.1.3680043.8.498.37257728513136112802363958568529758895,0.06140734,0.05152954,0.066631794,0.035154525,0.03267403,0.029331103,0.10464704,0.11340218,0.029023532,0.07793254,0.076468006,0.035938535
1.2.826.0.1.3680043.8.498.37270291131952413969044156276264153316,0.06973262,0.06355077,0.5121394,0.11477755,0.6804456,0.40279946,0.7317402,0.40886635,0.16903533,0.34134462,0.07172722,0.045384012
1.2.826.0.1.3680043.8.498.37332768072749723117839591872457536315,0.1508478,0.104382046,0.78912365,0.3089105,0.7875168,0.45428997,0.6759696,0.75068414,0.32702726,0.40562904,0.14313868,0.050075617
1.2.826.0.1.3680043.8.498.37347132459817985668038603215490355489,0.10037326,0.06517254,0.11583232,0.05156489,0.027205154,0.023872664,0.066464335,0.14095165,0.025839917,0.06670164,0.11340389,0.038787726
1.2.826.0.1.3680043.8.498.37371365833775442014007234936409739360,0.1191978,0.085118555,0.70850486,0.24672121,0.75739455,0.43701357,0.69853425,0.69463587,0.27638614,0.4131139,0.13500111,0.05052692
1.2.826.0.1.3680043.8.498.37390494423735156928337187351900345080,0.04147637,0.03712301,0.08459551,0.033960097,0.06995543,0.047468234,0.2465783,0.13397616,0.03127905,0.11098539,0.0619226,0.027773151
1.2.826.0.1.3680043.8.498.37392127307867238524251864751713143683,0.60751754,0.30170205,0.70830995,0.45849732,0.17108917,0.10524517,0.11843576,0.62257147,0.12620445,0.17339066,0.5598387,0.15794718
1.2.826.0.1.3680043.8.498.37413349933694832641902637847629969234,0.11982299,0.058939505,0.6674782,0.1508547,0.3193907,0.11397184,0.36320308,0.53063804,0.05453274,0.17589678,0.13214079,0.025511397
1.2.826.0.1.3680043.8.498.37427993203943111265113924891058049338,0.06629682,0.05444081,0.07141555,0.037960656,0.032203805,0.027882831,0.09559422,0.106503546,0.028515715,0.07578935,0.07949718,0.037889156
1.2.826.0.1.3680043.8.498.37432328401993499374675847888297416449,0.064719744,0.036288023,0.44480228,0.079211585,0.3051231,0.13638647,0.4579934,0.35722494,0.040187657,0.20517617,0.08426608,0.020447647
1.2.826.0.1.3680043.8.498.37438631765770807892914198396852544668,0.06659142,0.056322753,0.06581454,0.037039574,0.03058502,0.028654255,0.095632866,0.11044054,0.030637449,0.07503361,0.07925823,0.039010864
1.2.826.0.1.3680043.8.498.37447511763482014027579634343525200849,0.07685353,0.051804002,0.091871314,0.04402155,0.03156094,0.026390836,0.08697675,0.15284942,0.026123341,0.079174705,0.096125804,0.032116037
1.2.826.0.1.3680043.8.498.37463970179664003092832463732043124908,0.2652852,0.12222155,0.7485204,0.3286141,0.36527514,0.14804609,0.3182948,0.6757294,0.11964924,0.22045186,0.2662216,0.0550058
1.2.826.0.1.3680043.8.498.37485075271886447709158414670394650122,0.40341464,0.25682983,0.8510623,0.5641957,0.75491834,0.45859948,0.54810214,0.8269977,0.5005722,0.39008373,0.35206884,0.13115527
1.2.826.0.1.3680043.8.498.37508036912473928281276902883575142611,0.2478221,0.105559595,0.39964592,0.13578872,0.044990376,0.03201235,0.062572934,0.33220848,0.03242342,0.0937486,0.28152505,0.052806452
1.2.826.0.1.3680043.8.498.37510478969810784660124747242051166554,0.07262408,0.05793452,0.082203895,0.04045632,0.029738167,0.025931034,0.08412062,0.11450957,0.027708996,0.07136219,0.087909296,0.038155053
1.2.826.0.1.3680043.8.498.37519350121906786941281770770693979271,0.05523903,0.047056075,0.41171277,0.08984126,0.55821157,0.27451882,0.6422473,0.42677677,0.112034075,0.30617988,0.0667129,0.031680226
1.2.826.0.1.3680043.8.498.37558426555271635608942179071280432530,0.062790014,0.040628728,0.4592416,0.104318894,0.3523906,0.16145355,0.37242705,0.5362754,0.079391226,0.27883616,0.104879886,0.02535428
1.2.826.0.1.3680043.8.498.37572710131396388050286115883363501023,0.32317942,0.13846922,0.39350954,0.16641526,0.044211674,0.035621937,0.05522334,0.33727434,0.040482804,0.093448326,0.32254577,0.06869603
1.2.826.0.1.3680043.8.498.37580209294522316445963449455348371815,0.061149742,0.053485174,0.060856614,0.03557418,0.032750975,0.030228278,0.10922621,0.11098498,0.030853095,0.08174894,0.07594275,0.036973387
1.2.826.0.1.3680043.8.498.37591186611460576939009950935820113903,0.5477576,0.25003448,0.6337124,0.38528988,0.11776518,0.07256445,0.0886626,0.5850577,0.092337325,0.1302116,0.47331324,0.11598332
1.2.826.0.1.3680043.8.498.37591590536870291237852764995372956522,0.07252052,0.05071445,0.54052216,0.107919104,0.36323798,0.16518171,0.503588,0.4487501,0.073676854,0.20986368,0.0857179,0.026027493
1.2.826.0.1.3680043.8.498.37633035024065331400434438202028794597,0.12994573,0.062009107,0.27692077,0.07545064,0.046580605,0.031876557,0.094871856,0.24912344,0.025127945,0.08436441,0.14280811,0.029166015
1.2.826.0.1.3680043.8.498.37644754953609976838298110418046213654,0.053320765,0.043046337,0.36438748,0.067748114,0.28659,0.14991213,0.51720846,0.2926323,0.05901129,0.19280855,0.06957821,0.02760615
1.2.826.0.1.3680043.8.498.37695832484726177391252504639155717084,0.12315478,0.05405643,0.42751384,0.09224594,0.08218927,0.04379871,0.1398381,0.32425487,0.027632462,0.102285944,0.13807447,0.025690794
1.2.826.0.1.3680043.8.498.37713008080610827760634302982073393454,0.11880807,0.062086668,0.5303876,0.12502433,0.21383885,0.090343736,0.2843113,0.4647798,0.051221184,0.15355805,0.122332394,0.025496515
1.2.826.0.1.3680043.8.498.37729566534337521443213426693965453255,0.042936865,0.035175413,0.2502289,0.049030006,0.26261103,0.1338151,0.49289572,0.23716818,0.05069599,0.18120725,0.057022776,0.026868034
1.2.826.0.1.3680043.8.498.37782918081276484321055690005029111967,0.25402734,0.09931862,0.576055,0.17364502,0.09329078,0.04805996,0.108023554,0.4302419,0.039445557,0.10241954,0.23684737,0.04204011
1.2.826.0.1.3680043.8.498.37833587429731221455928642963031995680,0.053624574,0.04853421,0.062101535,0.034381375,0.03839491,0.032641876,0.14749627,0.10546207,0.030255266,0.088097185,0.07126416,0.03491809
1.2.826.0.1.3680043.8.498.37838990693631869129590283596686992710,0.25525528,0.1072758,0.7513756,0.24570414,0.2192229,0.082932025,0.20967868,0.5742222,0.05959369,0.14760908,0.24636327,0.042333473
1.2.826.0.1.3680043.8.498.37846940236952007502147453013489359606,0.070420004,0.047338445,0.5136083,0.096111305,0.3565868,0.16257885,0.48628354,0.41599375,0.07044047,0.21432795,0.08348379,0.02610537
1.2.826.0.1.3680043.8.498.37862788793597360072184753016994526122,0.23817605,0.09255659,0.7301197,0.23705019,0.2773561,0.11055235,0.2660637,0.5725979,0.06258448,0.18700281,0.2426451,0.037437346
1.2.826.0.1.3680043.8.498.37879265071349098151803248077034280617,0.700831,0.39735347,0.604382,0.49440113,0.12948333,0.101219125,0.08311042,0.6157781,0.170557,0.15335429,0.58132386,0.212419
1.2.826.0.1.3680043.8.498.37885316830093262977685802809269466252,0.038257774,0.032048948,0.13387752,0.03928913,0.13484277,0.07490053,0.35137752,0.19145487,0.036954317,0.14571317,0.05910863,0.02467902
1.2.826.0.1.3680043.8.498.37921127120678939078868474340027123335,0.12833403,0.103989206,0.7363779,0.25385848,0.85439926,0.597087,0.802991,0.6138259,0.2944223,0.47345608,0.12305618,0.060783222
1.2.826.0.1.3680043.8.498.37936061471366103885185528435327650981,0.23854232,0.102356635,0.24518883,0.11472932,0.03762743,0.030991271,0.051671848,0.28996196,0.035592802,0.09551776,0.24676134,0.055747155
1.2.826.0.1.3680043.8.498.37969790195791584440906553207150666923,0.08767921,0.05946691,0.6210281,0.1430649,0.5255389,0.23006503,0.55697656,0.56018233,0.1157963,0.2658804,0.0964261,0.02974225
1.2.826.0.1.3680043.8.498.38005916106577944091708997377832932938,0.052195963,0.04100406,0.0859009,0.03483217,0.046834767,0.0357331,0.15884435,0.14171965,0.027255015,0.09012013,0.06813054,0.026008543
1.2.826.0.1.3680043.8.498.38010459551726691601986492657296948013,0.06775181,0.054590356,0.07472494,0.038161512,0.029525662,0.02702077,0.091712564,0.12102524,0.028526781,0.07405135,0.08344048,0.037018694
1.2.826.0.1.3680043.8.498.38013372055010421273425628837282557767,0.10720595,0.06311283,0.17749275,0.074554116,0.053363416,0.037750043,0.106909,0.2645131,0.033057235,0.11129288,0.15153879,0.03815117
1.2.826.0.1.3680043.8.498.38039631093067555454700266397073080430,0.1192103,0.10387359,0.71059203,0.23634882,0.8071012,0.51724744,0.74151164,0.63506067,0.31681284,0.4212198,0.10863269,0.059209187
1.2.826.0.1.3680043.8.498.38056024157303576597111203925091929489,0.055454034,0.048434574,0.08548622,0.035394046,0.055296637,0.043643598,0.20290408,0.11398685,0.03439474,0.10550717,0.07560509,0.03703136
1.2.826.0.1.3680043.8.498.38069035744880456154810472748123499221,0.15604231,0.111998,0.80285406,0.29877505,0.83891827,0.54256797,0.7700722,0.6821759,0.28849086,0.43671215,0.14814502,0.05510882
1.2.826.0.1.3680043.8.498.38085359363401170553191582038767900323,0.08110945,0.05643931,0.62546474,0.15567751,0.6374141,0.31286407,0.6537646,0.575915,0.13528809,0.3396144,0.098464034,0.03348066
1.2.826.0.1.3680043.8.498.38095098835657518803781210111463995296,0.059611186,0.04915182,0.0680563,0.035033986,0.0343912,0.030121887,0.11260706,0.118826374,0.028932285,0.08114051,0.073745295,0.032726727
1.2.826.0.1.3680043.8.498.38104228771638294693272534500734878990,0.16289468,0.07705046,0.68501455,0.2121528,0.3368029,0.12785213,0.32473946,0.6342185,0.084432855,0.21771209,0.17376584,0.031631898
1.2.826.0.1.3680043.8.498.38173249623713271734596884672770674290,0.076654725,0.049171515,0.10984704,0.042969342,0.033316266,0.027855393,0.09573729,0.15171702,0.02461675,0.07506992,0.08833429,0.02848989
1.2.826.0.1.3680043.8.498.38224750236138877853888930317337541394,0.16473514,0.078654036,0.490552,0.16895188,0.16340801,0.076647095,0.15765874,0.55436796,0.06416216,0.20237912,0.23344417,0.042121
1.2.826.0.1.3680043.8.498.38233845434092134418342290639986261345,0.3428682,0.14344905,0.45863417,0.18602465,0.052669186,0.037097182,0.06246165,0.35803136,0.040138446,0.089308515,0.3080848,0.06742057
1.2.826.0.1.3680043.8.498.38238963443939714344730201261512911003,0.11009468,0.05196734,0.46055532,0.117376864,0.14117718,0.0595399,0.22158445,0.4318764,0.037010323,0.14630458,0.13814907,0.024951618
1.2.826.0.1.3680043.8.498.38272345519163551901865251730721530169,0.050035063,0.042997967,0.09562276,0.03448429,0.05748841,0.043422285,0.20993513,0.12815408,0.031773802,0.10217288,0.0707916,0.031981654
1.2.826.0.1.3680043.8.498.38303182087206935163155565441234078389,0.0958917,0.04703198,0.57888806,0.12632035,0.3277022,0.13448933,0.41253293,0.47705784,0.049167592,0.21701026,0.1209054,0.022697888
1.2.826.0.1.3680043.8.498.38303307720827621886420004896097661262,0.05519291,0.0434004,0.08929511,0.03474498,0.042990383,0.034839552,0.14436708,0.11892764,0.025150008,0.0887334,0.07488284,0.028757438
1.2.826.0.1.3680043.8.498.38306262614552497897681886368029860358,0.06394819,0.042436562,0.45084715,0.09314172,0.33739638,0.14689788,0.47571003,0.43313247,0.06872164,0.21324186,0.07750113,0.023029365
1.2.826.0.1.3680043.8.498.38325494489236992123219618004392575979,0.3070995,0.11693445,0.50739956,0.17962028,0.06367082,0.03731412,0.07563735,0.401466,0.035211198,0.09610894,0.28581077,0.051540673
1.2.826.0.1.3680043.8.498.38333934623775971943734069301776225018,0.11601121,0.055118263,0.2420738,0.08272762,0.05754466,0.034431946,0.08297165,0.345158,0.030856298,0.11993507,0.16646536,0.030879168
1.2.826.0.1.3680043.8.498.38361762550587464310603057450403132552,0.09014525,0.068821475,0.657752,0.19190149,0.7761111,0.46135968,0.745966,0.60822785,0.2312634,0.41613016,0.10078841,0.045165945
1.2.826.0.1.3680043.8.498.38365187857616428023213060377488046375,0.28994146,0.17684498,0.8557633,0.47106802,0.7613313,0.4277953,0.57506484,0.8116744,0.39913023,0.37597862,0.2549485,0.07607741
1.2.826.0.1.3680043.8.498.38373204312077453422262347769111605003,0.16805093,0.07047999,0.31642452,0.10263094,0.05218718,0.031214857,0.08673129,0.3244975,0.027699776,0.0850296,0.1738592,0.032324802
1.2.826.0.1.3680043.8.498.38420384692181444061893234153745102059,0.09449339,0.05541026,0.63778514,0.13800879,0.49822006,0.22925602,0.5686499,0.4915325,0.07593263,0.2601028,0.10893339,0.02667293
1.2.826.0.1.3680043.8.498.38427680930662301114332563903957471851,0.18469423,0.08056713,0.35568947,0.10381517,0.04234608,0.030582512,0.07007859,0.28381327,0.027074374,0.089100316,0.21978058,0.04099885
1.2.826.0.1.3680043.8.498.38457315909459574570206119213798163082,0.059491593,0.049542263,0.44962454,0.10847062,0.64904004,0.3409048,0.68411374,0.4699055,0.14659941,0.34191972,0.07621098,0.036726907
1.2.826.0.1.3680043.8.498.38485168845116671268554752030254772359,0.35730463,0.13450825,0.59500164,0.23121975,0.08919804,0.049690157,0.08442679,0.49392727,0.047068257,0.12241258,0.36371538,0.060480453
1.2.826.0.1.3680043.8.498.38518069950656326194016175319535174299,0.045932457,0.034639552,0.28161147,0.058551796,0.3345474,0.16316952,0.50911856,0.2823094,0.04988334,0.22022662,0.06638458,0.02534908
1.2.826.0.1.3680043.8.498.38528511947818361078957998546327084024,0.28761318,0.16035837,0.86792445,0.41389194,0.6817178,0.31407693,0.51829463,0.75729936,0.23613694,0.30782402,0.25311488,0.06271745
1.2.826.0.1.3680043.8.498.38554121831397903041461691318968151267,0.04596258,0.039507538,0.11089275,0.036387607,0.088192634,0.05931881,0.27507797,0.15742521,0.03436877,0.121818595,0.06269495,0.027151195
1.2.826.0.1.3680043.8.498.38567342184301320850258918666303107813,0.07343065,0.03820132,0.26614138,0.05651976,0.0687416,0.0352127,0.15398812,0.24710011,0.020635895,0.0883025,0.09449755,0.020526594
1.2.826.0.1.3680043.8.498.38584486469155131627808759862008577200,0.52769905,0.30229893,0.7768082,0.55204123,0.4627441,0.24965127,0.30003563,0.7590826,0.3060762,0.28581163,0.48773125,0.17627084
1.2.826.0.1.3680043.8.498.38591915802992557518846862828618375715,0.18010889,0.091941,0.7084887,0.26307604,0.48767018,0.21476923,0.44599256,0.6723391,0.14229347,0.29688108,0.20365927,0.049662326
1.2.826.0.1.3680043.8.498.38593351637971248239815933638950449587,0.46358436,0.21639876,0.8132945,0.47547215,0.37078524,0.15644264,0.22639173,0.7449924,0.1803206,0.18643643,0.39565256,0.08517983
1.2.826.0.1.3680043.8.498.38617606118499305781729905815407382451,0.1268046,0.057669543,0.2511708,0.07758834,0.047163166,0.02936949,0.08664582,0.27689022,0.02469477,0.08782988,0.14481407,0.028480567
1.2.826.0.1.3680043.8.498.38628165743951175602803204505216754926,0.09358764,0.051443487,0.1519219,0.058374,0.036779515,0.02648001,0.07213477,0.23919557,0.026170228,0.09597852,0.13724813,0.029932044
1.2.826.0.1.3680043.8.498.38655145317957160440692625317823254736,0.2806216,0.11321519,0.4540522,0.15687346,0.052693702,0.033815768,0.06776888,0.35226756,0.03318328,0.08569554,0.263776,0.05130569
1.2.826.0.1.3680043.8.498.38701927697650476092773702704871872598,0.062362988,0.045500588,0.14534068,0.041790444,0.05130023,0.038018145,0.15079816,0.16044071,0.02691334,0.09196169,0.08338372,0.027418273
1.2.826.0.1.3680043.8.498.38702677049080452580748506476598606517,0.11687872,0.07215304,0.11425921,0.060859635,0.029645955,0.025961332,0.0675467,0.19000122,0.029555265,0.07523381,0.13347661,0.042225823
1.2.826.0.1.3680043.8.498.38717329577625255474350472405748992219,0.06001152,0.053360023,0.49759495,0.10648342,0.6582681,0.37749743,0.72552836,0.41025826,0.15375495,0.32173362,0.06687968,0.03889846
1.2.826.0.1.3680043.8.498.38750761816114659458563557493234655604,0.20278616,0.16720317,0.8445804,0.43110693,0.88361406,0.6667022,0.7929311,0.764783,0.5523714,0.4900537,0.16698208,0.08934032
1.2.826.0.1.3680043.8.498.38774313460931748278644354956408578813,0.053487334,0.04498088,0.08187563,0.03561559,0.048492074,0.038594685,0.17236376,0.13318335,0.0299798,0.094281405,0.068527676,0.029464364
1.2.826.0.1.3680043.8.498.38795933423959135237935740989825843893,0.107826285,0.04948724,0.44769728,0.09462171,0.089649156,0.043148376,0.14851129,0.37330523,0.02681895,0.12960291,0.161436,0.024685178
1.2.826.0.1.3680043.8.498.38796519786809225694393617946244012065,0.72050154,0.42300907,0.6709307,0.5471311,0.15000586,0.11243471,0.09046084,0.63413614,0.18151349,0.16111694,0.6000676,0.22084169
1.2.826.0.1.3680043.8.498.38844149478205202385909887748058004820,0.037763156,0.032944594,0.11472679,0.036065977,0.11869148,0.06844655,0.3403814,0.16948703,0.03688725,0.14287747,0.058766734,0.026244689
1.2.826.0.1.3680043.8.498.38862475907405766248096419059100131863,0.110752024,0.079828955,0.701047,0.21061908,0.81394964,0.5124952,0.77422506,0.5862566,0.21589826,0.43004006,0.1137503,0.046991218
1.2.826.0.1.3680043.8.498.38870467957974446108337293912930572060,0.09994198,0.07608187,0.67902225,0.21205305,0.77106917,0.4494752,0.7208264,0.6571249,0.25316316,0.4026282,0.11143112,0.044945333
1.2.826.0.1.3680043.8.498.38893522232848525819919092148478879455,0.09133639,0.053302817,0.12428221,0.05581534,0.03534793,0.027212517,0.07162109,0.21515958,0.02719614,0.09684567,0.12987985,0.03270795
1.2.826.0.1.3680043.8.498.38898732985465285166803609252960353405,0.043400634,0.03517559,0.22867566,0.04883005,0.27054372,0.14110959,0.48722923,0.22734907,0.044015158,0.1988756,0.063426346,0.026224291
1.2.826.0.1.3680043.8.498.38900640030483599614088224967855884221,0.054235566,0.041500136,0.3785539,0.092159174,0.48753858,0.22859813,0.56406057,0.45227125,0.0991643,0.29389423,0.08048084,0.028988427
1.2.826.0.1.3680043.8.498.38912715505731269998129663552068223373,0.12964913,0.09226866,0.77773404,0.25251058,0.7866303,0.4213549,0.71118826,0.6668073,0.21367057,0.37499154,0.126933,0.04582048
1.2.826.0.1.3680043.8.498.38925755872951351471027638563742132144,0.40922794,0.17298524,0.5638063,0.24394934,0.07234078,0.046573184,0.071966246,0.4327208,0.049582057,0.10205691,0.35611823,0.07835901
1.2.826.0.1.3680043.8.498.38928323954764175259962816410233336718,0.20025174,0.082560696,0.52515775,0.1627057,0.10570202,0.049164824,0.12757969,0.4527196,0.042258166,0.10997658,0.21347652,0.03715562
1.2.826.0.1.3680043.8.498.38935694477580522005505074220300062204,0.15705976,0.13007091,0.799241,0.34174532,0.8682116,0.60955656,0.7676702,0.74585956,0.4564579,0.47361585,0.13550477,0.06996587
1.2.826.0.1.3680043.8.498.38940868544480800333574786964232944756,0.31567207,0.19832246,0.84453636,0.4951253,0.77423185,0.4626568,0.57617146,0.8222561,0.46532163,0.3940817,0.27845746,0.09514884
1.2.826.0.1.3680043.8.498.38974023308452365783768081643215200948,0.07170104,0.049284756,0.5713967,0.121197075,0.50103533,0.21675208,0.5513896,0.53008914,0.09614468,0.26061842,0.087909825,0.024927508
1.2.826.0.1.3680043.8.498.38981318408220047366318316620365040799,0.44706473,0.1919165,0.7970056,0.39419872,0.2280683,0.09819604,0.16971971,0.6487197,0.0944908,0.16070959,0.4004251,0.08093242
1.2.826.0.1.3680043.8.498.39020025030013167602991688044932114354,0.06629682,0.05444081,0.07141555,0.037960656,0.032203805,0.027882831,0.09559422,0.106503546,0.028515715,0.07578935,0.07949718,0.037889156
1.2.826.0.1.3680043.8.498.39020232951771672617852805188845504161,0.7128225,0.4624734,0.826304,0.68858874,0.4469162,0.27988404,0.27039593,0.75870526,0.36128795,0.2880515,0.6516317,0.28904292
1.2.826.0.1.3680043.8.498.39025433784711757736168236829157583043,0.048416194,0.04082415,0.33985522,0.065532655,0.4159706,0.19198431,0.56288826,0.3528133,0.07489103,0.2351015,0.061079174,0.027194722
1.2.826.0.1.3680043.8.498.39064406065534097226924475518005522427,0.16671461,0.08935521,0.14552696,0.08135733,0.029864863,0.025926843,0.060769238,0.21133402,0.030722395,0.0774574,0.18032762,0.051312026
1.2.826.0.1.3680043.8.498.39068632185013624181565849012182917752,0.27235675,0.18583451,0.8556998,0.484588,0.83396053,0.5472301,0.67258555,0.82244295,0.51755154,0.44823182,0.23638141,0.08902494
1.2.826.0.1.3680043.8.498.39070169128115370701189151138307035053,0.05413093,0.04679658,0.41509354,0.09104007,0.57126343,0.28788343,0.6544845,0.42611435,0.117582284,0.3157392,0.066166066,0.03254039
1.2.826.0.1.3680043.8.498.39135770176150551756142329948474103964,0.68729097,0.40280637,0.6512948,0.54791737,0.19948372,0.14287692,0.12420704,0.66283596,0.2194845,0.20025451,0.59663224,0.24370208
1.2.826.0.1.3680043.8.498.39190090804401525573012570218955054016,0.577046,0.29980707,0.5125844,0.35733515,0.08161809,0.06343343,0.0641829,0.5044,0.09834092,0.11306228,0.48091835,0.15244704
1.2.826.0.1.3680043.8.498.39197976722851762826265579540678924584,0.12528864,0.054797035,0.6340021,0.14665848,0.21605681,0.0859013,0.26476672,0.5127873,0.04357478,0.18507376,0.17187533,0.025521226
1.2.826.0.1.3680043.8.498.39250844287482885227700969308333354206,0.0562362,0.033598516,0.21502604,0.04923259,0.06839319,0.038959153,0.15962403,0.23950765,0.023209946,0.11468598,0.096003756,0.020325694
1.2.826.0.1.3680043.8.498.39264696726258404531295961801831089064,0.13949184,0.10550446,0.79573345,0.29889667,0.78214765,0.44949153,0.6843947,0.7256588,0.29589176,0.39493465,0.14160629,0.05091123
1.2.826.0.1.3680043.8.498.39275838957651450909114440721012584183,0.059766788,0.049531262,0.066725165,0.035668407,0.033503108,0.029674951,0.10918748,0.11603746,0.028807055,0.08207778,0.07564435,0.033932608
1.2.826.0.1.3680043.8.498.39324076659429494696721784912308233388,0.056485474,0.049592875,0.061763182,0.035767537,0.03469114,0.03047943,0.12847878,0.10792784,0.029970724,0.083792865,0.07422745,0.035229646
1.2.826.0.1.3680043.8.498.39375796600811714870169173423682043709,0.45047015,0.20702049,0.39386332,0.23929244,0.051985845,0.04222165,0.054804374,0.39898518,0.058893934,0.09438104,0.38726416,0.106744036
1.2.826.0.1.3680043.8.498.39394842976048577715164357752399606924,0.2492554,0.112144984,0.5902493,0.22434734,0.16621466,0.07753321,0.17165738,0.58024263,0.07285369,0.17899375,0.29786006,0.0556542
1.2.826.0.1.3680043.8.498.39399668753650041254826892657562722764,0.19791786,0.09802857,0.2530151,0.096813835,0.033095527,0.027551044,0.057640713,0.21834566,0.029627174,0.0729705,0.19570492,0.04987137
1.2.826.0.1.3680043.8.498.39468803878805753474151381590569125402,0.21928935,0.08520586,0.4342764,0.12923683,0.05539042,0.032895282,0.08033413,0.33932033,0.027232919,0.09109065,0.22326507,0.039982326
1.2.826.0.1.3680043.8.498.39500553372517290823815606829518305500,0.1786169,0.13372666,0.81672263,0.38072112,0.83583635,0.5538852,0.7212264,0.77347153,0.44466582,0.438773,0.16080579,0.06505835
1.2.826.0.1.3680043.8.498.39507184510584030713933330702725991027,0.23904707,0.11044442,0.3280012,0.122882254,0.03909367,0.03227894,0.060585395,0.27719292,0.034116957,0.089516416,0.2566678,0.057004426
1.2.826.0.1.3680043.8.498.39547752108509751520306190293259313911,0.074031435,0.051599864,0.112330556,0.044721343,0.031978358,0.024560073,0.08484145,0.1734976,0.025493586,0.08297632,0.11093872,0.030864088
1.2.826.0.1.3680043.8.498.39578126940710463296572383286587298912,0.06629682,0.05444081,0.07141555,0.037960656,0.032203805,0.027882831,0.09559422,0.106503546,0.028515715,0.07578935,0.07949718,0.037889156
1.2.826.0.1.3680043.8.498.39624624539323722688093816284210287611,0.6842649,0.40041542,0.7953931,0.6397465,0.35559565,0.20085031,0.19309533,0.7514007,0.29144564,0.21876982,0.5863782,0.21407972
1.2.826.0.1.3680043.8.498.39636073039676814228254715705296535819,0.061935708,0.052705128,0.069064535,0.036220837,0.03207009,0.028768916,0.10842531,0.11154769,0.029124096,0.07630649,0.07971558,0.03930637
1.2.826.0.1.3680043.8.498.39642276506855996181597769215091644995,0.06043105,0.035739604,0.39986798,0.0799243,0.32795647,0.15178975,0.45627844,0.36739343,0.048033617,0.220899,0.084581114,0.021754554
1.2.826.0.1.3680043.8.498.39787654910948635229369478006027304578,0.25059897,0.102448925,0.43971568,0.1437314,0.05117862,0.032478195,0.07047294,0.34577596,0.030732913,0.08674533,0.24924092,0.047043823
1.2.826.0.1.3680043.8.498.39799597341675508044808282472428242917,0.06469793,0.05341066,0.06926085,0.037065532,0.032821354,0.030067105,0.10919419,0.11110574,0.02945054,0.07853176,0.07541287,0.035159882
1.2.826.0.1.3680043.8.498.39845300426582562781355154625767485381,0.72730213,0.45129833,0.7154614,0.5857567,0.19276763,0.13431929,0.11149046,0.6650113,0.2216955,0.17143904,0.6204814,0.24594784
1.2.826.0.1.3680043.8.498.39875636232483792306109110284167439592,0.2629657,0.11764959,0.3438766,0.13339043,0.039085645,0.032496136,0.056918483,0.28904215,0.03486739,0.0882036,0.27374315,0.059663486
1.2.826.0.1.3680043.8.498.39895705984068714346274689335576595443,0.29198742,0.11238287,0.5011789,0.17606509,0.064151704,0.038999442,0.073091514,0.42199385,0.037133973,0.10943026,0.31532556,0.052466482
1.2.826.0.1.3680043.8.498.39932424305167611414527482641898907759,0.23465754,0.11098047,0.22351967,0.10252106,0.032034665,0.030204436,0.05735433,0.21060531,0.034555595,0.07480959,0.20974033,0.05831919
1.2.826.0.1.3680043.8.498.39954567501513957418422043089587980092,0.07096213,0.053529818,0.084680505,0.042794988,0.029951962,0.026104128,0.09099835,0.1417006,0.026809163,0.08140706,0.0951998,0.033748135
1.2.826.0.1.3680043.8.498.39959632509842689058626880477779808473,0.16047259,0.13479911,0.8161725,0.3610158,0.87241703,0.64703506,0.7991149,0.7229801,0.48527837,0.47441548,0.1374085,0.07548475
1.2.826.0.1.3680043.8.498.39969071491383654382076256213867635377,0.3987384,0.176594,0.78752846,0.4183494,0.35005605,0.14555584,0.23287348,0.7184138,0.15276887,0.18689355,0.3454936,0.06723993
1.2.826.0.1.3680043.8.498.40036526071307024601256787605725348112,0.08164604,0.053745843,0.09374078,0.045780092,0.029468156,0.025525237,0.070019506,0.16074467,0.027377835,0.0875811,0.11242091,0.035400055
1.2.826.0.1.3680043.8.498.40041164441539690764994039690598305675,0.04140377,0.035097055,0.261578,0.05551446,0.3525773,0.16992253,0.5503374,0.28083768,0.064807296,0.22550157,0.05919118,0.028667586
1.2.826.0.1.3680043.8.498.40086005762552976451418579375198597540,0.0633622,0.053588755,0.0662999,0.03585361,0.032015644,0.029013209,0.10116543,0.109791785,0.030208874,0.076197535,0.077087335,0.037745427
1.2.826.0.1.3680043.8.498.40131899651518057045444739705301716085,0.21201158,0.16126993,0.8358039,0.4287851,0.8592305,0.59248656,0.7242249,0.8063493,0.5305394,0.4709687,0.18524826,0.08015183
1.2.826.0.1.3680043.8.498.40154708689850542672289658249059660788,0.10778046,0.082598686,0.6962416,0.23582758,0.7882672,0.4695363,0.7175496,0.7000355,0.30421564,0.4222913,0.11529637,0.048174836
1.2.826.0.1.3680043.8.498.40196271329411009311273016603705560443,0.06423592,0.05317357,0.069599755,0.036390655,0.031251643,0.028110202,0.09592323,0.11568926,0.028814442,0.07529463,0.079243064,0.036783066
1.2.826.0.1.3680043.8.498.40223239401390462911823193489179244754,0.64308923,0.33890823,0.5832035,0.4325003,0.10485369,0.07792171,0.07315139,0.5675521,0.121775195,0.1284373,0.5180928,0.16300353
1.2.826.0.1.3680043.8.498.40239104167848425290754606013326180693,0.1258191,0.110978395,0.7375661,0.2940993,0.8710638,0.62520975,0.79371214,0.7040165,0.43750048,0.50223243,0.11536906,0.06929995
1.2.826.0.1.3680043.8.498.40254123984175499564145728084464192446,0.05483764,0.03947196,0.3831569,0.07834256,0.40205273,0.1813899,0.5322008,0.413555,0.0704302,0.23174955,0.06806493,0.02378723
1.2.826.0.1.3680043.8.498.40257126480600927758308319831518876543,0.20104972,0.08882514,0.21996915,0.10194654,0.036530122,0.028748784,0.05253177,0.28581545,0.032802127,0.09372253,0.22102588,0.047977418
1.2.826.0.1.3680043.8.498.40269807401373034066229810558300266830,0.49698654,0.22149442,0.5701916,0.33804727,0.11024006,0.0680941,0.08596268,0.5668663,0.088166006,0.13082266,0.4357321,0.10607259
1.2.826.0.1.3680043.8.498.40308838286515017547707130085914948230,0.038889986,0.030796941,0.12514292,0.03580362,0.10159121,0.05803228,0.27748805,0.19454704,0.03161108,0.13211891,0.05865326,0.021653453
1.2.826.0.1.3680043.8.498.40317527233615709136328116805254969837,0.30562216,0.13236727,0.3611208,0.15330034,0.042026997,0.033006944,0.056745768,0.30200365,0.036197282,0.08323296,0.27574384,0.064357944
1.2.826.0.1.3680043.8.498.40372643537313871452054321931253684619,0.1329968,0.08166106,0.76920986,0.24357353,0.7549853,0.41860098,0.69902706,0.65169007,0.1886072,0.37925547,0.13857043,0.04082817
1.2.826.0.1.3680043.8.498.40386781168330493993852288092654487818,0.09066748,0.07140135,0.6705316,0.18032931,0.72834766,0.39232543,0.68647873,0.61564845,0.21302055,0.3585799,0.093394704,0.038086392
1.2.826.0.1.3680043.8.498.40419759559020255481034237210540871312,0.2305421,0.0971752,0.64687574,0.20218393,0.14064932,0.060176957,0.16370605,0.50498646,0.050463844,0.11902978,0.23643525,0.04085864
1.2.826.0.1.3680043.8.498.40436886205373732563782477802719203679,0.60863113,0.3995417,0.79606134,0.64171374,0.5421208,0.3316518,0.34766087,0.78156275,0.4249683,0.3376735,0.5611446,0.2621933
1.2.826.0.1.3680043.8.498.40437305053062892226978469238653825745,0.056590542,0.044775825,0.07925783,0.0347927,0.037619863,0.031680785,0.123464346,0.11357445,0.024862308,0.08450126,0.076264806,0.030353127
1.2.826.0.1.3680043.8.498.40441879276927383122480339472406105572,0.046270527,0.03514108,0.17692246,0.041687302,0.13968123,0.080692574,0.34687787,0.18349901,0.03158487,0.14752647,0.06656307,0.024391372
1.2.826.0.1.3680043.8.498.40487147942341753806704765355921322161,0.106131606,0.052677542,0.41191116,0.08417751,0.10445776,0.057428565,0.18919472,0.28642714,0.03187464,0.11555952,0.120229825,0.026064904
1.2.826.0.1.3680043.8.498.40533893516114346078820881178450524201,0.17084756,0.07562573,0.25454453,0.10042551,0.04377892,0.029402202,0.06028485,0.32378423,0.030703971,0.10366176,0.21486363,0.040597655
1.2.826.0.1.3680043.8.498.40547250250566982489293057895661861722,0.040873494,0.030689292,0.2414221,0.05323598,0.21741554,0.11025081,0.32145414,0.3568293,0.049448397,0.21585388,0.074483775,0.021639189
1.2.826.0.1.3680043.8.498.40576954651310602807432132614823906315,0.08791644,0.0448172,0.50631136,0.09398738,0.166305,0.06530707,0.2518054,0.40999493,0.03275082,0.12943728,0.113037184,0.021477245
1.2.826.0.1.3680043.8.498.40608233778918249560056537030108548037,0.07602497,0.048127826,0.52599764,0.123944566,0.58033484,0.29140592,0.6154608,0.48039097,0.097139806,0.31479523,0.09385807,0.030067837
1.2.826.0.1.3680043.8.498.40612173652156509478338094582396889655,0.06524254,0.055177048,0.0657419,0.03631824,0.03132144,0.028901117,0.097589284,0.10943618,0.03046475,0.07537024,0.077903725,0.038686603
1.2.826.0.1.3680043.8.498.40618283771317160262473004328692613267,0.06465719,0.04328527,0.4718861,0.10524089,0.46310082,0.19929557,0.5225049,0.51938736,0.099454276,0.26089072,0.08955791,0.027241461
1.2.826.0.1.3680043.8.498.40627043074325458726412346974457616938,0.14465934,0.07131905,0.1896998,0.07203689,0.03237787,0.025725944,0.066727854,0.19960245,0.025513284,0.06957299,0.14197442,0.03675027
1.2.826.0.1.3680043.8.498.40654763252951267464957826289984701872,0.13231196,0.12052869,0.6815995,0.24073479,0.7929708,0.51744646,0.74317545,0.5971598,0.31298268,0.4294085,0.116942614,0.07122182
1.2.826.0.1.3680043.8.498.40703974473944295875248011843170371394,0.039402172,0.033571843,0.14099438,0.03636661,0.13041353,0.077589415,0.35862383,0.1619943,0.037548825,0.13784638,0.05742819,0.027129032
1.2.826.0.1.3680043.8.498.40718200801895968234499223301900799376,0.10199483,0.05110494,0.5927725,0.11868767,0.23211256,0.083553545,0.30264404,0.4631322,0.039720077,0.15374827,0.12426295,0.02267062
1.2.826.0.1.3680043.8.498.40723835064354784133289444204866484476,0.1619242,0.12992272,0.7955576,0.3630777,0.86700445,0.60586965,0.7604195,0.7666085,0.4739471,0.49741858,0.1461893,0.07252239
1.2.826.0.1.3680043.8.498.40765829900885943055669918091033014654,0.055936154,0.04712089,0.07052934,0.032653946,0.036635872,0.030701865,0.12771095,0.10890001,0.029132666,0.081507705,0.07345786,0.035152584
1.2.826.0.1.3680043.8.498.40823842819404259265489417470859248075,0.11989824,0.0759958,0.11277596,0.055931453,0.025979767,0.0242989,0.0645056,0.15527135,0.028940631,0.06654913,0.12988596,0.04601437
1.2.826.0.1.3680043.8.498.40828786094337186697222449293183309391,0.43806517,0.17251481,0.7182584,0.32098275,0.13345525,0.06679391,0.108968526,0.5501009,0.06306,0.12449316,0.3823203,0.074474275
1.2.826.0.1.3680043.8.498.40837296112545776586904280088902000849,0.102743566,0.065401085,0.103157476,0.053641323,0.026479289,0.023894295,0.07070079,0.1508732,0.02658981,0.07250474,0.12077964,0.04040259
1.2.826.0.1.3680043.8.498.40898220266193841898869905714214454387,0.06284555,0.052555542,0.06967199,0.036278374,0.0324173,0.029238112,0.10517131,0.111952834,0.028950194,0.079607956,0.08043295,0.039038192
1.2.826.0.1.3680043.8.498.40910368031948275476880475208016058754,0.06697498,0.056926087,0.0711277,0.037128936,0.03138263,0.029794775,0.10700243,0.1074841,0.030558394,0.076728195,0.0816932,0.04167297
1.2.826.0.1.3680043.8.498.40930045208346676628855922755791787949,0.06245687,0.051460266,0.064117074,0.03728494,0.032497182,0.029787181,0.09131116,0.12319765,0.03059428,0.09080223,0.08374096,0.036265615
1.2.826.0.1.3680043.8.498.40967435550546093348221485942169879116,0.505341,0.26721385,0.77800655,0.49121866,0.3445685,0.17331144,0.24658468,0.7278762,0.2061927,0.24578378,0.49564353,0.14607784
1.2.826.0.1.3680043.8.498.40987687016832998820664054439678138878,0.18866701,0.074950054,0.39224654,0.11391807,0.056463167,0.032292668,0.083671905,0.33573884,0.027369348,0.08663969,0.18629031,0.034262385
1.2.826.0.1.3680043.8.498.40994616246264625946610553907227975893,0.09079845,0.06860506,0.6396019,0.1692841,0.77876455,0.47725815,0.7509752,0.54080856,0.18277618,0.40499687,0.09803085,0.040888436
1.2.826.0.1.3680043.8.498.41036022211588451079713314564568887994,0.28076574,0.18817253,0.85910076,0.4833322,0.8227541,0.5234982,0.65434015,0.8178462,0.4851686,0.4276261,0.23514976,0.08624177
1.2.826.0.1.3680043.8.498.41057428195711190931490429649014776496,0.5866295,0.29186147,0.45771337,0.33391222,0.07255258,0.06107351,0.059318528,0.48684895,0.09612106,0.11432815,0.46650216,0.14520526
1.2.826.0.1.3680043.8.498.41108421820714108307078614688022098388,0.07199802,0.049470026,0.09698903,0.043943483,0.031708352,0.026062392,0.07616037,0.16617723,0.026515111,0.09359089,0.109377086,0.032742083
1.2.826.0.1.3680043.8.498.41124244151692842048993594448992046260,0.1869131,0.08982755,0.70651996,0.23396492,0.2956705,0.11510046,0.2886311,0.62798697,0.09170002,0.17865096,0.2106609,0.03993894
1.2.826.0.1.3680043.8.498.41129090437522031508960438281451672212,0.6884586,0.3757281,0.65850747,0.5121845,0.13938555,0.100808725,0.08590364,0.6174846,0.15475623,0.1465406,0.5625924,0.18508145
1.2.826.0.1.3680043.8.498.41197678541534079475667407055098243437,0.24789068,0.09824203,0.6314372,0.18634611,0.12572311,0.060085565,0.13573253,0.46635947,0.04616395,0.114156716,0.2297196,0.040351715
1.2.826.0.1.3680043.8.498.41240503248178304281405515398211762506,0.0770872,0.04746433,0.56554145,0.12116791,0.35511592,0.14408766,0.4398287,0.5092522,0.06695747,0.2238511,0.10234922,0.024628956
1.2.826.0.1.3680043.8.498.41254472410580125134596211010943842213,0.40564495,0.19297327,0.4239072,0.2137859,0.053682923,0.041055337,0.05977611,0.40635523,0.056451064,0.099447705,0.37265033,0.09415411
1.2.826.0.1.3680043.8.498.41315359092354940082611381451934245995,0.121857956,0.056351036,0.52639395,0.13556004,0.22787452,0.09823088,0.2887277,0.45738852,0.045112714,0.19275957,0.15104154,0.027451625
1.2.826.0.1.3680043.8.498.41326575785634778198143222323166756210,0.21837312,0.10644665,0.8118047,0.3216627,0.6329131,0.2984081,0.5482853,0.69451624,0.16280259,0.31194773,0.21536502,0.046419654
1.2.826.0.1.3680043.8.498.41363979247025384202932112601795525615,0.16428196,0.10106009,0.7958353,0.3059912,0.79684067,0.46901447,0.71237785,0.7003463,0.24508114,0.40909433,0.16484961,0.05098903
1.2.826.0.1.3680043.8.498.41366889271483886167284378157366992074,0.03968651,0.03210249,0.10948568,0.034022275,0.08551481,0.051989056,0.24531265,0.17748684,0.030345514,0.11975303,0.05992428,0.022544306
1.2.826.0.1.3680043.8.498.41382780862853765983216810855531499640,0.21578999,0.16445296,0.8291172,0.43025917,0.85522676,0.5968188,0.72987765,0.8033724,0.5355995,0.482928,0.19853683,0.0864549
1.2.826.0.1.3680043.8.498.41439889720274233955076963938741061358,0.086039655,0.04769651,0.17936267,0.057388037,0.04363899,0.028410297,0.102620356,0.24461699,0.023715744,0.08418773,0.11093963,0.023972739
1.2.826.0.1.3680043.8.498.41440206520769979754790425253631809212,0.1009115,0.0526296,0.6537613,0.14349231,0.4517554,0.19340877,0.5210932,0.5085034,0.06488172,0.25532156,0.120354354,0.02491136
1.2.826.0.1.3680043.8.498.41454762422897656673710145732036115764,0.09944152,0.058753673,0.14923204,0.05455819,0.030460319,0.023819806,0.07277785,0.17282012,0.023110645,0.070884466,0.11911998,0.032276265
1.2.826.0.1.3680043.8.498.41564229176277158115386256329157870722,0.38324922,0.22177699,0.8906248,0.52009094,0.73029244,0.3758725,0.52581686,0.79218405,0.32990286,0.33692,0.31948936,0.09011933
1.2.826.0.1.3680043.8.498.41587640208769641326416798167574152049,0.060887765,0.05126725,0.44918293,0.111365065,0.6715841,0.36816996,0.7036732,0.465244,0.14682494,0.3696584,0.07673654,0.038780544
1.2.826.0.1.3680043.8.498.41600498783384864111179175518614837125,0.65923584,0.35651332,0.5965786,0.4477379,0.10798439,0.08462528,0.0758841,0.55936414,0.12981516,0.13340284,0.5299665,0.17318234
1.2.826.0.1.3680043.8.498.41605033773891953796694219242501252567,0.13559666,0.06739777,0.59115624,0.13423261,0.1822349,0.07877133,0.24362327,0.45466685,0.045904037,0.14751843,0.1494767,0.02887599
1.2.826.0.1.3680043.8.498.41619164749467663852546208143469380415,0.51525754,0.22804743,0.7996477,0.4411883,0.22870858,0.10171884,0.15271235,0.66319066,0.10790195,0.16261442,0.45193258,0.10058123
1.2.826.0.1.3680043.8.498.41623512571866040054960002151226127775,0.0706693,0.04227409,0.1626285,0.05246637,0.048850764,0.030929146,0.09411774,0.26263645,0.02689032,0.113963984,0.119800754,0.025054641
1.2.826.0.1.3680043.8.498.41640481150213029810772014344448781554,0.4985388,0.21927185,0.8047342,0.43179706,0.23403306,0.10352145,0.15949118,0.66077024,0.1063975,0.16279493,0.43645456,0.09515973
1.2.826.0.1.3680043.8.498.41657361598083583047831423768034379414,0.10689646,0.05069294,0.4946987,0.09962244,0.11812931,0.050053224,0.18939336,0.38811854,0.029482013,0.11561204,0.13166396,0.022712966
1.2.826.0.1.3680043.8.498.41662013720606493874198348776219875496,0.053246204,0.044916064,0.07631205,0.033424538,0.040426075,0.033423953,0.13937777,0.11409831,0.028341671,0.084232904,0.069460936,0.031435348
1.2.826.0.1.3680043.8.498.41672145969790132883562432403529293545,0.2681284,0.103367686,0.45713034,0.15883954,0.06423624,0.036475338,0.082040496,0.40362555,0.034030672,0.09004284,0.24290772,0.0425164
1.2.826.0.1.3680043.8.498.41696746845418651508748386392327996143,0.040552594,0.03376103,0.09603236,0.03301912,0.07321834,0.047633722,0.22872697,0.15772648,0.029957462,0.114319555,0.060538627,0.023849005
1.2.826.0.1.3680043.8.498.41698150452794914665945455397334605778,0.23349215,0.17360558,0.8376586,0.411909,0.82140857,0.5163014,0.6821133,0.7630954,0.42425624,0.41148713,0.19214979,0.07725527
1.2.826.0.1.3680043.8.498.41717437729988689273718049162153247404,0.056632463,0.04842359,0.07145307,0.034373205,0.034499794,0.02998351,0.123757176,0.11072885,0.028202893,0.08114609,0.07649438,0.034997817
1.2.826.0.1.3680043.8.498.41751049067043481681879071436091069601,0.16518712,0.07785147,0.20831151,0.08255726,0.033926122,0.026111182,0.06466583,0.23836267,0.026674932,0.074812725,0.16760941,0.03960118
1.2.826.0.1.3680043.8.498.41769275806689876192405091865340286535,0.2061237,0.09387767,0.75502867,0.2701219,0.40983537,0.15710837,0.34018135,0.6768393,0.11653539,0.20838313,0.18701996,0.034547262
1.2.826.0.1.3680043.8.498.41776233288569201013095816839442161537,0.038158406,0.030918844,0.12754951,0.035393097,0.11318999,0.0638736,0.30164763,0.19608107,0.03357929,0.13880923,0.057977445,0.022449056
1.2.826.0.1.3680043.8.498.41810826648175757249770990269365542940,0.06486767,0.054489687,0.06617836,0.036160845,0.03155596,0.028769279,0.09801849,0.10964236,0.030202692,0.075103074,0.0778688,0.038649388
1.2.826.0.1.3680043.8.498.41837648239243141231469586963862388683,0.06825549,0.06439111,0.51866883,0.12980875,0.716507,0.41565022,0.7345941,0.47335196,0.1825377,0.37061167,0.07625313,0.04447496
1.2.826.0.1.3680043.8.498.41852534027066121760361035269460584004,0.09509267,0.048120964,0.4173163,0.098136835,0.13164088,0.062319852,0.21226293,0.40919527,0.03794455,0.15255807,0.13913639,0.026054544
1.2.826.0.1.3680043.8.498.41854610297797849683195403204758363476,0.09882997,0.051960796,0.42787227,0.10939294,0.16619673,0.07212713,0.24178888,0.47055805,0.047232457,0.17441913,0.14663087,0.027219836
1.2.826.0.1.3680043.8.498.41856137734822068230231773222820851271,0.038686644,0.031014388,0.12548083,0.037059944,0.109291844,0.06281412,0.28505486,0.19551888,0.0332985,0.13415076,0.0584836,0.022147512
1.2.826.0.1.3680043.8.498.41939824564209194493855981805593285528,0.040730134,0.035864178,0.086354196,0.032393828,0.07207978,0.04598852,0.2229591,0.15457712,0.032087337,0.11782254,0.06660527,0.02608177
1.2.826.0.1.3680043.8.498.41990779875873214154237496750949660480,0.048738655,0.042743232,0.09612066,0.035379868,0.068838485,0.05136069,0.24477461,0.1247909,0.03436969,0.11603685,0.06953297,0.033048745
1.2.826.0.1.3680043.8.498.42018410640565840140895012243840256810,0.19564405,0.08558573,0.756175,0.2432683,0.43410298,0.17572097,0.42408967,0.6114554,0.08529562,0.24479342,0.20442726,0.03573601
1.2.826.0.1.3680043.8.498.42018683052544325209168649309206539721,0.23144741,0.10890193,0.7194162,0.28880364,0.35710093,0.14524569,0.31324258,0.67349035,0.112964615,0.23999098,0.24441591,0.048235238
1.2.826.0.1.3680043.8.498.42023788139360998656558751921918860808,0.055832583,0.040661693,0.13793364,0.04863303,0.082689755,0.051018115,0.19122568,0.24533956,0.03555378,0.13427329,0.09292097,0.027071463
1.2.826.0.1.3680043.8.498.42051385452979123325023608442860201782,0.14954263,0.08047858,0.14030373,0.06883914,0.027787142,0.025267668,0.06034746,0.17800745,0.028759696,0.06807692,0.14263406,0.04357097
1.2.826.0.1.3680043.8.498.42057349781448469704191384429694247725,0.18845525,0.097944245,0.7962152,0.30325043,0.69659656,0.3576181,0.6085633,0.69469833,0.18631615,0.34907758,0.19132502,0.045857348
1.2.826.0.1.3680043.8.498.42120645248710860870761681999665860884,0.33867395,0.12900086,0.76273215,0.30454448,0.21749727,0.08460351,0.18109092,0.60626405,0.06643852,0.15742134,0.31719002,0.054957263
1.2.826.0.1.3680043.8.498.42130173624033946465704266507948122088,0.14417468,0.07427354,0.70635366,0.20956063,0.40507463,0.15519063,0.39307216,0.64350355,0.0949114,0.24079384,0.15699045,0.030786837
1.2.826.0.1.3680043.8.498.42162585695624963017992042571207363427,0.11369009,0.06777489,0.13508965,0.059483085,0.027333105,0.02316253,0.06205805,0.16293716,0.02568773,0.06707931,0.12941141,0.038396243
1.2.826.0.1.3680043.8.498.42221373360893091454504422964928099406,0.05620712,0.03564121,0.424689,0.074782714,0.3709904,0.16637605,0.5168378,0.3633283,0.04923911,0.21542318,0.07458704,0.022088984
1.2.826.0.1.3680043.8.498.42225165085995728538373532053227662192,0.22288455,0.1233019,0.20694883,0.10251995,0.032648396,0.030876953,0.0609939,0.23766924,0.03997637,0.08294836,0.22362265,0.06449476
1.2.826.0.1.3680043.8.498.42287188181305579531212818123200473947,0.48550907,0.20673837,0.63322324,0.31605306,0.091138445,0.056038916,0.07932407,0.502502,0.06241804,0.1145845,0.42644024,0.095074676
1.2.826.0.1.3680043.8.498.42389063782063360163798575455522539633,0.32335722,0.1360943,0.30773002,0.14335135,0.04473057,0.037077487,0.06048007,0.2838175,0.041340854,0.08221948,0.25230864,0.06648367
1.2.826.0.1.3680043.8.498.42396216793489016293032290339618185275,0.05282525,0.036932457,0.3698422,0.075007945,0.4211563,0.20204858,0.5621775,0.34150568,0.057479326,0.25828335,0.07374923,0.025035085
1.2.826.0.1.3680043.8.498.42414269167296543219685897036829241885,0.06905907,0.03791725,0.24553181,0.056812227,0.070237435,0.03840494,0.16261546,0.2651529,0.023477372,0.09791987,0.088007025,0.019227771
1.2.826.0.1.3680043.8.498.42476443240785038044326483794941265936,0.08846584,0.07522001,0.55403256,0.13360554,0.4671099,0.25476915,0.5887684,0.42836523,0.11982151,0.2578307,0.09654133,0.042529862
1.2.826.0.1.3680043.8.498.42486421970612099441197418307958561877,0.3332412,0.14587066,0.35923713,0.1640493,0.04097853,0.033302926,0.052938554,0.31299493,0.03854242,0.08300001,0.30005494,0.07156314
1.2.826.0.1.3680043.8.498.42499092649567991851673654940784921876,0.66186774,0.36346373,0.54768676,0.42747653,0.0975084,0.07994482,0.06907108,0.55305785,0.13149753,0.13233939,0.53286695,0.18579389
1.2.826.0.1.3680043.8.498.42566296562794128096734153388840524012,0.081513435,0.046606258,0.14820431,0.053644378,0.038250875,0.02733776,0.07677439,0.23110323,0.025684355,0.098466575,0.12802798,0.028776795
1.2.826.0.1.3680043.8.498.42580107838226807862930203257414265276,0.038997002,0.035009056,0.1125927,0.03629414,0.108503096,0.06472967,0.33022887,0.15932123,0.036218334,0.13499817,0.059893604,0.0275575
1.2.826.0.1.3680043.8.498.42587087495729026068405824960397052997,0.040134095,0.03055775,0.12692441,0.03479923,0.09534085,0.05628194,0.26610452,0.18549795,0.030296471,0.13121928,0.06599654,0.022577113
1.2.826.0.1.3680043.8.498.42598518026540237824479232797503218019,0.05768065,0.049888015,0.065485545,0.034921926,0.03465615,0.030705215,0.117870584,0.1123591,0.02969282,0.08154737,0.07202971,0.034414623
1.2.826.0.1.3680043.8.498.42609322631348207494943622999125822017,0.14121453,0.12500034,0.76665354,0.29920378,0.8783333,0.6728073,0.8165683,0.6580956,0.4577975,0.49215704,0.116907515,0.078366384
1.2.826.0.1.3680043.8.498.42634709955067416383713194799683605006,0.049291685,0.030711303,0.2815487,0.053881172,0.18693937,0.09128292,0.36136854,0.2656145,0.030151093,0.16613813,0.07410639,0.019602004
1.2.826.0.1.3680043.8.498.42719592405241698450757802131459694665,0.43386367,0.20088927,0.3549918,0.20773385,0.046947826,0.04028632,0.051434193,0.356143,0.055628873,0.0908749,0.34893936,0.097445995
1.2.826.0.1.3680043.8.498.42768603719459834345001093623865167866,0.47128803,0.19807887,0.5963756,0.3151201,0.102557726,0.060613334,0.0835705,0.543904,0.07055611,0.119437695,0.41683134,0.09093319
1.2.826.0.1.3680043.8.498.42776652100045349404152232788825670056,0.10057547,0.08723262,0.6840032,0.19583337,0.79851526,0.5385163,0.76022846,0.5481208,0.287824,0.40826055,0.091426276,0.055631652
1.2.826.0.1.3680043.8.498.42778524243264061817587398263842942394,0.07226012,0.058006894,0.08131572,0.04032956,0.02985016,0.025975827,0.085131705,0.11378289,0.027792148,0.071626894,0.087356076,0.038158126
1.2.826.0.1.3680043.8.498.42816339547796375466199938922141987775,0.055005588,0.04880106,0.06163221,0.03555208,0.035768926,0.031087259,0.13437706,0.10868635,0.029755322,0.08562765,0.07333436,0.034737814
1.2.826.0.1.3680043.8.498.42829490507052740062127365747846030214,0.07537762,0.04647657,0.50958365,0.12518556,0.34912768,0.1525352,0.3352581,0.57871515,0.083720215,0.27575663,0.12022799,0.025359964
1.2.826.0.1.3680043.8.498.42847376403722341195083350288786052637,0.32841286,0.137525,0.36243346,0.16128829,0.04214252,0.03295687,0.053762767,0.3215288,0.037356447,0.08349327,0.29495862,0.06738903
1.2.826.0.1.3680043.8.498.42887028634948156598417204377884297339,0.067439504,0.054508977,0.07151165,0.038365252,0.030800741,0.028077446,0.09971714,0.11618172,0.028623618,0.07461027,0.078055605,0.035594016
1.2.826.0.1.3680043.8.498.42896117106271721157113072562739356381,0.06018957,0.047853198,0.070712276,0.036098715,0.03373441,0.029042846,0.106927745,0.12430679,0.027811963,0.08206222,0.07759061,0.032241642
1.2.826.0.1.3680043.8.498.42921593713351589642747633505679170597,0.05499831,0.047616404,0.11407261,0.039061617,0.07039023,0.05224655,0.24388117,0.13919128,0.035937633,0.113529146,0.07628779,0.03464137
1.2.826.0.1.3680043.8.498.42942844751304929338846069579289911684,0.48468986,0.23432541,0.6009066,0.38075602,0.1834564,0.11043921,0.14410712,0.5965775,0.124073215,0.19442363,0.46427536,0.13991237
1.2.826.0.1.3680043.8.498.42965031665568825650795822006244115609,0.53801215,0.3490837,0.8597076,0.6555041,0.71961963,0.43480128,0.47267273,0.83425885,0.528141,0.3730504,0.46206668,0.18297692
1.2.826.0.1.3680043.8.498.42967970121147528831983176261453235744,0.08929415,0.055091295,0.14236595,0.05565838,0.0330909,0.025151288,0.088367224,0.1894662,0.023809625,0.07873588,0.11946319,0.031829182
1.2.826.0.1.3680043.8.498.42990542863216044717944418712887800295,0.16057648,0.09272919,0.13728566,0.0717265,0.024732452,0.025412459,0.05684457,0.16861725,0.031124886,0.06667079,0.16475047,0.054512393
1.2.826.0.1.3680043.8.498.43014288535685961874615794778401152033,0.3048908,0.11629784,0.5511862,0.19108951,0.07204183,0.042382892,0.07870119,0.43647268,0.03922048,0.11149634,0.32188332,0.05339903
1.2.826.0.1.3680043.8.498.43046713539641995841029654207663845887,0.070494615,0.056225695,0.067951195,0.03892586,0.02875323,0.027289502,0.08903934,0.12559113,0.029897192,0.075664006,0.084739946,0.036415305
1.2.826.0.1.3680043.8.498.43065391907984821806263204343792008938,0.11169035,0.05554026,0.4581159,0.09374886,0.10928518,0.055168267,0.1803667,0.34500903,0.032192763,0.11540423,0.12946585,0.0256178
1.2.826.0.1.3680043.8.498.43117007553940146763245418710268028741,0.37276155,0.1509441,0.55326617,0.21697561,0.06901721,0.04365588,0.07583295,0.41621327,0.044053998,0.09936517,0.33263168,0.06760055
1.2.826.0.1.3680043.8.498.43127139928509033152155587499980767364,0.046462983,0.04247604,0.27542382,0.057878744,0.3860292,0.20185378,0.60068905,0.25613466,0.07808435,0.22820893,0.057688892,0.0346248
1.2.826.0.1.3680043.8.498.43144544376687968624598661376472625623,0.06707449,0.042639636,0.42070666,0.07496143,0.2088024,0.09397148,0.35438514,0.35673422,0.041067965,0.16018292,0.0866676,0.022886945
1.2.826.0.1.3680043.8.498.43256282639827216310036033378453939750,0.0394169,0.032192826,0.16831197,0.041975535,0.16245627,0.08640725,0.39553252,0.21436863,0.039789338,0.16174218,0.060753174,0.02482876
1.2.826.0.1.3680043.8.498.43256905750043156063416845850825787417,0.08234989,0.05640847,0.5621544,0.13586076,0.45320475,0.19637398,0.5374362,0.5187214,0.09522938,0.25334105,0.09262297,0.02824279
1.2.826.0.1.3680043.8.498.43300763182450509440662392516941842389,0.16499847,0.069207124,0.3433041,0.108378604,0.056911062,0.033310186,0.07297074,0.37785783,0.03145117,0.11090246,0.22154807,0.035917778
1.2.826.0.1.3680043.8.498.43325226037168674077736336919956196684,0.28376254,0.11868368,0.55187714,0.22950932,0.13422371,0.06576201,0.10796451,0.57046354,0.06704607,0.17172301,0.33760065,0.061055433
1.2.826.0.1.3680043.8.498.43339007024446439709455570527734115557,0.22452645,0.13587447,0.8492848,0.36020347,0.7265414,0.35527176,0.5978497,0.72553915,0.23071899,0.33348504,0.19958921,0.05684614
1.2.826.0.1.3680043.8.498.43351215447181735764667371462573550267,0.08721918,0.059047226,0.094548725,0.04792215,0.027330382,0.024372509,0.07491557,0.14460438,0.026442226,0.07394285,0.10496493,0.037320808
1.2.826.0.1.3680043.8.498.43355923025859051425546451466843844346,0.13786823,0.10043568,0.7770735,0.29310173,0.7884442,0.4607032,0.68521225,0.73293626,0.32003322,0.4061866,0.13211395,0.04926805
1.2.826.0.1.3680043.8.498.43412154740072739455825163326814980838,0.044903174,0.040023193,0.073831216,0.03375181,0.054553762,0.040464886,0.20755354,0.12195033,0.030258866,0.102100745,0.064791724,0.02945286
1.2.826.0.1.3680043.8.498.43432499267536761263202158662502957684,0.06488544,0.04645609,0.0884023,0.04091698,0.034151148,0.027679972,0.083763525,0.16550426,0.027577965,0.09658366,0.098314606,0.030809792
1.2.826.0.1.3680043.8.498.43439413368880313042951208701983487343,0.6748625,0.36268318,0.6749914,0.5057536,0.14426014,0.09923356,0.08965177,0.62949145,0.14921297,0.14930311,0.5689442,0.1837623
1.2.826.0.1.3680043.8.498.43442933855807685981061557274166869461,0.050726887,0.04590154,0.062490657,0.034386918,0.041231148,0.034545895,0.15956968,0.107604906,0.030449057,0.091708414,0.06897481,0.03328656
1.2.826.0.1.3680043.8.498.43445351322695981909807931874796758490,0.14363442,0.07381558,0.1946013,0.07486717,0.030673627,0.024499828,0.061126858,0.20663074,0.02454881,0.07231747,0.15903029,0.03916565
1.2.826.0.1.3680043.8.498.43483537125776347707929354413013709736,0.36988467,0.22787967,0.88732374,0.5022323,0.72177434,0.3706564,0.5334087,0.78037345,0.3249686,0.33549157,0.31191182,0.09072281
1.2.826.0.1.3680043.8.498.43587191909319947256183198986671106743,0.6956076,0.40762794,0.618959,0.5259878,0.16128099,0.12274892,0.10129982,0.6409808,0.19816424,0.1743332,0.5969413,0.23892266
1.2.826.0.1.3680043.8.498.43587826365647713044374316837330397375,0.47532225,0.25461185,0.78626555,0.5094901,0.4519872,0.22973636,0.31177837,0.73959965,0.24351569,0.28847784,0.45678648,0.14507385
1.2.826.0.1.3680043.8.498.43692339773096477132070133629776394739,0.115056865,0.07841511,0.71756077,0.19062075,0.61238784,0.28334987,0.57424533,0.61516595,0.14999549,0.2933225,0.117350265,0.036640026
1.2.826.0.1.3680043.8.498.43709699920591091261137846976272625163,0.13835096,0.075086705,0.14222531,0.06597284,0.027759038,0.024494959,0.061816793,0.17820664,0.026878024,0.06930961,0.14009795,0.041348312
1.2.826.0.1.3680043.8.498.43779228281849457650343989788070421822,0.28719145,0.115469314,0.74865127,0.28128013,0.27523234,0.114847645,0.25358245,0.60568154,0.075942345,0.18914315,0.29081348,0.048093863
1.2.826.0.1.3680043.8.498.43797037142729611453626414920554246615,0.079763085,0.055444036,0.08605773,0.04454977,0.02892183,0.025800722,0.07022468,0.14954141,0.028504146,0.085954554,0.10679792,0.03642705
1.2.826.0.1.3680043.8.498.43832771919542075229536000564653592465,0.19447544,0.10181273,0.1511463,0.08271127,0.027272219,0.025915243,0.051727526,0.19844456,0.03343638,0.07007384,0.17878248,0.053595424
1.2.826.0.1.3680043.8.498.43870319732657730742794291443940225011,0.0662219,0.05543707,0.06638482,0.036670186,0.031001063,0.028384512,0.095593296,0.110772565,0.030112782,0.074920855,0.07921765,0.03877668
1.2.826.0.1.3680043.8.498.43967752580489865323542041346927244370,0.044596244,0.03750243,0.14279681,0.038964577,0.11292489,0.067551814,0.30653957,0.19185697,0.03642245,0.1324208,0.061571706,0.025822835
1.2.826.0.1.3680043.8.498.44002376543340544410495269060824194475,0.15926264,0.074550726,0.573011,0.18518066,0.23361729,0.09808384,0.25824466,0.5682212,0.0681626,0.20894817,0.18233599,0.034630004
1.2.826.0.1.3680043.8.498.44024350801191362011463613321559949052,0.36626863,0.16220312,0.8057382,0.40957403,0.42018408,0.1652857,0.27264273,0.7295136,0.16537021,0.19005802,0.29305634,0.059513446
1.2.826.0.1.3680043.8.498.44149403030093858908988179411336839587,0.06419899,0.053578295,0.06566155,0.03645034,0.031472497,0.028384464,0.10039521,0.111399114,0.029554013,0.07643735,0.078093104,0.037381865
1.2.826.0.1.3680043.8.498.44239214982361627984688924889728201208,0.3517858,0.16851524,0.75385654,0.38563696,0.39005926,0.17022656,0.28990597,0.72293484,0.17210154,0.24273154,0.3406243,0.079697445
1.2.826.0.1.3680043.8.498.44259687212868598275713310246316207497,0.38526383,0.1637319,0.68804914,0.33759588,0.20608929,0.091600746,0.16075549,0.64015895,0.094840944,0.16640067,0.36069027,0.07332898
1.2.826.0.1.3680043.8.498.44261256084247541720465769177956875383,0.075948745,0.053706247,0.09189495,0.041788116,0.029211815,0.026232002,0.08611011,0.13138847,0.02612851,0.07432268,0.09111534,0.034559596
1.2.826.0.1.3680043.8.498.44321626715626508427287815810252844889,0.13200441,0.09808339,0.7813368,0.2606854,0.7442811,0.41944608,0.6825107,0.6847842,0.26039332,0.3554436,0.1244449,0.046021514
1.2.826.0.1.3680043.8.498.44323131330689365651417881352766725366,0.104786746,0.051368266,0.24245718,0.070997715,0.052574627,0.032038152,0.105314314,0.27983516,0.02495906,0.09526389,0.12988156,0.025973871
1.2.826.0.1.3680043.8.498.44333089398623004498721836325723633455,0.059488643,0.048326917,0.06856514,0.036372848,0.034223143,0.029470127,0.1102354,0.124118775,0.0282052,0.08290546,0.07632873,0.03244066
1.2.826.0.1.3680043.8.498.44350638600163778456163342454087669278,0.38192946,0.14413504,0.60317194,0.24224657,0.103012644,0.056972913,0.102913044,0.4779923,0.048813693,0.12939762,0.37047076,0.069058605
1.2.826.0.1.3680043.8.498.44365814642869065241166313231424697474,0.13343675,0.09343684,0.7417825,0.22172508,0.65337133,0.32265052,0.60223913,0.63262355,0.18335825,0.3165929,0.12768693,0.042585988
1.2.826.0.1.3680043.8.498.44405554266141576380633014711246118209,0.062503256,0.054204687,0.060850788,0.037432756,0.03193639,0.029101323,0.112549804,0.1089696,0.030125538,0.08042972,0.078646995,0.038088717
1.2.826.0.1.3680043.8.498.44417768181231991989438194369583907493,0.042256717,0.033835333,0.22795017,0.054835595,0.28976494,0.13501121,0.44479418,0.3149205,0.059579022,0.21106802,0.06712342,0.025498321
1.2.826.0.1.3680043.8.498.44424196147366603683090692394096032727,0.36145523,0.14245239,0.49723276,0.22936451,0.08128979,0.046182934,0.07678873,0.48378983,0.050740834,0.09975873,0.30982128,0.05783504
1.2.826.0.1.3680043.8.498.44441813293962885868294317830142850713,0.06606981,0.03925871,0.43850198,0.09680679,0.25358698,0.101991296,0.39222914,0.43943632,0.04878994,0.18786964,0.08645029,0.020521946
1.2.826.0.1.3680043.8.498.44476475746458439091354236934188679569,0.08600218,0.07397894,0.59548736,0.15405452,0.6926653,0.38195345,0.6811339,0.5454369,0.1857021,0.34833974,0.08847641,0.04302071
1.2.826.0.1.3680043.8.498.44525218699266472141419416162979441275,0.29763657,0.13382362,0.81629276,0.3642255,0.42059797,0.1738815,0.3288661,0.7102215,0.13034211,0.25832123,0.32422295,0.06098928
1.2.826.0.1.3680043.8.498.44629238055006732101555855930071163428,0.62784696,0.32415918,0.5896754,0.41968623,0.10283486,0.07568084,0.073498115,0.5521686,0.1134518,0.12518783,0.5028393,0.15277159
1.2.826.0.1.3680043.8.498.44654558140536370040701171884970036040,0.24153724,0.14173718,0.8579763,0.40452096,0.8133353,0.49165577,0.69306594,0.7585688,0.31434873,0.41198963,0.22146377,0.06371639
1.2.826.0.1.3680043.8.498.44670636848627131733157841382853275817,0.045525756,0.039706845,0.113396525,0.0360586,0.08629003,0.056672078,0.27012974,0.15642919,0.03425949,0.11647247,0.063067384,0.028221812
1.2.826.0.1.3680043.8.498.44713330360073884105636085566230396530,0.06463181,0.05497092,0.064132474,0.036551196,0.03183611,0.029533336,0.10277006,0.10822349,0.030505445,0.07821755,0.07618841,0.03822296
1.2.826.0.1.3680043.8.498.44733200650377282012534389271385687852,0.0413828,0.037435204,0.22832441,0.049259424,0.31513777,0.16122992,0.5543401,0.23260541,0.06488193,0.21013437,0.054925166,0.03150333
1.2.826.0.1.3680043.8.498.44758766790156297849747618145458535803,0.3184585,0.14172103,0.34539375,0.15644583,0.042785436,0.033761505,0.059140295,0.3161688,0.040079396,0.08175468,0.28208545,0.069285
1.2.826.0.1.3680043.8.498.44792591585917525576461101442761037507,0.14093514,0.06527058,0.6397296,0.16378571,0.23992442,0.09105723,0.27721852,0.5576344,0.055072922,0.16673799,0.15600657,0.02592066
1.2.826.0.1.3680043.8.498.44863396093454506630473164990623458425,0.11604494,0.09696149,0.7388446,0.25940204,0.81986797,0.520493,0.74175096,0.6995194,0.33175004,0.44781297,0.1150635,0.053060684
1.2.826.0.1.3680043.8.498.44875593707781066742286566388388035791,0.039489727,0.032995965,0.171971,0.040051002,0.18664268,0.10070135,0.42123634,0.189487,0.043175187,0.16013454,0.056136515,0.026054157
1.2.826.0.1.3680043.8.498.44879085997210091159117906674172231025,0.3739629,0.15122767,0.4058152,0.1862681,0.053699277,0.04110961,0.06392086,0.3483608,0.044069685,0.08725559,0.30009636,0.07137451
1.2.826.0.1.3680043.8.498.44879493336213912007673875382158420811,0.043030724,0.033686683,0.28775987,0.065512106,0.33496556,0.14730904,0.48274922,0.36046168,0.06114956,0.22310346,0.06347068,0.023325833
1.2.826.0.1.3680043.8.498.44902036121220687805715010480088379768,0.7365754,0.4489804,0.69952077,0.60455483,0.19418399,0.14253801,0.11135619,0.68014103,0.23161708,0.18586963,0.63076365,0.2511767
1.2.826.0.1.3680043.8.498.44941174190375343987327566550204051010,0.08169524,0.05552013,0.6017602,0.12464345,0.5044774,0.21189201,0.56516814,0.4851391,0.080357336,0.24454327,0.09516647,0.029516423
1.2.826.0.1.3680043.8.498.44996883917122941421301655137158093858,0.14724101,0.10667685,0.77989215,0.28889635,0.8047101,0.48678103,0.69006044,0.74169165,0.3641858,0.40018257,0.12994516,0.05128036
1.2.826.0.1.3680043.8.498.45033326048521572717771708818514772861,0.05711977,0.051250003,0.058697734,0.035321243,0.0354003,0.03192104,0.13459148,0.10373799,0.03123838,0.086842366,0.07388743,0.03674955
1.2.826.0.1.3680043.8.498.45059917085750212913588683242522799083,0.56588864,0.2940526,0.7397269,0.5099005,0.28166634,0.15145455,0.18196616,0.70524627,0.18967305,0.21565402,0.51147217,0.15911292
1.2.826.0.1.3680043.8.498.45072896942121803896760563154385918032,0.06048687,0.048790053,0.07456004,0.03578043,0.035420105,0.031429976,0.11934224,0.12216524,0.028851802,0.08216439,0.074070394,0.031394333
1.2.826.0.1.3680043.8.498.45082393649917309927267478072569185694,0.06476721,0.036217883,0.42164946,0.081679724,0.21574916,0.08766029,0.32782456,0.4289691,0.041774314,0.17091715,0.08460207,0.0185235
1.2.826.0.1.3680043.8.498.45118217412917282413100913670807141634,0.29352894,0.13127996,0.39491394,0.16133499,0.049138643,0.03333269,0.06353625,0.35294268,0.039354898,0.08418597,0.29444447,0.063905194
1.2.826.0.1.3680043.8.498.45170517567841608067443743961197123093,0.21770717,0.09757266,0.7935544,0.28961256,0.51633775,0.21813177,0.4544535,0.66023093,0.11390543,0.26565206,0.21996446,0.041263
1.2.826.0.1.3680043.8.498.45207812477654339877341538582090218293,0.37368214,0.14892924,0.527124,0.21790512,0.06480982,0.04360737,0.06793195,0.4285143,0.044247486,0.10839239,0.3666442,0.06940273
1.2.826.0.1.3680043.8.498.45251306032215692953561852960585282987,0.7053907,0.40328693,0.6631468,0.5254125,0.14173323,0.103952385,0.08653906,0.62614876,0.16621816,0.15398924,0.58728105,0.20792575
1.2.826.0.1.3680043.8.498.45273393220765922863913956738614783632,0.06708323,0.056557693,0.070770405,0.0373802,0.030656531,0.029084077,0.1037575,0.10835522,0.030127762,0.07584145,0.082113765,0.041414514
1.2.826.0.1.3680043.8.498.45286493874121093392171044034263851961,0.058174208,0.04522178,0.08139023,0.03611389,0.036685634,0.031097157,0.11857926,0.118873835,0.025049219,0.08202668,0.07725041,0.029875802
1.2.826.0.1.3680043.8.498.45304570280714567513866386380356988876,0.15368462,0.083022274,0.7331087,0.24073626,0.51452434,0.21699104,0.49199662,0.6730442,0.12888846,0.30113056,0.17702332,0.042065565
1.2.826.0.1.3680043.8.498.45316453179223822297459860764883030492,0.08367884,0.051037114,0.5564258,0.107240476,0.31614825,0.12329102,0.42487353,0.4341135,0.051085427,0.18398182,0.10247973,0.025904981
1.2.826.0.1.3680043.8.498.45326662718293919909188368237039419949,0.062146947,0.03322987,0.35953185,0.06512307,0.15935344,0.074049726,0.29643023,0.30828056,0.027056495,0.14506665,0.08711528,0.01794646
1.2.826.0.1.3680043.8.498.45332185607602495786497298658937575959,0.18670191,0.08026898,0.35808235,0.106482014,0.044023536,0.028588088,0.07159171,0.29009724,0.025829833,0.08220192,0.20009544,0.038110808
1.2.826.0.1.3680043.8.498.45367987334597713963053051542179369641,0.07295324,0.05626114,0.08671081,0.041250113,0.029618435,0.025550125,0.082655,0.12119526,0.026515344,0.071395755,0.08994759,0.03618483
1.2.826.0.1.3680043.8.498.45368532788186860828867663606651818835,0.4255221,0.19311976,0.56712484,0.30682787,0.13415112,0.079710364,0.11856679,0.5610022,0.091124326,0.16707963,0.41608137,0.107253484
1.2.826.0.1.3680043.8.498.45380312679924593883892686293576260616,0.045784555,0.033552825,0.12217462,0.036138516,0.070323005,0.04061322,0.19195312,0.20539826,0.026902426,0.11010036,0.073740825,0.021271443
1.2.826.0.1.3680043.8.498.45392604471538776666611947492530314159,0.1035867,0.0717848,0.09716311,0.050085146,0.025292797,0.025230302,0.06831424,0.13334155,0.028712342,0.0671755,0.11888028,0.04654033
1.2.826.0.1.3680043.8.498.45406212529450909512649737062964080190,0.27188888,0.10958576,0.37265185,0.1555958,0.061327443,0.040909976,0.07972538,0.37760967,0.04026248,0.10726612,0.27425927,0.05714978
1.2.826.0.1.3680043.8.498.45454539422542821586939369440135728144,0.43858406,0.18650104,0.5609802,0.25846368,0.071758196,0.047417782,0.0689368,0.4425475,0.0533841,0.10260283,0.37867686,0.08602461
1.2.826.0.1.3680043.8.498.45462389009834095091353507592651342877,0.13906382,0.10917302,0.75440377,0.26359206,0.7813971,0.45626414,0.69536674,0.69525874,0.2962585,0.4028304,0.12963766,0.053776734
1.2.826.0.1.3680043.8.498.45463321406810606039579747001339703552,0.07912348,0.059242625,0.09243717,0.043346625,0.028704092,0.025096769,0.07864783,0.1217392,0.02669243,0.06962436,0.09424078,0.037427787
1.2.826.0.1.3680043.8.498.45491168638937605395466251659273753775,0.30549267,0.12638935,0.3042148,0.14896084,0.04363924,0.032891918,0.055954326,0.33917958,0.03805642,0.0882084,0.274041,0.061258774
1.2.826.0.1.3680043.8.498.45504348071514081636909771148066956410,0.61203545,0.3251414,0.6619137,0.47917756,0.1762057,0.11033761,0.11675571,0.6599599,0.16331382,0.17531924,0.54687154,0.17722301
1.2.826.0.1.3680043.8.498.45519502487291848581539950159353124045,0.13938667,0.079589985,0.60134846,0.21656916,0.47162622,0.22407754,0.44646406,0.65091294,0.16217631,0.29311424,0.1655698,0.045814104
1.2.826.0.1.3680043.8.498.45625191292968830335971647388746041117,0.06443748,0.052791663,0.068827234,0.03697482,0.031725124,0.028506488,0.10353605,0.11521475,0.028535314,0.07771863,0.07727662,0.035558805
1.2.826.0.1.3680043.8.498.45630051398709774279703407401383545642,0.08247692,0.056735966,0.10856259,0.044993788,0.02862966,0.024820663,0.0851513,0.13390234,0.024870913,0.070157714,0.100646265,0.036363147
1.2.826.0.1.3680043.8.498.45644703214235636656820126625301033696,0.17507094,0.07174387,0.6255384,0.16894254,0.19926752,0.08614003,0.23979083,0.4867171,0.04538839,0.17537074,0.20782714,0.03321445
1.2.826.0.1.3680043.8.498.45678969592219293243366784683191701674,0.074435696,0.045397084,0.5404199,0.11519517,0.35174033,0.14088881,0.42268175,0.5244916,0.066386685,0.22811797,0.094492614,0.02158568
1.2.826.0.1.3680043.8.498.45755198489211010290512228906807170657,0.55807304,0.33694646,0.8301862,0.6189248,0.5930179,0.32322344,0.3623806,0.8085015,0.41186243,0.31281784,0.48511973,0.17954321
1.2.826.0.1.3680043.8.498.45768777378108699271714894225826640121,0.059873126,0.049221434,0.067530036,0.03577571,0.03345307,0.029519236,0.10857508,0.11751276,0.028571488,0.081959136,0.07599513,0.033538062
1.2.826.0.1.3680043.8.498.45811964949115542204306831813385709206,0.039326236,0.03474537,0.108059056,0.03646294,0.10141529,0.061188433,0.31429076,0.1600089,0.03498356,0.12842453,0.059299473,0.02666533
1.2.826.0.1.3680043.8.498.45862157701704991290669186265816463426,0.049838126,0.035093956,0.15064915,0.04320095,0.071323805,0.041133754,0.16991583,0.22922961,0.028960805,0.11654582,0.084263265,0.022594871
1.2.826.0.1.3680043.8.498.45865541491386404818767748310365919685,0.132968,0.05867775,0.3512305,0.08135087,0.060631137,0.039774723,0.11309157,0.23968859,0.026594458,0.08922263,0.13961083,0.029040422
1.2.826.0.1.3680043.8.498.45868806544202339567395643235910857549,0.06629682,0.05444081,0.07141555,0.037960656,0.032203805,0.027882831,0.09559422,0.106503546,0.028515715,0.07578935,0.07949718,0.037889156
1.2.826.0.1.3680043.8.498.45894475516096841241467193775629362381,0.25817117,0.15494199,0.8451625,0.4307976,0.71708226,0.37787142,0.5517102,0.7958763,0.33129898,0.3571446,0.23767292,0.06660423
1.2.826.0.1.3680043.8.498.45968957856865486437256472516713628614,0.049448643,0.037200615,0.25210774,0.06568543,0.2810653,0.13513373,0.42052704,0.3596273,0.066093504,0.22493011,0.079404816,0.028581265
1.2.826.0.1.3680043.8.498.46001596547902477402837300565271742663,0.13459754,0.057547603,0.3094388,0.08920237,0.05343705,0.031694267,0.079300694,0.3422249,0.028019018,0.10446143,0.1791677,0.029803568
1.2.826.0.1.3680043.8.498.46016776602328665980436110567854612595,0.15024063,0.1036556,0.7915788,0.2836873,0.82943684,0.52362704,0.76107883,0.67222196,0.26529235,0.4312784,0.1441712,0.05120152
1.2.826.0.1.3680043.8.498.46036209147177723970966724006242055397,0.59455,0.37241432,0.8184776,0.63957036,0.5668996,0.32478115,0.34622413,0.80062795,0.42428276,0.31830323,0.53291774,0.21847796
1.2.826.0.1.3680043.8.498.46051119885630602872050329412008545893,0.1290185,0.06601706,0.22709402,0.073013216,0.033598192,0.025662525,0.06699788,0.22459789,0.024978735,0.0814811,0.16815314,0.035153344
1.2.826.0.1.3680043.8.498.46052469424267861803032899866428547156,0.21108268,0.08821592,0.3222214,0.113923,0.04138508,0.030467901,0.066780716,0.30124512,0.029103499,0.087675564,0.22248651,0.044324424
1.2.826.0.1.3680043.8.498.46123761840464615814604226041496278995,0.062224455,0.050697137,0.06754355,0.036850642,0.03340402,0.030235916,0.09393903,0.124332875,0.03017505,0.09139881,0.08403021,0.035667777
1.2.826.0.1.3680043.8.498.46172451572836863687073454997158931662,0.5738281,0.2991214,0.83255285,0.56764376,0.45814124,0.23543938,0.30074313,0.742498,0.24062337,0.26679793,0.51977146,0.1545627
1.2.826.0.1.3680043.8.498.46222691720198967161306520058359099856,0.14054316,0.11463617,0.7942693,0.30501765,0.82959384,0.55966675,0.77645797,0.67421746,0.36776072,0.4197439,0.12314057,0.059296615
1.2.826.0.1.3680043.8.498.46228189366201925238527911905072482095,0.046024323,0.031063624,0.22642456,0.051870234,0.17846902,0.08103559,0.33541945,0.31615618,0.03869455,0.17288055,0.073278375,0.020629544
1.2.826.0.1.3680043.8.498.46259494895672269475940484605821837768,0.07615044,0.057348818,0.10174237,0.044235688,0.029284777,0.026820917,0.08408305,0.13431124,0.027583785,0.07939997,0.102623604,0.03628519
1.2.826.0.1.3680043.8.498.46268820642949526111807948525363811264,0.06015823,0.053512454,0.46663854,0.09757988,0.57130927,0.31144977,0.7077969,0.37867853,0.12498227,0.29507393,0.06953288,0.037009474
1.2.826.0.1.3680043.8.498.46282234455466954264170065462242039568,0.2313896,0.18812716,0.83562434,0.46588096,0.8787357,0.6523561,0.75872403,0.8072498,0.60151416,0.52065873,0.20546353,0.10444419
1.2.826.0.1.3680043.8.498.46297226877524853395345229615300658523,0.089255765,0.043528464,0.48026374,0.10323523,0.2591967,0.11589682,0.35949636,0.4095652,0.042399395,0.1977549,0.11848788,0.023380013
1.2.826.0.1.3680043.8.498.46305694398420300356121078124030126469,0.5250732,0.22446583,0.7722541,0.41642275,0.1840386,0.089880794,0.12838565,0.6288096,0.09397008,0.14915997,0.45905843,0.099899076
1.2.826.0.1.3680043.8.498.46309540159823359540686782651264853894,0.12039946,0.087168545,0.74316454,0.21931079,0.75622463,0.4054986,0.69611365,0.61828095,0.18977992,0.35183352,0.115892105,0.045336995
1.2.826.0.1.3680043.8.498.46335849264221717416382765091672040855,0.059860162,0.05155284,0.06292467,0.034550913,0.033869006,0.029567529,0.11319739,0.111242145,0.029860375,0.08375277,0.078320235,0.036154695
1.2.826.0.1.3680043.8.498.46407639440476738746130651250276012493,0.065919384,0.047346577,0.08496737,0.039702922,0.032593798,0.028112864,0.08568283,0.14873946,0.027255602,0.093231454,0.095416926,0.03243015
1.2.826.0.1.3680043.8.498.46427879286435198611282055405541286766,0.06700421,0.03577058,0.3607355,0.071039595,0.16886157,0.07936752,0.2997725,0.32190058,0.030267783,0.16691492,0.09633121,0.020529458
1.2.826.0.1.3680043.8.498.46452612704507986055186132736451572677,0.43320188,0.25189143,0.83506745,0.5484777,0.6560587,0.35201362,0.4455634,0.8116624,0.3947006,0.34266827,0.38923636,0.12936474
1.2.826.0.1.3680043.8.498.46491051379327985199309365945879841064,0.07706128,0.06201929,0.5740308,0.13665418,0.6058149,0.3011548,0.6575916,0.51268816,0.13816877,0.31228074,0.08278548,0.035291728
1.2.826.0.1.3680043.8.498.46506161284114284997220751358509505380,0.27039462,0.09910579,0.6128452,0.19176896,0.09986908,0.0477021,0.112280555,0.4600863,0.03655111,0.1125626,0.26242638,0.04317895
1.2.826.0.1.3680043.8.498.46658713832425741743740258795376270265,0.06107307,0.0500705,0.06717877,0.036172587,0.03290153,0.029199738,0.10652324,0.11710563,0.028715909,0.08124397,0.07666944,0.034085546
1.2.826.0.1.3680043.8.498.46700895961751940291334058396794206479,0.08724351,0.044517066,0.3190708,0.06617308,0.0743509,0.043014232,0.1528253,0.26359457,0.026229134,0.101860635,0.10799615,0.02282172
1.2.826.0.1.3680043.8.498.46713978512945139851373191422321462143,0.41075373,0.23008308,0.8130268,0.50478464,0.58022356,0.30105895,0.42305493,0.76786625,0.3011018,0.32819712,0.39328012,0.12860717
1.2.826.0.1.3680043.8.498.46715670142711601593792518196789347552,0.45127684,0.29985425,0.8989982,0.6254033,0.84036666,0.5737336,0.66219145,0.8257573,0.54072,0.44917428,0.38575408,0.14794706
1.2.826.0.1.3680043.8.498.46745172905542117506863575411125924241,0.18598728,0.08900782,0.24646002,0.09140359,0.032033462,0.026090289,0.05868327,0.21744478,0.027508615,0.071492195,0.18920907,0.045791507
1.2.826.0.1.3680043.8.498.46770589129181839292542004762882468541,0.06637494,0.05581471,0.06629034,0.036908753,0.030850153,0.028301528,0.09460606,0.11056457,0.030227834,0.07459818,0.07921323,0.03924502
1.2.826.0.1.3680043.8.498.46776367027887983105817631582518625639,0.14107382,0.06204994,0.53284585,0.1387205,0.14699657,0.06183407,0.19252105,0.4894441,0.041892447,0.13620485,0.15926236,0.026769867
1.2.826.0.1.3680043.8.498.46797419946872257347118338518757027995,0.17849441,0.072253406,0.5548968,0.14408061,0.10599154,0.04731898,0.13997348,0.4435354,0.03484337,0.1111997,0.18666357,0.029527351
1.2.826.0.1.3680043.8.498.46825768767498441994570613185981335949,0.06872052,0.047387145,0.52618086,0.12748642,0.46604207,0.21818969,0.4479433,0.5865175,0.10991819,0.33354223,0.10882377,0.028467411
1.2.826.0.1.3680043.8.498.46842734152337184482152392783260161845,0.37881842,0.16538218,0.34399515,0.18257575,0.045437124,0.037533745,0.056062408,0.33486253,0.04614535,0.085856736,0.2990641,0.07575647
1.2.826.0.1.3680043.8.498.46884541791777826238103426426267571657,0.29939216,0.13817015,0.29216763,0.13829094,0.035701733,0.031495918,0.052075826,0.26628357,0.03779856,0.07765408,0.26437926,0.068523034
1.2.826.0.1.3680043.8.498.46893956584698923808118623450380169212,0.14599966,0.081836306,0.74105895,0.20947894,0.46142638,0.18722379,0.44378796,0.6235705,0.105863854,0.23791921,0.15052623,0.03377189
1.2.826.0.1.3680043.8.498.46909729013880708074310736136355969956,0.11090131,0.052044686,0.2787525,0.068625964,0.046502918,0.029405288,0.09695225,0.23336704,0.021535529,0.07907381,0.1286489,0.026140712
1.2.826.0.1.3680043.8.498.46925959240037679795735705370016021232,0.25488058,0.10191568,0.6749135,0.20804894,0.13185526,0.05634338,0.14166878,0.5013005,0.04348054,0.11956848,0.2561779,0.042197425
1.2.826.0.1.3680043.8.498.47004674612174010017653097242531940431,0.052347634,0.04441406,0.07052767,0.033135667,0.042411894,0.0356605,0.14588201,0.10370133,0.02910714,0.08825611,0.0676719,0.032644812
1.2.826.0.1.3680043.8.498.47036446751578280498105392189811189787,0.0522409,0.0361545,0.3657601,0.072046176,0.3950812,0.18909207,0.54323554,0.3378407,0.055266146,0.24380255,0.074258454,0.023895899
1.2.826.0.1.3680043.8.498.47061252152535181371772020997295000029,0.056385785,0.033740923,0.22121458,0.048229262,0.076193444,0.04015741,0.18004045,0.23439665,0.02219533,0.09977723,0.08211074,0.01938369
1.2.826.0.1.3680043.8.498.47063694709201049930726855357000925037,0.074025474,0.037955876,0.29132837,0.05915902,0.07703232,0.041818082,0.17084852,0.2483269,0.020664101,0.10701858,0.1053303,0.020692227
1.2.826.0.1.3680043.8.498.47080537724499166054609508776778189902,0.06890626,0.050640926,0.5127577,0.11798037,0.6525865,0.35924158,0.6936879,0.4425593,0.11443896,0.3518214,0.08827368,0.034955103
1.2.826.0.1.3680043.8.498.47094981922544354899183959858078311972,0.16771804,0.06789279,0.41716224,0.11453456,0.07113392,0.03690906,0.10514113,0.37852335,0.028892135,0.09727416,0.1768331,0.02818666
1.2.826.0.1.3680043.8.498.47130872195336642107576758658144949813,0.30508628,0.115156636,0.5641465,0.19024687,0.0752811,0.041610617,0.084554866,0.41516894,0.03636181,0.098925024,0.27912736,0.05165772
1.2.826.0.1.3680043.8.498.47239511009810375185594384849101241004,0.04197565,0.031726718,0.19673784,0.043167714,0.18495665,0.09698826,0.39239472,0.21135263,0.033105794,0.16578934,0.06540774,0.022969214
1.2.826.0.1.3680043.8.498.47255564202539432049700324486197024855,0.4502614,0.23998444,0.797714,0.50578743,0.49118173,0.24475408,0.33337322,0.76078707,0.26740134,0.2897188,0.4209181,0.1268814
1.2.826.0.1.3680043.8.498.47267174205472073784818634988669693642,0.385553,0.1840178,0.819434,0.43940762,0.51414543,0.24317224,0.38683885,0.72152495,0.1892461,0.29306874,0.37660986,0.09099713
1.2.826.0.1.3680043.8.498.47268599732083036147289040424392838620,0.07240055,0.041383553,0.35017455,0.069122605,0.10993738,0.050323203,0.20213735,0.35207406,0.030385805,0.11429397,0.0945662,0.019222097
1.2.826.0.1.3680043.8.498.47336007784831556446570294227732688335,0.056447256,0.050772134,0.10616968,0.0396092,0.06965298,0.054346938,0.24763307,0.13169846,0.03867027,0.11759188,0.07709022,0.038488623
1.2.826.0.1.3680043.8.498.47339093185444044578247608022398494955,0.04219657,0.0363291,0.25077,0.055756386,0.2893737,0.13912745,0.52042437,0.2764452,0.05814481,0.20596683,0.059682485,0.027322244
1.2.826.0.1.3680043.8.498.47391919345230380216864709248400573953,0.051395424,0.04411232,0.09201718,0.03577613,0.055011082,0.04221646,0.1836942,0.13634315,0.031465165,0.09836344,0.06721275,0.029849526
1.2.826.0.1.3680043.8.498.47449893776425045020340604662487159684,0.088167004,0.050393086,0.6317807,0.12838778,0.3911541,0.14373419,0.44782472,0.5238549,0.060198776,0.20155796,0.10848125,0.024470393
1.2.826.0.1.3680043.8.498.47465512474718256570933149642267926825,0.05025466,0.045404393,0.06611843,0.033956375,0.043818593,0.036174394,0.17183317,0.10876589,0.030668614,0.0949351,0.06952294,0.033373486
1.2.826.0.1.3680043.8.498.47495385306095610608327984787779011133,0.45840564,0.19122523,0.57535833,0.27694702,0.07449146,0.048566297,0.06890187,0.45657647,0.05388282,0.10662267,0.39796528,0.089679934
1.2.826.0.1.3680043.8.498.47531034194300620953276025401018051246,0.070303276,0.04124614,0.52921104,0.10007835,0.4255782,0.18724142,0.5276903,0.43184534,0.056646347,0.2400848,0.09209281,0.022511454
1.2.826.0.1.3680043.8.498.47651715105501347255071941051553742767,0.11365823,0.053268272,0.40337646,0.10662558,0.100917555,0.04646568,0.17192435,0.38025606,0.0318143,0.12270931,0.14240487,0.025429387
1.2.826.0.1.3680043.8.498.47655269404919497034805209368250028981,0.06337051,0.048329324,0.07672337,0.036867786,0.032787304,0.028210815,0.10366663,0.13369533,0.027433954,0.07863467,0.08024912,0.03042245
1.2.826.0.1.3680043.8.498.47666607805434428477774854287399691400,0.116502255,0.058876056,0.17473137,0.06722968,0.03626597,0.026132591,0.06478883,0.2512663,0.026499273,0.09582702,0.16186967,0.033802584
1.2.826.0.1.3680043.8.498.47678121014268671436574141288012829166,0.15068965,0.083049566,0.12973905,0.06824427,0.026409704,0.025384102,0.056990955,0.17009418,0.030247433,0.067835554,0.14342746,0.04650444
1.2.826.0.1.3680043.8.498.47707670074001059720671838493302874710,0.20073201,0.10657574,0.73246944,0.29767284,0.46496442,0.20318086,0.35265723,0.7261147,0.16113974,0.31820607,0.25024223,0.053008374
1.2.826.0.1.3680043.8.498.47753549323738763346112850705924843959,0.2747984,0.15585274,0.82964575,0.42411852,0.684922,0.34503594,0.5176811,0.79718727,0.32056105,0.33853245,0.2533063,0.068528146
1.2.826.0.1.3680043.8.498.47784065888386216103165400551121771174,0.5937381,0.29034245,0.652131,0.43589512,0.13407552,0.08773856,0.096022554,0.61148435,0.11682993,0.15635829,0.53116196,0.15470077
1.2.826.0.1.3680043.8.498.47855330524708374523226349383799712473,0.0653206,0.0431737,0.50411403,0.098673545,0.37531203,0.16060932,0.4745551,0.4766695,0.06777138,0.23804185,0.08578462,0.02261024
1.2.826.0.1.3680043.8.498.47864423097056282241181943425451597067,0.05206228,0.042934846,0.07679152,0.035246637,0.040392853,0.03183213,0.15008104,0.12607038,0.027184613,0.08906333,0.07207722,0.029497392
1.2.826.0.1.3680043.8.498.47870074144891988520855535250618228390,0.08739628,0.058546465,0.58966225,0.1356543,0.49294612,0.22255269,0.528731,0.5368738,0.10430438,0.26237932,0.09873647,0.029210314
1.2.826.0.1.3680043.8.498.47921753480592595198052407850568677187,0.5310494,0.26660484,0.85936743,0.53475785,0.40234756,0.17569867,0.25241095,0.7403098,0.18309118,0.21739593,0.4668037,0.116870664
1.2.826.0.1.3680043.8.498.47925688677871325890380893763458019552,0.09218209,0.06493337,0.084926225,0.048872907,0.026037222,0.024244871,0.07581886,0.13756444,0.02814836,0.072128,0.10918232,0.041242525
1.2.826.0.1.3680043.8.498.47949251060660360953300340380324578835,0.2865849,0.14401236,0.8325459,0.3430753,0.46167704,0.17938669,0.3626347,0.6831697,0.13133378,0.22268608,0.25992647,0.05444676
1.2.826.0.1.3680043.8.498.48033467661219494489168041469309669510,0.07012067,0.05568343,0.08291397,0.039756488,0.030317673,0.025991974,0.0871068,0.115616985,0.02712632,0.072611496,0.08660507,0.036808465
1.2.826.0.1.3680043.8.498.48068031587855513429324313927339963541,0.14488925,0.11785855,0.78996134,0.3250351,0.85125816,0.57264894,0.75496435,0.7405206,0.412956,0.4755178,0.1318023,0.06214482
1.2.826.0.1.3680043.8.498.48141366506505611287110229972010695331,0.12738767,0.073318556,0.17436193,0.06980997,0.031494174,0.023752488,0.064620584,0.23515987,0.027941486,0.078145556,0.16949181,0.038959954
1.2.826.0.1.3680043.8.498.48160569779413970442472500116176876660,0.08465706,0.06795429,0.6284625,0.174629,0.7414026,0.42762488,0.6995691,0.6339295,0.25037402,0.381914,0.09008977,0.038754907
1.2.826.0.1.3680043.8.498.48308485987218296338173512060246238691,0.27417302,0.115931034,0.30374902,0.14099342,0.044046883,0.034216307,0.05866187,0.327572,0.03752724,0.08863943,0.25434235,0.057269525
1.2.826.0.1.3680043.8.498.48348615349418615469875801439348424274,0.06532134,0.038509727,0.23130701,0.06004118,0.07743089,0.03979498,0.17920057,0.268519,0.025580306,0.103641115,0.08839378,0.019815955
1.2.826.0.1.3680043.8.498.48367523758673249284754003765836877239,0.05671841,0.044324663,0.07683616,0.03539321,0.036347784,0.029953929,0.11764624,0.12949839,0.026726754,0.08423284,0.07421536,0.029433452
1.2.826.0.1.3680043.8.498.48368929760320103375578806071106317953,0.06337332,0.05333649,0.064908884,0.035838287,0.033291217,0.030554466,0.10942892,0.10647437,0.030151203,0.07971052,0.07438345,0.03746732
1.2.826.0.1.3680043.8.498.48417903971145834309474934717837250776,0.3770335,0.16826192,0.3259154,0.17681722,0.044653784,0.03850624,0.05684407,0.3333384,0.048183262,0.08521669,0.2992633,0.07777106
1.2.826.0.1.3680043.8.498.48435973333068748044485658920315789799,0.058557,0.044632282,0.4860072,0.1004794,0.539905,0.25019383,0.6037028,0.49094462,0.10543216,0.29639348,0.07281355,0.027268698
1.2.826.0.1.3680043.8.498.48486018503198264262324670490116120612,0.3366995,0.14112747,0.7468345,0.3279846,0.25026107,0.103852615,0.2010978,0.6538123,0.090612076,0.17589968,0.32411578,0.058925427
1.2.826.0.1.3680043.8.498.48520238688122533624681796433258211236,0.21652196,0.08208307,0.58924526,0.16881526,0.10591817,0.046912976,0.12774804,0.45606717,0.034577224,0.116531014,0.22709732,0.035260446
1.2.826.0.1.3680043.8.498.48521453765449688946535921546652765399,0.064885244,0.051911596,0.5355884,0.11337003,0.6296053,0.31368768,0.65669173,0.4769683,0.12866654,0.29552412,0.07168217,0.0316338
1.2.826.0.1.3680043.8.498.48531746264504523370547117933271161633,0.06278381,0.05360229,0.4584974,0.10013092,0.59933066,0.3131891,0.65904593,0.41925067,0.119940035,0.30774948,0.0698744,0.03637264
1.2.826.0.1.3680043.8.498.48564780460694033783288540237012068889,0.17450479,0.07749115,0.32688746,0.09657256,0.040327877,0.03010619,0.06962351,0.26314428,0.027027113,0.088176414,0.20845704,0.040245842
1.2.826.0.1.3680043.8.498.48658459018915173972212724570862424208,0.21286833,0.0885814,0.5065625,0.16668427,0.093109086,0.04571941,0.12572202,0.44115666,0.040094167,0.115967646,0.22882499,0.040638328
1.2.826.0.1.3680043.8.498.48697800450463192944610588533290320545,0.09626373,0.08767721,0.6682644,0.213283,0.82009506,0.53484553,0.7661723,0.6298485,0.31016207,0.45047203,0.094848566,0.054002758
1.2.826.0.1.3680043.8.498.48750912584073496502856009873745362236,0.1634732,0.08000836,0.1665779,0.0806942,0.03087124,0.026549846,0.052994,0.23048142,0.030730622,0.089376144,0.18968898,0.046518903
1.2.826.0.1.3680043.8.498.48771187298294322173131630438467163244,0.067747846,0.054018773,0.07336153,0.038456947,0.030728612,0.028391007,0.101691745,0.11581679,0.028253583,0.07633725,0.07965259,0.034540992
1.2.826.0.1.3680043.8.498.48780598610511011488578963416186905560,0.06666114,0.055866763,0.06805103,0.037047617,0.030069454,0.027610075,0.10047954,0.10804154,0.029230561,0.07689914,0.084809914,0.040910546
1.2.826.0.1.3680043.8.498.48784244479029704181755878324450207126,0.19976497,0.1139433,0.75299025,0.32593775,0.6144379,0.28951827,0.48940834,0.75844294,0.24723062,0.317834,0.20272169,0.05310626
1.2.826.0.1.3680043.8.498.48818931767017230678539144135307491171,0.101744786,0.04810644,0.38172236,0.08221224,0.0692729,0.036544014,0.12883973,0.32094836,0.023928149,0.113009885,0.1539966,0.024519317
1.2.826.0.1.3680043.8.498.48829151552094424673693975665028690142,0.106092505,0.06869174,0.70593065,0.17845948,0.6025362,0.27193543,0.5734662,0.61718446,0.1374239,0.28032473,0.11079349,0.032107413
1.2.826.0.1.3680043.8.498.48855562507887692822284056171390459619,0.7033264,0.41402775,0.75364,0.61408854,0.26619318,0.16637084,0.15235594,0.71923786,0.245124,0.20314117,0.6100937,0.22609657
1.2.826.0.1.3680043.8.498.48872083192774100826667097552356058756,0.11856298,0.06632228,0.6318233,0.17318796,0.34944433,0.13409477,0.4026253,0.5645241,0.077963606,0.20241603,0.12850593,0.028618928
1.2.826.0.1.3680043.8.498.48918090379630186340047006216221526186,0.13539988,0.07134625,0.23524363,0.08472753,0.044533193,0.029765792,0.081024475,0.30119893,0.030812522,0.09928121,0.1886946,0.037535664
1.2.826.0.1.3680043.8.498.48933020429865163393792899740045803587,0.12606762,0.09788727,0.7521762,0.28023148,0.8414657,0.5507782,0.7719958,0.70186853,0.33757597,0.46999332,0.1267571,0.058119193
1.2.826.0.1.3680043.8.498.48946580946665031852355005294734101132,0.2368635,0.09479977,0.46242452,0.1664507,0.09196451,0.047431428,0.11202618,0.45644766,0.042278994,0.11622524,0.2319424,0.041456353
1.2.826.0.1.3680043.8.498.48977699132767849812826572970218325717,0.14544548,0.07881968,0.14952412,0.07335065,0.029321456,0.0247926,0.06450968,0.19643769,0.027409595,0.073417194,0.15922813,0.04455711
1.2.826.0.1.3680043.8.498.49025249926859976858200443939208207124,0.26744756,0.14204651,0.84544814,0.3558243,0.55518,0.22698571,0.4332587,0.704713,0.16149075,0.256235,0.24328376,0.055190656
1.2.826.0.1.3680043.8.498.49047255106144196602523585429683869547,0.048492033,0.03912035,0.08734305,0.03347003,0.050818074,0.037854582,0.16374725,0.12557933,0.025181878,0.09733827,0.06929179,0.026223388
1.2.826.0.1.3680043.8.498.49048739684287632681242054218807611262,0.048519958,0.030951798,0.19012243,0.044127394,0.11803115,0.064597964,0.2806131,0.20651667,0.025450034,0.13491079,0.0717349,0.019947434
1.2.826.0.1.3680043.8.498.49054454369199540406654153762248931799,0.03777412,0.032533888,0.10787762,0.03341653,0.09790681,0.060322106,0.279546,0.15671304,0.034415953,0.12976399,0.05720255,0.025691174
1.2.826.0.1.3680043.8.498.49094276335794811195117175603556929507,0.09515219,0.05710175,0.118870564,0.052584626,0.029285094,0.0243621,0.06525053,0.1773589,0.02614915,0.085266374,0.1292756,0.035631016
1.2.826.0.1.3680043.8.498.49163335688297423808344168197551387860,0.07277028,0.058413368,0.082026914,0.040388636,0.02976634,0.026083115,0.08485133,0.11327008,0.027817588,0.07152539,0.08775213,0.038491655
1.2.826.0.1.3680043.8.498.49186859342644783675130322288585477727,0.33716226,0.15252768,0.38007364,0.18303865,0.055816766,0.03911318,0.06437053,0.41435334,0.050554477,0.10902039,0.3455201,0.07888525
1.2.826.0.1.3680043.8.498.49219586198038249030222134813685536295,0.048307937,0.03948697,0.07947114,0.032903843,0.04726398,0.035657763,0.1596822,0.12537894,0.027903209,0.09160906,0.06678225,0.02788151
1.2.826.0.1.3680043.8.498.49287143478474218875661109488367501329,0.5514288,0.24267139,0.7299996,0.4203046,0.18527152,0.10395869,0.13845158,0.61315924,0.10471254,0.1762228,0.5060409,0.122120574
1.2.826.0.1.3680043.8.498.49347024975371539869871751159907613638,0.05358108,0.03360272,0.1729436,0.047916144,0.06976643,0.04070611,0.1335956,0.28293124,0.028039133,0.12996712,0.0957,0.020771334
1.2.826.0.1.3680043.8.498.49379034023506626029648394840207360925,0.63405883,0.3604571,0.8330995,0.6357639,0.43655828,0.22665043,0.23552552,0.7785231,0.3017515,0.23028556,0.54844904,0.18177105
1.2.826.0.1.3680043.8.498.49394404966674633152360206835416205330,0.1692352,0.11480654,0.82017636,0.3158467,0.8319412,0.5266573,0.7519089,0.69354415,0.28718418,0.42156804,0.15846555,0.055021662
1.2.826.0.1.3680043.8.498.49441835811239898312243678447796777305,0.055202905,0.043684486,0.0798473,0.03682202,0.038813405,0.032238398,0.10661266,0.15094122,0.02892206,0.10479174,0.0873249,0.030680545
1.2.826.0.1.3680043.8.498.49443962795025989994487968185070137217,0.11295644,0.05930876,0.16285078,0.063861236,0.032985866,0.025674436,0.06263119,0.22419564,0.0259409,0.090419695,0.15366703,0.03483315
1.2.826.0.1.3680043.8.498.49481811111224238761880576486796603139,0.0599771,0.053153817,0.059836265,0.035718165,0.0334961,0.03066856,0.12305855,0.10500517,0.030907448,0.083424106,0.076259606,0.03744998
1.2.826.0.1.3680043.8.498.49492260217998945587168161555623476238,0.35270888,0.14748456,0.39327222,0.19158903,0.053729985,0.038196057,0.0672294,0.39152592,0.043093443,0.097487375,0.32997376,0.072664656
1.2.826.0.1.3680043.8.498.49495644703047055149965226028097259207,0.065400094,0.052088153,0.06810592,0.038481794,0.031268016,0.028355105,0.08621265,0.12825873,0.029534461,0.08904176,0.0882763,0.036334857
1.2.826.0.1.3680043.8.498.49500752658775616590911569693817273205,0.32793945,0.13505284,0.49370915,0.1878357,0.05816199,0.038047247,0.068948925,0.37215173,0.038448855,0.09213735,0.2984736,0.061726343
1.2.826.0.1.3680043.8.498.49575149159425506211571562732929634662,0.047624934,0.035346556,0.35424736,0.071115725,0.38365173,0.16301037,0.5080066,0.41581374,0.071250975,0.23254246,0.06983625,0.023155067
1.2.826.0.1.3680043.8.498.49583348226932515919984811293816232513,0.10293358,0.09577997,0.5915378,0.17534098,0.7233308,0.4482159,0.7215598,0.5090779,0.23001297,0.38632286,0.099525414,0.059691418
1.2.826.0.1.3680043.8.498.49603554452147117475589797389254733654,0.047912896,0.042483807,0.29910216,0.06816808,0.41297978,0.20641646,0.6069548,0.31310213,0.083136685,0.25847325,0.06207515,0.032817557
1.2.826.0.1.3680043.8.498.49660659440268002826070581802625582554,0.11564326,0.05713092,0.47601366,0.13010798,0.16406523,0.07278968,0.17291634,0.5333362,0.053297523,0.1922996,0.17817427,0.029620094
1.2.826.0.1.3680043.8.498.49679916686449433962263937489400526112,0.22183296,0.10027929,0.2839726,0.124846734,0.049293526,0.03560844,0.07404291,0.3356033,0.03612641,0.09812489,0.23077011,0.049493752
1.2.826.0.1.3680043.8.498.49703744074809050221928706774732375079,0.23493063,0.09152821,0.48864773,0.15757042,0.08410771,0.042357437,0.10146607,0.4640744,0.038552977,0.10574444,0.23728834,0.03812479
1.2.826.0.1.3680043.8.498.49818874332345742217581267858748819921,0.09642101,0.054369193,0.6796015,0.14694878,0.4592045,0.1784717,0.49360305,0.5451908,0.07145551,0.22393541,0.113847144,0.026429715
1.2.826.0.1.3680043.8.498.49847104080351361589960954776757484668,0.07260657,0.056590684,0.07509958,0.040288053,0.029323228,0.026858475,0.09183281,0.12097852,0.028381227,0.07306609,0.08351389,0.03615527
1.2.826.0.1.3680043.8.498.49850672111501136862025523789202033809,0.11182062,0.09158083,0.70669353,0.23763229,0.8297563,0.53645074,0.7668129,0.66745514,0.33562955,0.45191398,0.1021532,0.054188646
1.2.826.0.1.3680043.8.498.49855677166670499939366963036804180912,0.05178698,0.03630555,0.13567126,0.042113844,0.058489766,0.035468344,0.1799012,0.18850414,0.024070954,0.09752931,0.07272657,0.022051984
1.2.826.0.1.3680043.8.498.49866252311077397175807461727885923657,0.05732521,0.048843574,0.06850001,0.032628898,0.03640278,0.031648878,0.12783076,0.10495335,0.03027317,0.08284891,0.074413195,0.036549293
1.2.826.0.1.3680043.8.498.49880369313850883713947031303955494125,0.071405746,0.056461234,0.07313314,0.03953137,0.028806504,0.026642594,0.088844344,0.120991334,0.028273785,0.07399127,0.08980573,0.040150557
1.2.826.0.1.3680043.8.498.49884243466758407760126403944842240776,0.16474633,0.14598149,0.7823502,0.37637782,0.89293563,0.6837864,0.8049491,0.7587369,0.56073517,0.53305984,0.1506819,0.09196411
1.2.826.0.1.3680043.8.498.49887758195164927372912584780941789021,0.06642378,0.054031625,0.07024011,0.037302725,0.030558554,0.02763346,0.09363057,0.11676868,0.028554738,0.07480454,0.08119128,0.036632385
1.2.826.0.1.3680043.8.498.49926524898703962863714803838421958913,0.6651138,0.36950117,0.619299,0.46203482,0.116060235,0.08918443,0.07925117,0.567867,0.13866237,0.13863792,0.53848994,0.1825371
1.2.826.0.1.3680043.8.498.49942556484410764813681696157580687854,0.45945415,0.2390398,0.72586113,0.4399042,0.31901664,0.16496053,0.23792286,0.7022465,0.18872006,0.25141847,0.46950057,0.13880983
1.2.826.0.1.3680043.8.498.49984662916977328110175445895515541267,0.05769535,0.041538246,0.44978163,0.089787714,0.45427018,0.19899549,0.55293995,0.4514478,0.08048665,0.24403904,0.0696523,0.024240375
1.2.826.0.1.3680043.8.498.50051845967696843074391018845332480653,0.17194779,0.10834646,0.8193879,0.31039396,0.79519093,0.4644826,0.71067953,0.69878525,0.24316503,0.39684394,0.16625027,0.049660783
1.2.826.0.1.3680043.8.498.50069224337753933811759198830086956116,0.04832741,0.03907024,0.3259857,0.06963596,0.36184096,0.16983566,0.5546543,0.34686124,0.06760268,0.23780583,0.064078905,0.02663488
1.2.826.0.1.3680043.8.498.50073674465735509400964384004695041387,0.23949595,0.10023275,0.3971092,0.13467826,0.04519172,0.032456115,0.06338345,0.3234942,0.03137259,0.092093766,0.26659223,0.04930584
1.2.826.0.1.3680043.8.498.50089015780087008332657793589955395952,0.06634331,0.055552643,0.06638096,0.03673611,0.030961962,0.028368104,0.095428854,0.11073166,0.030128097,0.07487174,0.07927369,0.03880644
1.2.826.0.1.3680043.8.498.50107479256735739327080544431929221135,0.04860974,0.040292233,0.07999955,0.03465986,0.044715717,0.03375256,0.1587843,0.13564523,0.027197644,0.09146389,0.07030751,0.027728729
1.2.826.0.1.3680043.8.498.50109255875403812845391217314726500341,0.08222726,0.048243217,0.6101737,0.11985276,0.37897363,0.14358622,0.4645993,0.4899075,0.05670391,0.1990285,0.10098907,0.023635224
1.2.826.0.1.3680043.8.498.50144715912379960437506930683683218333,0.057049733,0.032888476,0.24067523,0.05237149,0.09922964,0.04866625,0.22234228,0.29740605,0.026885118,0.11483318,0.076138414,0.017341277
1.2.826.0.1.3680043.8.498.50182378358892377789975570268512056553,0.20102666,0.08099123,0.6343745,0.17036107,0.1301178,0.05336085,0.1524949,0.48766202,0.03853101,0.1198131,0.21266271,0.033698898
1.2.826.0.1.3680043.8.498.50183004658202912273462671442829139110,0.08291246,0.05419206,0.11689165,0.046524692,0.031006768,0.024487767,0.07958138,0.17396802,0.025552977,0.077718124,0.11256966,0.031708643
1.2.826.0.1.3680043.8.498.50215409013618353346619153290049205718,0.4427035,0.17708932,0.5975553,0.27978623,0.08770412,0.05152303,0.07899927,0.4996256,0.054432474,0.11679561,0.39389125,0.083270386
1.2.826.0.1.3680043.8.498.50220991646207533313828550949660577504,0.3603576,0.140186,0.46285832,0.22052498,0.0749385,0.045577824,0.06543304,0.48301297,0.05180214,0.1252512,0.36217824,0.07026517
1.2.826.0.1.3680043.8.498.50248717336781045512984550029203786086,0.086572416,0.054185193,0.10621935,0.04938562,0.030484622,0.02539035,0.068093315,0.17800623,0.02690102,0.09158514,0.12125364,0.034477547
1.2.826.0.1.3680043.8.498.50259348432783983788186173025555513832,0.46738842,0.2666918,0.8735587,0.5802971,0.712505,0.41359386,0.5255169,0.79806674,0.36977643,0.37861395,0.42292196,0.13599612
1.2.826.0.1.3680043.8.498.50261788831539215224639813005933285052,0.23570545,0.1132475,0.8249028,0.32220846,0.58448607,0.25921038,0.51182723,0.6861514,0.13975827,0.29304537,0.23089723,0.04701493
1.2.826.0.1.3680043.8.498.50287512028986928372350279452197816661,0.04969514,0.030827044,0.3225839,0.05971458,0.19681953,0.08109593,0.35023034,0.3186395,0.03333222,0.14796238,0.07035188,0.019247802
1.2.826.0.1.3680043.8.498.50318760104506317341991314680640521601,0.08213105,0.065869,0.6255335,0.1497488,0.6841649,0.35816088,0.6852063,0.53937185,0.16046469,0.32985076,0.08468782,0.03689343
1.2.826.0.1.3680043.8.498.50342726517205151681842826322659275894,0.21952526,0.1118128,0.7879801,0.31736124,0.49711612,0.20176777,0.4061154,0.7164341,0.15191838,0.2593006,0.22914001,0.049522657
1.2.826.0.1.3680043.8.498.50392110746914984873009735588879049321,0.086136445,0.058964707,0.10174869,0.04632754,0.028058028,0.023986299,0.07342785,0.13508022,0.025595129,0.06809062,0.10273326,0.036593985
1.2.826.0.1.3680043.8.498.50424421287869498746932271082980000521,0.069103345,0.06407854,0.500213,0.12514074,0.66962284,0.37898833,0.7174007,0.45489118,0.1695881,0.34677556,0.07432569,0.043473832
1.2.826.0.1.3680043.8.498.50458745240631577290185672298591447264,0.11834897,0.10573998,0.7300644,0.2378369,0.8153466,0.5805429,0.773126,0.59134024,0.34342274,0.43767273,0.10608095,0.06392189
1.2.826.0.1.3680043.8.498.50487158921933419035809338652990508020,0.33756056,0.13272285,0.48268607,0.22185263,0.086186096,0.048225846,0.07098319,0.5150243,0.054260083,0.13239335,0.35246405,0.065225676
1.2.826.0.1.3680043.8.498.50501020658943435430736717390350999395,0.07010127,0.060477525,0.06301385,0.037440483,0.030759472,0.029914906,0.10351561,0.10270619,0.031929232,0.07832664,0.0812952,0.04314648
1.2.826.0.1.3680043.8.498.50512021577184367495598050974910055550,0.0716317,0.03643076,0.3500194,0.06924501,0.12965523,0.06201235,0.2458795,0.30495152,0.025239533,0.13971654,0.098317206,0.01945701
1.2.826.0.1.3680043.8.498.50571692547974449396635351108344029536,0.070738345,0.055359166,0.075977124,0.03934374,0.030774742,0.027975276,0.09750001,0.12009766,0.028506745,0.07482339,0.081338584,0.035584398
1.2.826.0.1.3680043.8.498.50648934951234229265309905009982297515,0.21942319,0.11928514,0.8346652,0.3199068,0.61775213,0.26072976,0.50727427,0.6997976,0.15911254,0.27861282,0.20269978,0.047627836
1.2.826.0.1.3680043.8.498.50666048236278074641860077012751071758,0.06126118,0.0524904,0.06766269,0.036714006,0.032164358,0.029416412,0.10930838,0.10939433,0.029328326,0.07755821,0.07751546,0.034617763
1.2.826.0.1.3680043.8.498.50667444467788034101157821576803778774,0.08512186,0.05954776,0.114249304,0.046956453,0.029643223,0.02701297,0.0802082,0.14275086,0.027631905,0.07619902,0.10933474,0.036698107
1.2.826.0.1.3680043.8.498.50680622091377404463269575858175673158,0.055246733,0.03541484,0.1513533,0.0458251,0.06516087,0.038916335,0.16575032,0.22896563,0.026091516,0.10785664,0.07887415,0.02098049
1.2.826.0.1.3680043.8.498.50687743970686088872471288288960579306,0.06776687,0.051680803,0.07522444,0.03837882,0.03056039,0.0272098,0.09385063,0.12646595,0.027538206,0.07778685,0.083167434,0.03359511
1.2.826.0.1.3680043.8.498.50689256431939553935971505794681061679,0.5536109,0.24634226,0.6146086,0.39250135,0.12223384,0.07743511,0.079256564,0.5995593,0.09948606,0.1534194,0.5028682,0.12648065
1.2.826.0.1.3680043.8.498.50694733929204626284366818623993960684,0.1026328,0.06554741,0.65552497,0.15287928,0.47771236,0.20168506,0.503379,0.5566094,0.09802711,0.24535722,0.112022825,0.030750586
1.2.826.0.1.3680043.8.498.50707407856055788475528375847872674241,0.19621463,0.07940379,0.4270841,0.1255558,0.05463184,0.033909574,0.07715146,0.3552426,0.029472556,0.10207258,0.24297778,0.03963188
1.2.826.0.1.3680043.8.498.50777252749942894325007417893973309310,0.045507327,0.036197,0.10268702,0.03231604,0.07006382,0.051312853,0.22604541,0.12753928,0.030945197,0.10887323,0.06260753,0.027281536
1.2.826.0.1.3680043.8.498.50780438941220579448947609376330661130,0.06629682,0.05444081,0.07141555,0.037960656,0.032203805,0.027882831,0.09559422,0.106503546,0.028515715,0.07578935,0.07949718,0.037889156
1.2.826.0.1.3680043.8.498.50810596378229719761556926464290468652,0.1586112,0.13638592,0.7882343,0.35130844,0.8968074,0.69617116,0.82276416,0.70583576,0.50347155,0.50760907,0.13096954,0.082922205
1.2.826.0.1.3680043.8.498.50813123035221058777203670043892828582,0.06897759,0.048159104,0.452157,0.12340798,0.5170908,0.25389746,0.5661563,0.5263643,0.13235302,0.31210986,0.09146754,0.034086935
1.2.826.0.1.3680043.8.498.50819987120895374623148160166392914169,0.28463766,0.112011425,0.5106033,0.17045262,0.06329759,0.036962487,0.07769778,0.3859442,0.03411205,0.093975425,0.27070692,0.04978546
1.2.826.0.1.3680043.8.498.50823279853002320074080586693604976784,0.36406332,0.14675744,0.5371389,0.252151,0.10171257,0.056129113,0.08073697,0.5487184,0.06252308,0.14594346,0.38251716,0.07335046
1.2.826.0.1.3680043.8.498.50844227724977857739867646104945090414,0.068412594,0.057934392,0.07240572,0.037671622,0.031433616,0.029898444,0.10712051,0.1079765,0.03082967,0.07716611,0.08274217,0.04232359
1.2.826.0.1.3680043.8.498.50848799900564667487859253004538870622,0.07864998,0.054207664,0.5851893,0.12068995,0.50719756,0.21470425,0.56113636,0.47070542,0.080906086,0.2376897,0.08914385,0.029509973
1.2.826.0.1.3680043.8.498.50880891504121357724276091096406248845,0.109562784,0.07792122,0.71280885,0.18447241,0.6638067,0.3154313,0.6341269,0.5702245,0.13733885,0.29728407,0.111819506,0.039295234
1.2.826.0.1.3680043.8.498.50882628969985977810341532747520504841,0.07852035,0.05281594,0.096154734,0.045845695,0.03041704,0.025585588,0.07173493,0.16571854,0.027156519,0.0896043,0.112454705,0.0338287
1.2.826.0.1.3680043.8.498.50935247372419775856440294835587827419,0.055364005,0.04360757,0.08283188,0.03474885,0.040327676,0.033171915,0.1349736,0.11638081,0.025115252,0.08713708,0.07506855,0.028914813
1.2.826.0.1.3680043.8.498.50969691234820675847736765735133138324,0.055350866,0.04719464,0.07313193,0.03533383,0.03792461,0.032055855,0.13286167,0.11974953,0.029071249,0.08450865,0.07067121,0.031244885
1.2.826.0.1.3680043.8.498.50980137249034338585131194965993785201,0.08919412,0.063853025,0.08235358,0.04810498,0.026342308,0.024619423,0.0770133,0.1365618,0.028232954,0.07264705,0.10691854,0.04110651
1.2.826.0.1.3680043.8.498.51006813205605862503064447831381009425,0.25121728,0.16094849,0.83300644,0.4244752,0.7708586,0.44468883,0.6356106,0.793319,0.3739124,0.41280594,0.24650887,0.07870897
1.2.826.0.1.3680043.8.498.51054592064718900209123281525185013961,0.20417334,0.08386292,0.31967288,0.11900549,0.048165433,0.031670954,0.05940501,0.35390246,0.03320381,0.103824064,0.24441807,0.044393934
1.2.826.0.1.3680043.8.498.51059575642903646008860869691477305022,0.2890352,0.1577833,0.8438622,0.4297799,0.6663435,0.33764228,0.4991076,0.76101327,0.2945462,0.28116998,0.24658631,0.06502391
1.2.826.0.1.3680043.8.498.51126807380879212261057967703844943102,0.090504065,0.061509628,0.09362282,0.04823799,0.02714233,0.024794606,0.07171538,0.16207114,0.02807265,0.074375406,0.11066969,0.035850544
1.2.826.0.1.3680043.8.498.51143994849141407980459861759302509053,0.11814536,0.07704699,0.7506553,0.2224986,0.6326113,0.2987766,0.5812109,0.6649958,0.18412302,0.28682083,0.12035977,0.036244392
1.2.826.0.1.3680043.8.498.51179760508587500025973916664101120069,0.1097113,0.075707816,0.7162917,0.19954695,0.7679323,0.44499925,0.72967947,0.595261,0.17877933,0.38016284,0.111858964,0.03887939
1.2.826.0.1.3680043.8.498.51215847567976999838748705030071176367,0.092704244,0.08407494,0.67828757,0.18678136,0.7876619,0.50564957,0.75979865,0.5655993,0.2666445,0.39722362,0.08786633,0.051105242
1.2.826.0.1.3680043.8.498.51297777726540529860433097009654453742,0.07673477,0.038624488,0.46603814,0.085362114,0.1827755,0.07169781,0.29002237,0.3894458,0.031042892,0.13842444,0.09898881,0.019464524
1.2.826.0.1.3680043.8.498.51351386796317851725461803790273870995,0.14280495,0.06343619,0.35638654,0.10050471,0.07494012,0.044262346,0.124861814,0.32019126,0.028476017,0.12011023,0.1835289,0.03344882
1.2.826.0.1.3680043.8.498.51379389400506715529323532959275254794,0.41106266,0.17252941,0.5276629,0.23421566,0.06411394,0.043484773,0.06547956,0.41413265,0.047620453,0.09872342,0.35921124,0.080952026
1.2.826.0.1.3680043.8.498.51426696939581135481763379246368970360,0.0834111,0.042884417,0.34327662,0.07718285,0.08399505,0.042620476,0.16532329,0.33293414,0.027090874,0.114791624,0.11835794,0.02216139
1.2.826.0.1.3680043.8.498.51427159850769972151411336025891779423,0.11299156,0.05739013,0.19809544,0.07249812,0.042396113,0.028487476,0.07162618,0.2868521,0.028564136,0.10539369,0.16793533,0.03308088
1.2.826.0.1.3680043.8.498.51429653138043597611341459799295143598,0.20739344,0.1473729,0.82791585,0.40369296,0.8253987,0.5299621,0.6793362,0.8035976,0.4616025,0.43979493,0.18874602,0.07175075
1.2.826.0.1.3680043.8.498.51469564445249084310991187819410005207,0.06125036,0.051806584,0.06802245,0.03625161,0.032147247,0.027543275,0.10307256,0.124702565,0.028681243,0.080950566,0.08358131,0.03438014
1.2.826.0.1.3680043.8.498.51509214978951980397275258374070843967,0.30988517,0.12247759,0.55356324,0.18926504,0.07194086,0.040477358,0.08080313,0.4196739,0.038276643,0.096103504,0.28709918,0.053126458
1.2.826.0.1.3680043.8.498.51536234256866063100891626028999490545,0.26433152,0.10991659,0.26914594,0.1316291,0.04086441,0.03135086,0.0516167,0.32243708,0.037340406,0.09951042,0.27765736,0.061082065
1.2.826.0.1.3680043.8.498.51581188134109925758379838961317006116,0.124935344,0.07250952,0.14480121,0.0619272,0.027084319,0.023871154,0.061400134,0.1580314,0.025999919,0.067369744,0.13561158,0.040779162
1.2.826.0.1.3680043.8.498.51676679394093588751371807453793655464,0.07011912,0.055808377,0.5814601,0.1503098,0.66899574,0.3781039,0.61666673,0.59495884,0.18028414,0.40226328,0.09760931,0.03687081
1.2.826.0.1.3680043.8.498.51684117251092766010524179062007524257,0.11143483,0.05528742,0.23968849,0.065163456,0.039413407,0.028099474,0.089788936,0.19636898,0.022416284,0.0746232,0.12811296,0.03134192
1.2.826.0.1.3680043.8.498.51752963441899958127321113249182970131,0.46203664,0.20406729,0.8313724,0.4354804,0.2958272,0.12363274,0.20001356,0.6827486,0.12009202,0.17766386,0.40346587,0.084265836
1.2.826.0.1.3680043.8.498.51768733026033198941231586462443503827,0.17461756,0.07738507,0.46462893,0.13928968,0.09307039,0.047260866,0.13539922,0.42063442,0.037529156,0.12838787,0.2198248,0.038529735
1.2.826.0.1.3680043.8.498.51770131897828080663537020812721042704,0.42813063,0.18410605,0.54327667,0.30750027,0.12281117,0.07240498,0.0888238,0.56926864,0.085005485,0.16957526,0.4358038,0.10131295
1.2.826.0.1.3680043.8.498.51782185934115000642557689300687723099,0.07400356,0.06123281,0.066285886,0.039273888,0.02896745,0.027032688,0.0898568,0.11634176,0.031045215,0.07469039,0.087018885,0.040463626
1.2.826.0.1.3680043.8.498.51809092313496476873962641559638828608,0.1035867,0.0717848,0.09716311,0.050085146,0.025292797,0.025230302,0.06831424,0.13334155,0.028712342,0.0671755,0.11888028,0.04654033
1.2.826.0.1.3680043.8.498.51813125531970590883098432751115674643,0.060413174,0.044928953,0.0840843,0.037647557,0.03525163,0.028970627,0.10956097,0.14482743,0.026002787,0.08158293,0.07935105,0.028043348
1.2.826.0.1.3680043.8.498.51828180600648126726057100018010765613,0.20319436,0.17303593,0.8001969,0.37215027,0.83864325,0.5687058,0.7293317,0.72140485,0.45819217,0.45201653,0.16334805,0.08780761
1.2.826.0.1.3680043.8.498.51831304809871808790657397599860793132,0.065944284,0.056480315,0.06362427,0.036801837,0.03102675,0.028738147,0.09759422,0.108918294,0.030984003,0.07592336,0.07849417,0.039400045
1.2.826.0.1.3680043.8.498.51837740845904075589194479205218060915,0.109293714,0.0684046,0.12910378,0.055612966,0.027026763,0.023847384,0.06381726,0.1483863,0.026092764,0.066581994,0.12503648,0.040054757
1.2.826.0.1.3680043.8.498.51867133375333949773527521703402111601,0.35376632,0.14695184,0.44521904,0.18976808,0.050708424,0.036754742,0.06038427,0.36701742,0.03971824,0.091403194,0.3235841,0.06954762
1.2.826.0.1.3680043.8.498.51886877282987244004912794726043055730,0.07579354,0.043490965,0.20997465,0.050681107,0.053181864,0.035288893,0.12995002,0.20061773,0.024164733,0.08619899,0.093914926,0.023882126
1.2.826.0.1.3680043.8.498.51910852739185117358682097116614556910,0.30269796,0.11940089,0.696287,0.28467357,0.2145943,0.089963764,0.14863142,0.65269464,0.08280816,0.188645,0.32548022,0.054831326
1.2.826.0.1.3680043.8.498.51917043703891091519740084517167861965,0.16394873,0.078450024,0.2749613,0.08842787,0.035251405,0.0279278,0.06501199,0.23855063,0.026991168,0.08241656,0.19800375,0.04153522
1.2.826.0.1.3680043.8.498.51970198810758997428998886534742243215,0.039138507,0.029863505,0.16017924,0.04260303,0.13376437,0.07105442,0.23994276,0.28169462,0.03767938,0.17606306,0.074006185,0.021532485
1.2.826.0.1.3680043.8.498.51981019698056120061499970572334688555,0.04553644,0.031186443,0.24257337,0.055148933,0.14842352,0.07389297,0.2286078,0.36735967,0.040517285,0.1860797,0.087488495,0.02061827
1.2.826.0.1.3680043.8.498.51985313438970133264846259111827877590,0.056559097,0.03963782,0.11326291,0.03850835,0.043781485,0.029908955,0.122489385,0.18662977,0.025188778,0.09176744,0.08941923,0.024185449
1.2.826.0.1.3680043.8.498.52010165788889734743850946282043771445,0.39710635,0.22689842,0.85374093,0.5382314,0.68362045,0.35699084,0.49373895,0.8069318,0.35780427,0.3399055,0.35410348,0.109271936
1.2.826.0.1.3680043.8.498.52010826440192227660457107121818389761,0.07657258,0.055075053,0.113515064,0.043968964,0.030652015,0.027346274,0.08565379,0.14135545,0.026805675,0.08022731,0.10588214,0.035114598
1.2.826.0.1.3680043.8.498.52046170319252016846878355722404423329,0.4285339,0.17473683,0.55929726,0.25961474,0.072438665,0.048863593,0.067931816,0.47157654,0.054121103,0.11771436,0.42128,0.08552209
1.2.826.0.1.3680043.8.498.52059522418267239652374290810994711032,0.096817836,0.054417804,0.14922622,0.059236206,0.035585426,0.0262869,0.06918376,0.23107432,0.026680876,0.09770899,0.14318119,0.03196429
1.2.826.0.1.3680043.8.498.52067134682915759489080529708019359378,0.11899394,0.05779625,0.27250853,0.073139176,0.04170367,0.027210608,0.08637743,0.23869184,0.022159716,0.07858925,0.14044757,0.028587315
1.2.826.0.1.3680043.8.498.52098249444968803324423421624756966294,0.0760112,0.07079301,0.5426307,0.13077015,0.70431376,0.44037157,0.73843145,0.4312995,0.19590244,0.3623664,0.078090645,0.050463464
1.2.826.0.1.3680043.8.498.52110163572817528199125320120779141456,0.20254178,0.09470409,0.6593663,0.22112086,0.2689329,0.11230451,0.2702547,0.6250328,0.0889923,0.20817946,0.2395099,0.04445067
1.2.826.0.1.3680043.8.498.52132258638267172087240021957310219977,0.47207072,0.23366119,0.3871244,0.24390417,0.054450016,0.046370603,0.05758481,0.3903307,0.06807378,0.09722676,0.38960624,0.11854065
1.2.826.0.1.3680043.8.498.52138967568492774495485454357106269286,0.06230721,0.05157203,0.06795028,0.03572818,0.032182544,0.0285944,0.10266783,0.115649186,0.02849892,0.0773517,0.07795593,0.035587396
1.2.826.0.1.3680043.8.498.52140911874747534807033188343849537207,0.69303226,0.40155172,0.63549155,0.49871033,0.12876381,0.10116649,0.08493433,0.59016794,0.16181055,0.14819768,0.5611093,0.20374136
1.2.826.0.1.3680043.8.498.52204390785696944340286127542242341202,0.08399113,0.061750874,0.09205515,0.04480329,0.02635242,0.025126124,0.08108658,0.12764949,0.027516792,0.067816444,0.101921566,0.04150928
1.2.826.0.1.3680043.8.498.52330656126848153803758928167944040055,0.34664825,0.17690079,0.85501736,0.46004987,0.6738361,0.3485551,0.5321258,0.7531334,0.2542241,0.33953035,0.32019404,0.08244588
1.2.826.0.1.3680043.8.498.52347547859131274836026480407333415929,0.20882697,0.09248807,0.6052764,0.20156144,0.17851256,0.080626294,0.19450387,0.5496794,0.06316263,0.17778862,0.24975431,0.047363505
1.2.826.0.1.3680043.8.498.52390908285903728334239836699232920065,0.05137649,0.038738035,0.35870048,0.07022694,0.45191106,0.22536308,0.6015799,0.3167091,0.06307918,0.26207322,0.07036098,0.028190821
1.2.826.0.1.3680043.8.498.52409113683924904563676007800283978062,0.06594207,0.04274892,0.11988987,0.04428441,0.04283878,0.030141098,0.11368929,0.18887503,0.024632882,0.09024478,0.089885786,0.025060372
1.2.826.0.1.3680043.8.498.52435631723314823200374985065756182593,0.06056998,0.05208669,0.065511934,0.035718776,0.033798777,0.030368073,0.112590715,0.1108883,0.030386327,0.08203802,0.07424387,0.03641074
1.2.826.0.1.3680043.8.498.52437948508356178175558637950043479411,0.049398787,0.034273133,0.39347062,0.072384536,0.3667189,0.15264422,0.5078337,0.36116534,0.051982734,0.20293583,0.068657205,0.023054633
1.2.826.0.1.3680043.8.498.52456272643822591755257802747431239152,0.07063134,0.059068076,0.066688046,0.036803454,0.03058338,0.02943233,0.10071097,0.10372929,0.030995518,0.07651642,0.08318002,0.04294986
1.2.826.0.1.3680043.8.498.52475562989926669452280424331791927661,0.13094139,0.115054086,0.7689721,0.2781342,0.8537862,0.6256453,0.79389614,0.64112586,0.40535462,0.46024892,0.112790994,0.06749211
1.2.826.0.1.3680043.8.498.52499379042723926379822784411787551701,0.13895392,0.06161368,0.28371844,0.09457992,0.05775475,0.03294594,0.07762938,0.35817054,0.030835414,0.11851863,0.19223265,0.033004347
1.2.826.0.1.3680043.8.498.52520288400853832269613213204540385687,0.07301729,0.05640106,0.08566063,0.040671118,0.029506855,0.025441613,0.08260658,0.119269304,0.026935212,0.07064636,0.08998944,0.03726017
1.2.826.0.1.3680043.8.498.52558822670236188507569589448789513993,0.23827878,0.09402393,0.6274786,0.19818243,0.133969,0.058938593,0.13368754,0.5042676,0.047693957,0.11236571,0.22139758,0.03577349
1.2.826.0.1.3680043.8.498.52599302991259061057950834864441634066,0.04228624,0.03471408,0.08916058,0.03298153,0.06374918,0.04329161,0.20634387,0.1506635,0.028820772,0.10870333,0.0620337,0.024264157
1.2.826.0.1.3680043.8.498.52636981391578580436180193211113340410,0.21809131,0.09644033,0.3351116,0.11664476,0.03988517,0.030485675,0.060967505,0.28531995,0.030775642,0.086898476,0.24140394,0.048697907
1.2.826.0.1.3680043.8.498.52639459702574533721011212286428487650,0.06286946,0.05547295,0.05778875,0.03738621,0.0321145,0.029642565,0.113501795,0.10770799,0.031349972,0.08137732,0.078016706,0.03873356
1.2.826.0.1.3680043.8.498.52745530063404662086111315503240395535,0.2369516,0.0939394,0.61737555,0.19319563,0.121628985,0.05333147,0.1473496,0.47429967,0.04327521,0.11527121,0.2360276,0.03931684
1.2.826.0.1.3680043.8.498.52785983814702054185130109942936184688,0.13512267,0.06870089,0.1646955,0.071064904,0.03139262,0.025544237,0.056629825,0.22196838,0.027738415,0.08762417,0.17249903,0.041416384
1.2.826.0.1.3680043.8.498.52844966504845792334740560021996858939,0.45545724,0.18871729,0.58704674,0.2947938,0.0950839,0.0575434,0.08178653,0.5348634,0.06662649,0.11570854,0.40083134,0.085406
1.2.826.0.1.3680043.8.498.52846023545870016653608198538437574931,0.56331754,0.29210925,0.798556,0.54077005,0.35389233,0.17277767,0.22145161,0.74255943,0.21286742,0.22307336,0.50550663,0.1473302
1.2.826.0.1.3680043.8.498.52846236545327527967419125989598675101,0.08754956,0.066146076,0.08011496,0.04373851,0.025988111,0.026012534,0.07719244,0.11973233,0.029562797,0.06812404,0.09977412,0.045054335
1.2.826.0.1.3680043.8.498.52849154011665864497632297320961015159,0.104639664,0.06789185,0.11535827,0.05332031,0.026353957,0.024167243,0.06507727,0.13689885,0.026770009,0.067376606,0.115891196,0.040955387
1.2.826.0.1.3680043.8.498.52937412433120578046842194545406797236,0.061251834,0.048780754,0.07186962,0.036758684,0.033444025,0.02961509,0.112264164,0.12076958,0.027216652,0.07972101,0.07459158,0.03137619
1.2.826.0.1.3680043.8.498.52985748674486376309978868177895755694,0.04426592,0.034226026,0.30797163,0.06464273,0.3693387,0.1631836,0.5235333,0.37228155,0.06594063,0.23962851,0.061045963,0.023231985
1.2.826.0.1.3680043.8.498.53025489296610571044246428509154950855,0.051130407,0.038204696,0.10247916,0.034587882,0.048975233,0.036091067,0.15720934,0.13435978,0.022811722,0.09181784,0.07193199,0.024998816
1.2.826.0.1.3680043.8.498.53076472372145933727990308381815269368,0.25149715,0.09941417,0.45368296,0.14566073,0.054144796,0.032884084,0.07202522,0.34153473,0.029859614,0.0896697,0.24497159,0.04637499
1.2.826.0.1.3680043.8.498.53078461307849490495536549806091931824,0.053221907,0.044427432,0.07226172,0.034659825,0.03868794,0.030440146,0.12535347,0.13843945,0.028005587,0.09113227,0.07876681,0.029767662
1.2.826.0.1.3680043.8.498.53080172184945962593713560671746700445,0.58700675,0.32533002,0.75413835,0.5330069,0.30660373,0.17133233,0.20879771,0.712653,0.22184359,0.24011347,0.5563675,0.19477132
1.2.826.0.1.3680043.8.498.53094450151502907325041400000717725711,0.35447174,0.13914053,0.527666,0.21763119,0.07124767,0.044085175,0.07143931,0.4503906,0.044993542,0.11583383,0.36635578,0.0672872
1.2.826.0.1.3680043.8.498.53114802640679819441521055029024037716,0.30785885,0.121759824,0.6617842,0.22713032,0.11277258,0.05197661,0.1134054,0.50025076,0.04574745,0.11395123,0.29080006,0.05041073
1.2.826.0.1.3680043.8.498.53131430415327479511358970615140982847,0.24135754,0.1008952,0.33730412,0.14166556,0.05580276,0.03465844,0.08127517,0.34731135,0.035019346,0.0989681,0.2425118,0.050740056
1.2.826.0.1.3680043.8.498.53137953094305471774552883960361922832,0.13114421,0.0705979,0.14555481,0.06584926,0.028822804,0.025045965,0.063939184,0.19508655,0.026552724,0.07194319,0.13884725,0.037519976
1.2.826.0.1.3680043.8.498.53156118232564605912649705207438612782,0.30363,0.14472967,0.83513117,0.39859334,0.6043546,0.28327325,0.48100644,0.72746336,0.1859373,0.31188387,0.29081616,0.0650336
1.2.826.0.1.3680043.8.498.53173579822475854424126184867040523127,0.051800188,0.046354897,0.06754405,0.033215176,0.045533765,0.03746117,0.16305533,0.1118754,0.03140859,0.09395166,0.0655903,0.032097973
1.2.826.0.1.3680043.8.498.53174810138171412044410050984734412146,0.14966926,0.090918876,0.7726125,0.27484292,0.6626443,0.3169873,0.5746992,0.71709573,0.2085497,0.32487208,0.15186815,0.040869772
1.2.826.0.1.3680043.8.498.53221818460567216467597044606040911702,0.08507109,0.04517302,0.27329072,0.072078854,0.06846154,0.036152862,0.14770323,0.29350996,0.025364399,0.10322169,0.11393248,0.02350443
1.2.826.0.1.3680043.8.498.53262958748075737242820629127001253146,0.05168029,0.040066056,0.35244435,0.07306125,0.34435782,0.16226725,0.5353706,0.35542256,0.06693982,0.22262503,0.06606845,0.025957592
1.2.826.0.1.3680043.8.498.53271710112621372496324855809391580130,0.058432944,0.04013321,0.48301452,0.09365144,0.41212943,0.17105652,0.50583375,0.4858475,0.07318034,0.24029996,0.07812467,0.022009805
1.2.826.0.1.3680043.8.498.53331626867618182966740022261110760133,0.038251903,0.03153583,0.13675293,0.036693458,0.12728049,0.0698937,0.32504874,0.19902168,0.035614166,0.14378992,0.057425402,0.023128118
1.2.826.0.1.3680043.8.498.53337684515627962545396495541158882262,0.051117364,0.046876825,0.3281512,0.066768944,0.4527054,0.2476838,0.64226747,0.2822534,0.09277644,0.25922474,0.06196129,0.037560984
1.2.826.0.1.3680043.8.498.53343379040681745197301575417064236501,0.30167085,0.21239439,0.8838289,0.49224207,0.84211457,0.5368075,0.6860045,0.79460233,0.4518848,0.4310154,0.24671468,0.09145269
1.2.826.0.1.3680043.8.498.53355961816756477601843499985089590263,0.05567009,0.044316508,0.073804565,0.035610966,0.037822604,0.030520821,0.12073369,0.1347563,0.027495708,0.08660404,0.07491293,0.02901834
1.2.826.0.1.3680043.8.498.53361558447470435467999344560545063264,0.12054524,0.070071556,0.12068486,0.05733746,0.026901137,0.024308821,0.06162457,0.15927072,0.027159736,0.06841501,0.12684418,0.041567687
1.2.826.0.1.3680043.8.498.53370670740736715669115043403494610200,0.56572115,0.26244858,0.5700177,0.33743063,0.083000876,0.062440153,0.068637446,0.48512888,0.07800916,0.11860177,0.4838154,0.12504122
1.2.826.0.1.3680043.8.498.53393741562201846141435914434030220216,0.0669324,0.05677735,0.06526463,0.03701301,0.030759258,0.028587764,0.095215194,0.11053301,0.03068923,0.07493559,0.07912933,0.03925439
1.2.826.0.1.3680043.8.498.53408696789721413873026963095773050643,0.07193368,0.045829643,0.57524186,0.12993707,0.44983473,0.19848637,0.47061795,0.56840813,0.08721702,0.30397743,0.10892546,0.025407836
1.2.826.0.1.3680043.8.498.53490080963614272234072703760363052476,0.04990674,0.038078815,0.35767063,0.0721278,0.37866077,0.177273,0.5303093,0.38564262,0.070224665,0.23418778,0.06464341,0.023537066
1.2.826.0.1.3680043.8.498.53528011450161116437223332448942321596,0.23385586,0.09616815,0.27863044,0.10881404,0.03716486,0.029441034,0.05931595,0.25858596,0.028075088,0.080368534,0.22504215,0.04707532
1.2.826.0.1.3680043.8.498.53579416035647672067965892020505016454,0.1809053,0.0745606,0.3946383,0.11247659,0.053316362,0.030853426,0.0836321,0.32179028,0.025668751,0.08641589,0.19394287,0.03518593
1.2.826.0.1.3680043.8.498.53587920256280027683523152568832253423,0.535504,0.26854184,0.6826469,0.44311714,0.2018207,0.11686366,0.1466907,0.64411616,0.14145342,0.18982331,0.5069378,0.15338555
1.2.826.0.1.3680043.8.498.53628897373416863107623485630264501760,0.040430482,0.032869842,0.16049607,0.044601448,0.1820728,0.09364892,0.3555499,0.2503351,0.046584006,0.17284873,0.066471785,0.02527603
1.2.826.0.1.3680043.8.498.53649895712172408476570770924813501118,0.046389915,0.039681513,0.3250346,0.07107659,0.48304656,0.22788219,0.6137075,0.36332804,0.08863234,0.27281737,0.059166905,0.029296072
1.2.826.0.1.3680043.8.498.53737349894831365159124471910871800583,0.08377943,0.047758184,0.29505223,0.062264115,0.075583875,0.04467885,0.16441697,0.24855515,0.026944222,0.10025223,0.103740826,0.024813289
1.2.826.0.1.3680043.8.498.53745429232602455103594227782517963027,0.072230764,0.05737494,0.06963336,0.039365694,0.028964082,0.02653117,0.087069966,0.12122661,0.029103952,0.07348162,0.085105784,0.037764896
1.2.826.0.1.3680043.8.498.53792159922324410857755054939229546555,0.07010127,0.060477525,0.06301385,0.037440483,0.030759472,0.029914906,0.10351561,0.10270619,0.031929232,0.07832664,0.0812952,0.04314648
1.2.826.0.1.3680043.8.498.53797236075631231042400235117445767744,0.048644092,0.038819395,0.085432194,0.034746114,0.0464211,0.034325942,0.15366274,0.14331277,0.02657297,0.09885127,0.07222987,0.025712455
1.2.826.0.1.3680043.8.498.53884715696186989798696544661396487883,0.122165434,0.07134633,0.6954129,0.2226164,0.5648803,0.2444485,0.54015887,0.6652817,0.15111436,0.2919895,0.13275474,0.03492955
1.2.826.0.1.3680043.8.498.53893586200869613140666806653041177558,0.07140521,0.05797836,0.07129586,0.040062092,0.029886287,0.027121186,0.09435787,0.1205653,0.02989261,0.0749139,0.090956956,0.04168897
1.2.826.0.1.3680043.8.498.53901077733518036755308692304268815965,0.065446794,0.04798799,0.5407999,0.118069865,0.6025719,0.28171974,0.6445288,0.521607,0.11919388,0.31940496,0.08081112,0.030393204
1.2.826.0.1.3680043.8.498.53963759852017695930808272438606800422,0.067186885,0.055541612,0.065691374,0.037428707,0.030829608,0.028592126,0.09801081,0.11298733,0.030005986,0.077216886,0.078705736,0.037512638
1.2.826.0.1.3680043.8.498.53968943793571323467397128102531786394,0.06539063,0.03853016,0.21419111,0.048982695,0.060345136,0.033519316,0.14415906,0.21504058,0.021544948,0.084639564,0.088434815,0.020923922
1.2.826.0.1.3680043.8.498.54000782656400326230944526201670909133,0.5197884,0.2899839,0.77389354,0.54535866,0.45812201,0.23976292,0.28460017,0.76579267,0.30186802,0.2759529,0.47420937,0.16243422
1.2.826.0.1.3680043.8.498.54030363830629950591221870797594277092,0.20207417,0.08063617,0.3813182,0.11558107,0.048207555,0.03158382,0.0715903,0.32517326,0.0276608,0.09375029,0.23252904,0.03916061
1.2.826.0.1.3680043.8.498.54049224487950229496345484554581532711,0.11710498,0.09794413,0.7061445,0.22545338,0.773587,0.47619656,0.7100136,0.6286427,0.278484,0.4010915,0.10849137,0.052947935
1.2.826.0.1.3680043.8.498.54099199514076260519579096546600505763,0.2014104,0.12464489,0.8431349,0.35484564,0.80801314,0.4831054,0.71060336,0.73314714,0.28370813,0.41304317,0.19123861,0.05711564
1.2.826.0.1.3680043.8.498.54100786607660749952814251186461344633,0.09067331,0.0511113,0.17690995,0.06174514,0.045695722,0.029957678,0.10256156,0.21744359,0.026824063,0.08388402,0.12241531,0.032160178
1.2.826.0.1.3680043.8.498.54101830029742852876183926998159899424,0.051793724,0.045301747,0.065070696,0.03412147,0.039512444,0.03293545,0.15044875,0.11404562,0.029127933,0.08911841,0.07035491,0.03210119
1.2.826.0.1.3680043.8.498.54132814503202891434380002378663763655,0.06121519,0.051223397,0.06912097,0.0361971,0.032877304,0.0292917,0.10870595,0.1155079,0.028902331,0.078779556,0.07522858,0.034199264
1.2.826.0.1.3680043.8.498.54138747504377266740838999528964336002,0.07826381,0.055119675,0.089614846,0.044536885,0.030679306,0.024867784,0.08112631,0.16735536,0.027520327,0.07990908,0.107376814,0.03345342
1.2.826.0.1.3680043.8.498.54142170846176833568961426171739782214,0.06692492,0.05632071,0.5285766,0.13455528,0.6480595,0.3724801,0.60911846,0.56141555,0.17103939,0.4065036,0.09325662,0.038111705
1.2.826.0.1.3680043.8.498.54164004416963296439322252627774426375,0.455876,0.18865854,0.5647519,0.26981217,0.072026946,0.048411414,0.06770481,0.4510563,0.053102113,0.104793616,0.3932356,0.09022027
1.2.826.0.1.3680043.8.498.54202117421897784469771192940597638508,0.5519068,0.26608565,0.5759049,0.36849108,0.10051779,0.06916126,0.07755849,0.5349878,0.09408577,0.12374663,0.47187644,0.13587593
1.2.826.0.1.3680043.8.498.54270039578867689669466339980682684126,0.2278832,0.107019044,0.24089438,0.10526875,0.030955588,0.027310045,0.052888747,0.22931929,0.030912157,0.07329041,0.21876343,0.05444014
1.2.826.0.1.3680043.8.498.54280954106925918796002359856408530043,0.06629682,0.05444081,0.07141555,0.037960656,0.032203805,0.027882831,0.09559422,0.106503546,0.028515715,0.07578935,0.07949718,0.037889156
1.2.826.0.1.3680043.8.498.54306467780023777062920737767581126383,0.6931508,0.40646806,0.7582887,0.60434073,0.26915243,0.16534778,0.15797856,0.7128241,0.23969117,0.20842616,0.6104125,0.22860786
1.2.826.0.1.3680043.8.498.54316764984549863227549326352573342232,0.061338536,0.046825726,0.0809007,0.036703937,0.035200033,0.030053167,0.11263448,0.11832484,0.025333183,0.08168838,0.07901193,0.030287359
1.2.826.0.1.3680043.8.498.54336962625483046366337626878609850219,0.050521404,0.044948004,0.0642963,0.033565547,0.040833876,0.03367232,0.15623645,0.110171296,0.029799169,0.090499684,0.07068079,0.03304919
1.2.826.0.1.3680043.8.498.54374735423703474541190464716308417985,0.11946995,0.056619827,0.42573106,0.09174774,0.08429572,0.043343756,0.1455416,0.32703838,0.02821718,0.10163676,0.13651204,0.025902836
1.2.826.0.1.3680043.8.498.54394066317295451515247748115888976860,0.22695398,0.166269,0.8296762,0.43742254,0.8460506,0.57921463,0.70440024,0.8072478,0.5308975,0.46610716,0.20483965,0.08563446
1.2.826.0.1.3680043.8.498.54427039222108917725902677899081931510,0.06697498,0.056926087,0.0711277,0.037128936,0.03138263,0.029794775,0.10700243,0.1074841,0.030558394,0.076728195,0.0816932,0.04167297
1.2.826.0.1.3680043.8.498.54448516923758211534546401490623824012,0.06343559,0.050196517,0.07325986,0.038114354,0.032733794,0.027819026,0.099544406,0.121270075,0.027707594,0.07896684,0.08098683,0.035176665
1.2.826.0.1.3680043.8.498.54451515695681765924346479727204451807,0.07301729,0.05640106,0.08566063,0.040671118,0.029506855,0.025441613,0.08260658,0.119269304,0.026935212,0.07064636,0.08998944,0.03726017
1.2.826.0.1.3680043.8.498.54482848766921329667469114743547203929,0.0406068,0.03490339,0.25018203,0.05642172,0.3706018,0.17545886,0.54293466,0.3125355,0.07001477,0.24011555,0.058084678,0.027233273
1.2.826.0.1.3680043.8.498.54483132338261866032495309977418409299,0.06358078,0.058512438,0.4490741,0.09746317,0.61431783,0.354425,0.7032733,0.35656658,0.14111339,0.3179849,0.06890011,0.045086604
1.2.826.0.1.3680043.8.498.54539703415639765348239790227512479583,0.046037525,0.035988804,0.1286959,0.035898566,0.0658949,0.04320318,0.21631318,0.15194117,0.027021734,0.10331818,0.06919597,0.025650933
1.2.826.0.1.3680043.8.498.54589880111295324708950851057241927191,0.2795927,0.13866748,0.8072899,0.3831334,0.52010936,0.21092138,0.3975825,0.73675007,0.1796247,0.24868728,0.2520297,0.056436345
1.2.826.0.1.3680043.8.498.54619696938940618755334224550745735815,0.17203234,0.08830783,0.19296582,0.081026495,0.028294697,0.02505759,0.054703794,0.18838868,0.02792921,0.069641754,0.1760653,0.04832542
1.2.826.0.1.3680043.8.498.54628782412849994943720963251113534589,0.43487135,0.18469736,0.4297795,0.23703162,0.059164062,0.043379914,0.058724422,0.44462085,0.054033313,0.09934838,0.36922944,0.08502088
1.2.826.0.1.3680043.8.498.54662745951809363774369202018332309887,0.04805627,0.032862067,0.29260215,0.056258738,0.19920132,0.092234105,0.37289014,0.32878596,0.039618526,0.161875,0.06569781,0.019171372
1.2.826.0.1.3680043.8.498.54669065204808162914386927559244866557,0.040556658,0.033863436,0.16867284,0.04227542,0.15734966,0.08468117,0.39143065,0.21205197,0.041554227,0.15999477,0.060737114,0.025726827
1.2.826.0.1.3680043.8.498.54689086194769265957947122616025330642,0.120799735,0.1048561,0.7404087,0.25467744,0.853129,0.6232449,0.798742,0.6100071,0.37479797,0.4583144,0.10565965,0.06562577
1.2.826.0.1.3680043.8.498.54693572065777563403567480644050627025,0.12779176,0.06522215,0.15278478,0.065181434,0.03128093,0.026033806,0.05880848,0.21164133,0.028093101,0.08969984,0.15957601,0.03923581
1.2.826.0.1.3680043.8.498.54699196872730350880681018674893216245,0.19794342,0.07583497,0.52008754,0.14222208,0.07800041,0.040795673,0.10364853,0.4111451,0.030709647,0.11908686,0.24335477,0.03531893
1.2.826.0.1.3680043.8.498.54711709751232783991855540573189433446,0.07997763,0.05669359,0.59111434,0.14038272,0.70654815,0.3817919,0.716284,0.49096325,0.12522574,0.3526845,0.09179624,0.035288673
1.2.826.0.1.3680043.8.498.54755249425443469939742671497042113665,0.30705968,0.13655561,0.386751,0.15838723,0.04397209,0.03612207,0.05817426,0.31880346,0.04019302,0.09172174,0.3052854,0.06751351
1.2.826.0.1.3680043.8.498.54761306437713414745748829128854749469,0.18702473,0.12479225,0.81414646,0.36132786,0.77617913,0.44427893,0.6599892,0.7623633,0.34650382,0.38154906,0.16658507,0.05640862
1.2.826.0.1.3680043.8.498.54792838438079861454532183998999249213,0.23549612,0.103649504,0.29276586,0.11731006,0.035917938,0.028577615,0.05174975,0.2756348,0.03185848,0.081865564,0.24986942,0.054182567
1.2.826.0.1.3680043.8.498.54833384793167149128371137537527194757,0.36986226,0.20665252,0.8206747,0.4988264,0.659478,0.34055623,0.4478714,0.8115169,0.38405088,0.3269266,0.32939875,0.09876077
1.2.826.0.1.3680043.8.498.54866613282412053616997257524944654864,0.06815968,0.052102674,0.07624167,0.03937091,0.031722765,0.028371781,0.08410946,0.1365387,0.029205047,0.09031717,0.09317714,0.035640042
1.2.826.0.1.3680043.8.498.54977581323931277817074741182670080450,0.089754485,0.06998556,0.6520467,0.17273435,0.6580516,0.34055626,0.6649318,0.5830396,0.1755261,0.33067155,0.09422723,0.03714422
1.2.826.0.1.3680043.8.498.55008913229055942530957507434366806883,0.045074113,0.03651584,0.22395031,0.047946204,0.25960743,0.13558269,0.482945,0.21910757,0.04329479,0.19668767,0.06411151,0.02765057
1.2.826.0.1.3680043.8.498.55015061060346597564205577461227720715,0.0406914,0.033655565,0.099562414,0.03367194,0.07465376,0.047510028,0.23133004,0.16056119,0.0297916,0.11371611,0.05979893,0.02337814
1.2.826.0.1.3680043.8.498.55022631713888448062201243978634363406,0.0476028,0.030621989,0.2687735,0.053429477,0.15536007,0.07225792,0.30818617,0.3180547,0.03365548,0.1526243,0.06893532,0.01773748
1.2.826.0.1.3680043.8.498.55061039227197546099231336400032878562,0.14001808,0.086554356,0.7718349,0.258656,0.76385003,0.42734665,0.7053178,0.6603125,0.19756941,0.38559696,0.15028594,0.04470146
1.2.826.0.1.3680043.8.498.55065105486648830377200570585789726800,0.064716496,0.042324796,0.5377261,0.10186106,0.38171443,0.1553305,0.473664,0.48169783,0.064325534,0.22099832,0.08748158,0.022567183
1.2.826.0.1.3680043.8.498.55067956175569778132589128971795053431,0.06463338,0.04968461,0.08180059,0.040188536,0.033664804,0.026864445,0.09977374,0.15514277,0.027766524,0.08460137,0.09363491,0.030468391
1.2.826.0.1.3680043.8.498.55105303802677863700162285680213496441,0.7292338,0.44961262,0.7552904,0.6381837,0.26400596,0.16998687,0.1442074,0.71782804,0.26426342,0.20637542,0.62758356,0.25213346
1.2.826.0.1.3680043.8.498.55183153701332792661581741475876132309,0.28893876,0.10982632,0.60127294,0.1971843,0.09823198,0.050158754,0.10092188,0.46769243,0.04393286,0.10328747,0.26499844,0.046352822
1.2.826.0.1.3680043.8.498.55202459816190607876303419067810637245,0.26203725,0.09539128,0.6024736,0.17972024,0.093951374,0.045384474,0.10956172,0.44907582,0.035466492,0.107536286,0.25717187,0.041018642
1.2.826.0.1.3680043.8.498.55300053252365037422745072128951402593,0.3421438,0.208494,0.88997567,0.4992923,0.7606652,0.4081073,0.5749019,0.7917332,0.34628636,0.35338715,0.29053643,0.08418455
1.2.826.0.1.3680043.8.498.55332521421041708438748125666498042763,0.21839045,0.1328146,0.84835935,0.3544463,0.73426527,0.36455247,0.6048281,0.73533297,0.23818067,0.3325781,0.19509967,0.054787986
1.2.826.0.1.3680043.8.498.55344075316305815718253234447285669886,0.06480168,0.052775964,0.07244238,0.03707965,0.030465445,0.027879646,0.101122044,0.11412968,0.027852995,0.07627704,0.082137555,0.037817545
1.2.826.0.1.3680043.8.498.55344353927048912237233441917779875587,0.04345396,0.037258893,0.17448123,0.043918196,0.18335946,0.09815125,0.41466403,0.22164181,0.04437951,0.16278891,0.058285736,0.026472472
1.2.826.0.1.3680043.8.498.55346033326903331672579723063380636237,0.07010127,0.060477525,0.06301385,0.037440483,0.030759472,0.029914906,0.10351561,0.10270619,0.031929232,0.07832664,0.0812952,0.04314648
1.2.826.0.1.3680043.8.498.55397602116058381866334455456729470963,0.22055703,0.13190253,0.84741956,0.38068587,0.7970231,0.46608183,0.68608916,0.7391157,0.28210273,0.40042526,0.20813584,0.059095513
1.2.826.0.1.3680043.8.498.55415479446253262335685494509470808516,0.7073195,0.42330688,0.64619404,0.55510587,0.18344459,0.13475293,0.110117435,0.65970224,0.22123326,0.18332191,0.606109,0.24759755
1.2.826.0.1.3680043.8.498.55461938012492393262172182405932212246,0.05465925,0.03690838,0.43535355,0.08809031,0.37934333,0.16592464,0.4995705,0.44739118,0.066451594,0.25226125,0.08090939,0.023406865
1.2.826.0.1.3680043.8.498.55583505147281684100202399148099429721,0.26843458,0.12897035,0.2506869,0.12174746,0.034395363,0.030271849,0.056458764,0.24836332,0.03751183,0.07660758,0.2448982,0.0706839
1.2.826.0.1.3680043.8.498.55586358833903787781826406120068237870,0.04536689,0.033585057,0.335072,0.062892616,0.2812379,0.13288353,0.48499772,0.3355807,0.053094838,0.19813962,0.06555458,0.021972768
1.2.826.0.1.3680043.8.498.55653770127824574123236841437998533498,0.21363147,0.10633442,0.7906856,0.26002222,0.41382325,0.15311815,0.36487448,0.63078827,0.09842355,0.20013456,0.20410936,0.04174798
1.2.826.0.1.3680043.8.498.55687452977471862155042703116192295932,0.041930325,0.034402598,0.12628874,0.034901913,0.09803064,0.06188745,0.28046623,0.15319371,0.028966906,0.12415154,0.06315404,0.024582582
1.2.826.0.1.3680043.8.498.55700532609077428304194916132759352518,0.74861115,0.45853293,0.70878154,0.6130289,0.19925821,0.1444615,0.11187374,0.67485744,0.2355148,0.18468334,0.63369125,0.25671723
1.2.826.0.1.3680043.8.498.55713753582074871470943388423906540792,0.17203614,0.1489834,0.7251896,0.28690606,0.76691395,0.48451534,0.6966882,0.6343797,0.33625448,0.4075202,0.14469892,0.07926674
1.2.826.0.1.3680043.8.498.55729193057949125029301812320609764642,0.046413217,0.034693807,0.26980633,0.05639922,0.33280894,0.16331674,0.52325517,0.2641593,0.048211735,0.22191563,0.06676253,0.025651386
1.2.826.0.1.3680043.8.498.55771181380353653474896884649540028856,0.31857532,0.14059843,0.29002783,0.14634232,0.040105216,0.033710867,0.056089096,0.29294536,0.04039928,0.08053988,0.2537273,0.06589291
1.2.826.0.1.3680043.8.498.55808772152667135571939417929724526296,0.30435613,0.13116503,0.7680542,0.32899916,0.32770887,0.12233493,0.24000327,0.6947538,0.109669365,0.17329112,0.27208742,0.047094148
1.2.826.0.1.3680043.8.498.55850385284038070407841702672827533728,0.06146496,0.03755868,0.15219986,0.045385305,0.05181757,0.03228936,0.13136363,0.22512569,0.02481124,0.09183271,0.08590586,0.020903029
1.2.826.0.1.3680043.8.498.55856308312040330141050707531982127791,0.13716145,0.06411155,0.319179,0.09161666,0.05124688,0.030974573,0.08940879,0.29303345,0.025217164,0.09001121,0.1666875,0.031527445
1.2.826.0.1.3680043.8.498.55861544093014499478739864837675161978,0.29518867,0.137499,0.26214135,0.13267548,0.03497951,0.030267,0.05128608,0.3006491,0.04016797,0.085543066,0.28095514,0.07113208
1.2.826.0.1.3680043.8.498.55887747667305814945719986974538814207,0.4494626,0.18568861,0.44480142,0.257169,0.06919603,0.049134187,0.057223413,0.47587734,0.06337331,0.120524704,0.4111426,0.09558973
1.2.826.0.1.3680043.8.498.55927741980493661714408715886641034285,0.40610605,0.1672187,0.56051886,0.23900487,0.07056499,0.04483039,0.07177794,0.43303955,0.047790803,0.10153005,0.35776353,0.07518236
1.2.826.0.1.3680043.8.498.55930031395651221279170435293900769500,0.048264813,0.041502878,0.3770692,0.07621131,0.47427177,0.2254211,0.599289,0.37495953,0.08624558,0.25911364,0.062749244,0.028919274
1.2.826.0.1.3680043.8.498.55971152627433130850649668964887611410,0.096469186,0.04894155,0.6114043,0.13665536,0.29475197,0.11556923,0.3467144,0.5290098,0.054808617,0.21728344,0.13957773,0.024762932
1.2.826.0.1.3680043.8.498.55971241672517044174019654998425819738,0.0408157,0.034846243,0.09299868,0.03414348,0.073714055,0.04771956,0.2451754,0.14776978,0.030019242,0.111197926,0.06239144,0.026119174
1.2.826.0.1.3680043.8.498.55991293001848799160041967098772087659,0.28692988,0.2127773,0.86318153,0.4941341,0.85341245,0.5668737,0.6987928,0.79750854,0.52523375,0.44073611,0.2246022,0.094289996
1.2.826.0.1.3680043.8.498.56016606949603829995818303105991224499,0.26621956,0.12657666,0.5605844,0.22484568,0.14440683,0.07373319,0.15260029,0.55443704,0.07403982,0.17653553,0.32781878,0.067429975
1.2.826.0.1.3680043.8.498.56045687004558569005240775213510192805,0.35319722,0.16010424,0.31036034,0.16882603,0.0408443,0.036101777,0.05493934,0.3168615,0.04552061,0.084370226,0.29167497,0.07476843
1.2.826.0.1.3680043.8.498.56054334296747411394367010227992359191,0.12793382,0.11249268,0.74403703,0.27121407,0.84050894,0.56047034,0.7581986,0.6739088,0.36854678,0.4513142,0.11540928,0.063051514
1.2.826.0.1.3680043.8.498.56061505201159269536816810086342635391,0.5597771,0.25900918,0.5678334,0.34955984,0.08726111,0.06181841,0.06910083,0.5105655,0.0817798,0.11158931,0.4445564,0.11388496
1.2.826.0.1.3680043.8.498.56091473614612257999053529249190958828,0.44248942,0.17800425,0.6678795,0.301989,0.104473285,0.05687807,0.09006837,0.52548254,0.058578067,0.119410165,0.39387825,0.080169834
1.2.826.0.1.3680043.8.498.56146582420561901778012523946835033628,0.10476841,0.05083925,0.32255787,0.08380131,0.08770225,0.048053034,0.1591193,0.3045685,0.027245302,0.12801664,0.14382114,0.027681734
1.2.826.0.1.3680043.8.498.56156923369480999484275191793049573490,0.42254394,0.24275026,0.84358275,0.5560693,0.67537177,0.3608288,0.48311323,0.80380946,0.38123757,0.34284937,0.37472,0.12062242
1.2.826.0.1.3680043.8.498.56170570792418244380186761574367557535,0.11390345,0.07854416,0.72406554,0.20714083,0.7714168,0.4539946,0.73332274,0.59651315,0.18966874,0.38760456,0.11459168,0.04109079
1.2.826.0.1.3680043.8.498.56188634971310070481285525830793231849,0.53916836,0.2521344,0.608352,0.38241196,0.1190456,0.07423303,0.09102602,0.5669067,0.096520774,0.13266574,0.48039943,0.12944816
1.2.826.0.1.3680043.8.498.56216873861595017403772627709751840588,0.11981072,0.059808772,0.62184536,0.13567284,0.24731301,0.09288493,0.3094325,0.47474074,0.045522314,0.15191567,0.13254091,0.026335096
1.2.826.0.1.3680043.8.498.56266280744044680626884459696038109616,0.14754337,0.06453193,0.3896622,0.09334028,0.061957315,0.036650784,0.105413094,0.29499885,0.026590977,0.08855029,0.15908433,0.030564034
1.2.826.0.1.3680043.8.498.56269695574661037525483516531194514456,0.09149379,0.06780681,0.6750744,0.19076471,0.755482,0.41850275,0.71892494,0.6262512,0.2076635,0.39549896,0.102275126,0.04161947
1.2.826.0.1.3680043.8.498.56305445410093481072159375249067050124,0.06544166,0.048360765,0.078779206,0.039037168,0.03267117,0.028180888,0.08613404,0.14550163,0.028520599,0.09416604,0.09353432,0.033428214
1.2.826.0.1.3680043.8.498.56385473079196655120993854770623075553,0.61691004,0.3481075,0.7823756,0.58278537,0.3629321,0.1979361,0.22383524,0.7441757,0.25760242,0.2392454,0.55425936,0.19446757
1.2.826.0.1.3680043.8.498.56428314239264997930645427543149285770,0.21332094,0.09790604,0.43356156,0.1717389,0.104374796,0.054910053,0.13492754,0.44250715,0.04947153,0.13912682,0.24145749,0.0503986
1.2.826.0.1.3680043.8.498.56474364950531483257947155855279443851,0.067828774,0.05594682,0.06619229,0.038310245,0.030627456,0.02776443,0.09754582,0.11242836,0.029758716,0.07708435,0.08099741,0.03738079
1.2.826.0.1.3680043.8.498.56497268548664917337130798701015887461,0.08687622,0.051627893,0.14204049,0.05523122,0.038029674,0.028235776,0.090060934,0.20795886,0.025744127,0.085664436,0.116360694,0.030245684
1.2.826.0.1.3680043.8.498.56506415277488978301157490514745400410,0.06160245,0.04160971,0.29187477,0.07799381,0.23783258,0.11920917,0.34399137,0.4104075,0.066580355,0.21260394,0.099680446,0.028672244
1.2.826.0.1.3680043.8.498.56512564464301544960446419143135447363,0.09640499,0.08594712,0.64801717,0.1969663,0.83024347,0.5878974,0.80339134,0.53912735,0.31258282,0.43746436,0.087434985,0.05994327
1.2.826.0.1.3680043.8.498.56513276339820682030546599321915304265,0.60375786,0.3006637,0.5302264,0.37402344,0.08296206,0.065692864,0.063344955,0.522531,0.09933461,0.12024223,0.48589623,0.14645928
1.2.826.0.1.3680043.8.498.56564801707939049324472369774251260607,0.07100544,0.05520579,0.07799191,0.038768712,0.02957267,0.027216805,0.09478401,0.11452755,0.02760152,0.07485013,0.08630272,0.038139675
1.2.826.0.1.3680043.8.498.56575942633137496743464648679775042979,0.052907683,0.03498348,0.39760393,0.080566496,0.3373454,0.14155112,0.44531047,0.43744993,0.060653456,0.21990483,0.07391376,0.02024216
1.2.826.0.1.3680043.8.498.56628956454784173189908113425348977923,0.13813789,0.06963599,0.21129869,0.07167699,0.031532805,0.024868084,0.06479353,0.19476803,0.024149626,0.070261784,0.15194045,0.037591726
1.2.826.0.1.3680043.8.498.56686055146646210144964207684044815006,0.05105946,0.046755627,0.064044036,0.034340795,0.043832965,0.03633447,0.17292126,0.10804163,0.03169219,0.09649116,0.07011105,0.034405004
1.2.826.0.1.3680043.8.498.56715311294415711253166312546942356882,0.06502567,0.0489216,0.085218385,0.038434476,0.032577075,0.027868958,0.103742,0.1335419,0.02652028,0.07834263,0.080629826,0.03077889
1.2.826.0.1.3680043.8.498.56751453017492477106384704540803963879,0.30278447,0.13074042,0.7567307,0.3216907,0.31853667,0.12342527,0.24179323,0.68898255,0.10878349,0.19070324,0.28342792,0.050814968
1.2.826.0.1.3680043.8.498.56762592839620371588520593573846414860,0.15651911,0.06611109,0.6052201,0.16001162,0.16630585,0.070485204,0.1965526,0.5066067,0.04422817,0.17345707,0.21111137,0.0316099
1.2.826.0.1.3680043.8.498.56786556618312090924315296993756843070,0.10161366,0.052363545,0.36742878,0.09519581,0.11030428,0.055063095,0.1859262,0.3832576,0.036534116,0.14550644,0.14964966,0.02850997
1.2.826.0.1.3680043.8.498.56796622077427019119540733986070534126,0.10237733,0.09167507,0.68414384,0.21156538,0.83533305,0.605423,0.7999153,0.5645575,0.3381947,0.44203556,0.09251624,0.061688807
1.2.826.0.1.3680043.8.498.56798070549054124854685511360777559033,0.23887694,0.11608202,0.7712263,0.32876483,0.48408008,0.19489925,0.4069501,0.7127473,0.15676662,0.25389287,0.22835654,0.050231956
1.2.826.0.1.3680043.8.498.56814987912934301686833132930648230999,0.21907018,0.14550795,0.8339713,0.40145448,0.81466967,0.5044631,0.6641066,0.8013965,0.44022453,0.40756196,0.18886608,0.06641872
1.2.826.0.1.3680043.8.498.56839374698050163738039760889156066445,0.038768288,0.030290408,0.16677354,0.04255767,0.16444801,0.083224475,0.34940082,0.24936254,0.03876165,0.15973432,0.057590418,0.021049209
1.2.826.0.1.3680043.8.498.56880070152758706555016296832842012883,0.04380023,0.030408822,0.19938122,0.044287458,0.14362858,0.07485917,0.3100625,0.2225566,0.028610026,0.1499698,0.06806845,0.020456228
1.2.826.0.1.3680043.8.498.56882015310689536014061315110969323429,0.123741284,0.07888343,0.75581694,0.21244329,0.66053325,0.29904187,0.6089259,0.6411206,0.14394002,0.29933363,0.12746239,0.036249887
1.2.826.0.1.3680043.8.498.56893426177755960410197244250599230068,0.28066972,0.13777524,0.8426009,0.37642017,0.5997789,0.27984163,0.4939124,0.7283211,0.18422161,0.30573812,0.28196642,0.060164835
1.2.826.0.1.3680043.8.498.56894990686683651282564584582335346350,0.04608112,0.036801826,0.24504775,0.05057956,0.28208482,0.1471358,0.5013985,0.23526852,0.045703948,0.20009203,0.06490887,0.027476558
1.2.826.0.1.3680043.8.498.56915079210789596803972894081756325026,0.17397475,0.11532294,0.8165138,0.30857655,0.79106176,0.46753585,0.71417624,0.67596245,0.24807689,0.39044058,0.162175,0.053855028
1.2.826.0.1.3680043.8.498.56939860329243258146102948466697018543,0.04850719,0.04278776,0.13644393,0.040670086,0.11228267,0.07690282,0.34467003,0.15705927,0.04367077,0.14153282,0.06771116,0.03429784
1.2.826.0.1.3680043.8.498.56945039212126810522718038626526579591,0.13811857,0.09234395,0.7772399,0.27162915,0.81929535,0.51800144,0.7512418,0.6699318,0.25071183,0.42892045,0.14005104,0.04866367
1.2.826.0.1.3680043.8.498.56989113744241846544086409786820246754,0.1530354,0.08831198,0.7923553,0.24086651,0.60367537,0.24951348,0.5483246,0.66032296,0.13131694,0.27704236,0.15762816,0.037408065
1.2.826.0.1.3680043.8.498.56991590802231436015843619633497607680,0.07715691,0.06960959,0.6179479,0.1551752,0.69650555,0.40216035,0.73712707,0.4928412,0.18842262,0.33978435,0.080433816,0.043992903
1.2.826.0.1.3680043.8.498.56993108275828399240508695615212151102,0.105726525,0.053780448,0.5464637,0.11837074,0.21897729,0.08639344,0.29381138,0.47947967,0.046530984,0.15697743,0.116001174,0.022849811
1.2.826.0.1.3680043.8.498.56995522547527264862064392266001620445,0.066745155,0.05607087,0.06614713,0.03693193,0.030800726,0.0283254,0.09450414,0.11067605,0.030230587,0.07445476,0.07943071,0.039073788
1.2.826.0.1.3680043.8.498.57064618560116981041722203028857007300,0.04460432,0.03392631,0.14660938,0.03882463,0.11524118,0.06638851,0.2976268,0.203457,0.034214806,0.12540686,0.059068806,0.022838358
1.2.826.0.1.3680043.8.498.57074072196714325300896734167161517369,0.07533293,0.039562136,0.46685597,0.092340596,0.26373062,0.11422954,0.38814068,0.3940541,0.040244848,0.19566777,0.10437707,0.021878598
1.2.826.0.1.3680043.8.498.57084445429567494093960261980941917499,0.0964169,0.04473098,0.4352015,0.08936203,0.09744598,0.046851184,0.16358136,0.37219617,0.026872205,0.13415268,0.14781713,0.023396546
1.2.826.0.1.3680043.8.498.57091203959244495164081406481825915856,0.06233582,0.04562378,0.075361885,0.039332062,0.035742894,0.029429605,0.09234491,0.15767947,0.028498478,0.0980661,0.09059547,0.030475928
1.2.826.0.1.3680043.8.498.57160448024145680660335079050450776852,0.22123061,0.10045834,0.25710937,0.12304655,0.04762204,0.034388095,0.073565505,0.3065591,0.035485044,0.09510928,0.23175614,0.055637978
1.2.826.0.1.3680043.8.498.57239450717434070615919278253974598533,0.081396416,0.06315649,0.074703984,0.041619904,0.026966559,0.026217315,0.082939185,0.115816504,0.029351536,0.07063686,0.094373316,0.04414436
1.2.826.0.1.3680043.8.498.57316522861709598765962486949846744486,0.10456024,0.08110491,0.70656526,0.22229354,0.78298855,0.46191925,0.7165695,0.68324727,0.2901,0.39268586,0.10371294,0.04296096
1.2.826.0.1.3680043.8.498.57342523828166309133982222435655662667,0.1713556,0.07500424,0.6237174,0.19451834,0.2257361,0.085387155,0.25217345,0.5606233,0.0610648,0.15864918,0.17716104,0.030961117
1.2.826.0.1.3680043.8.498.57348281565196196401055821640494904475,0.06371561,0.037668843,0.3491512,0.07946915,0.14742264,0.06825589,0.18749906,0.4371612,0.041578088,0.18085988,0.11393164,0.020902257
1.2.826.0.1.3680043.8.498.57406640473235989459885313797729459197,0.08816677,0.054182556,0.5140208,0.13895556,0.43928346,0.19470863,0.48821968,0.5636044,0.108625144,0.28294295,0.12199485,0.034202177
1.2.826.0.1.3680043.8.498.57491375928585600499323136123872536597,0.041295297,0.034279175,0.14121847,0.03647519,0.11910582,0.06971439,0.32181475,0.18132438,0.03595647,0.13042274,0.057808895,0.025435876
1.2.826.0.1.3680043.8.498.57537915810250993237120953960404180449,0.044629496,0.04201513,0.08057486,0.034233715,0.07034151,0.050813396,0.25788537,0.12284277,0.034664266,0.116671175,0.06533759,0.032608114
1.2.826.0.1.3680043.8.498.57615268093937994500995086275007694564,0.09885032,0.0480015,0.36117527,0.08114646,0.080185376,0.038865183,0.14397876,0.35464746,0.026267337,0.102244906,0.121490024,0.021623492
1.2.826.0.1.3680043.8.498.57703608122587911055931213603182679454,0.2802199,0.121223666,0.80671763,0.3286674,0.44190785,0.1815252,0.37636012,0.6622985,0.10945305,0.24316283,0.27693588,0.050421387
1.2.826.0.1.3680043.8.498.57768539239475064336346600805236336044,0.084691286,0.040888537,0.326794,0.069127105,0.08905635,0.045454364,0.17810273,0.27826732,0.022361394,0.11625029,0.11507545,0.021084286
1.2.826.0.1.3680043.8.498.57775389384191131322519457853517177210,0.03877511,0.034954976,0.16504514,0.04392024,0.19889174,0.10394483,0.4552817,0.20514569,0.047647234,0.17501225,0.05803385,0.028782507
1.2.826.0.1.3680043.8.498.57789603189240866041812385320399435864,0.6161124,0.3129568,0.5969861,0.43081644,0.108846374,0.07827288,0.07673791,0.57971424,0.1140741,0.13448155,0.5283789,0.15817872
1.2.826.0.1.3680043.8.498.57802887045514681373294932749517914959,0.18438709,0.086468056,0.2939194,0.10535465,0.045393404,0.030089425,0.07227433,0.3353766,0.032037787,0.09507658,0.22762501,0.04331243
1.2.826.0.1.3680043.8.498.57811199787891897795884073594875380873,0.04042765,0.03015812,0.15956128,0.038646996,0.11226005,0.05936138,0.2683075,0.22207266,0.031348277,0.13151857,0.061822217,0.02086129
1.2.826.0.1.3680043.8.498.57829173797358025677240411871600928097,0.04031756,0.034516525,0.13455838,0.036307275,0.116406165,0.06763422,0.3200812,0.18425305,0.035702083,0.13160895,0.058984727,0.025010265
1.2.826.0.1.3680043.8.498.57836524675365700674244122764523161699,0.132968,0.05867775,0.3512305,0.08135087,0.060631137,0.039774723,0.11309157,0.23968859,0.026594458,0.08922263,0.13961083,0.029040422
1.2.826.0.1.3680043.8.498.57845032486422442404222046144765204905,0.06319089,0.052020617,0.06811311,0.035912637,0.031843014,0.02867919,0.10033614,0.11507515,0.028588101,0.07672109,0.07832275,0.035854165
1.2.826.0.1.3680043.8.498.57859543314667538612269642333387175763,0.18181296,0.113008045,0.8220498,0.31702816,0.79500943,0.46965283,0.70105946,0.70621425,0.25833476,0.3925154,0.17038135,0.049270872
1.2.826.0.1.3680043.8.498.57882532838957577543516026386452055977,0.33899114,0.12703456,0.6118891,0.22321573,0.087489024,0.046202354,0.09064009,0.4584044,0.041023146,0.10941353,0.31693083,0.05798982
1.2.826.0.1.3680043.8.498.57917634151851433037090858498504057826,0.088588454,0.08026845,0.6326555,0.16547902,0.7608691,0.50788695,0.76439923,0.49112388,0.24644262,0.39527014,0.08594607,0.054739434
1.2.826.0.1.3680043.8.498.57951268100539350409054562078476694936,0.042703096,0.033449844,0.17561938,0.04030186,0.16548677,0.09016,0.3794918,0.18649335,0.03285189,0.15613608,0.06279108,0.024573311
1.2.826.0.1.3680043.8.498.57960501042895683580303516749157258348,0.47304,0.23656788,0.85036236,0.5367852,0.5163713,0.22664423,0.30798507,0.78055394,0.2541026,0.22890225,0.384311,0.095221646
1.2.826.0.1.3680043.8.498.58051085126748057986491277367254533832,0.21494512,0.12281069,0.68630844,0.31044948,0.5479784,0.2826757,0.48360965,0.6993458,0.22475995,0.35483474,0.25314155,0.07638196
1.2.826.0.1.3680043.8.498.58143227319316521737029358930629086887,0.059840687,0.050612457,0.06816644,0.034866586,0.03369696,0.030000066,0.112483725,0.10931397,0.028598174,0.080605246,0.07712761,0.03763912
1.2.826.0.1.3680043.8.498.58167256197067081436345136244032069163,0.1597072,0.06654676,0.5090168,0.11721381,0.092831224,0.047644433,0.13489886,0.36780602,0.03211866,0.10173163,0.16658303,0.02976147
1.2.826.0.1.3680043.8.498.58250779958866595505585700517927225230,0.17133684,0.0803862,0.18668059,0.08516113,0.033079885,0.02682226,0.053079017,0.2476725,0.030480364,0.089191616,0.19396052,0.044748027
1.2.826.0.1.3680043.8.498.58261214953729037661916565473101636690,0.3435251,0.1360591,0.45192567,0.19899142,0.06381514,0.041889008,0.06114474,0.45117626,0.046965163,0.11459734,0.34899428,0.06748123
1.2.826.0.1.3680043.8.498.58280111882249056715877316026191844548,0.04643711,0.03934197,0.09395011,0.033939276,0.063154235,0.046578426,0.20923059,0.13188352,0.030930813,0.100921705,0.060275085,0.027382782
1.2.826.0.1.3680043.8.498.58280349821647977336008109443058641195,0.05366529,0.04817867,0.060743414,0.03461797,0.038232744,0.032773804,0.14737071,0.107351854,0.030210929,0.08751489,0.071230784,0.03418153
1.2.826.0.1.3680043.8.498.58298767414933858487578597918936525600,0.06717432,0.05588747,0.06748988,0.03770062,0.030024102,0.027694436,0.093973145,0.11378383,0.029606944,0.07475298,0.08060816,0.03797141
1.2.826.0.1.3680043.8.498.58346459085553680879151588730895136332,0.045276407,0.03779042,0.09166397,0.033102695,0.052248526,0.03613811,0.16569118,0.15648472,0.028575702,0.098628804,0.07217982,0.025728393
1.2.826.0.1.3680043.8.498.58366682083795592678613986311570432419,0.119627,0.06357503,0.14386055,0.06604009,0.031693716,0.025894847,0.05889939,0.21786456,0.028044144,0.0904685,0.15659137,0.03825882
1.2.826.0.1.3680043.8.498.58381033890285289577066078050126251787,0.40065667,0.17645136,0.4635256,0.22616616,0.05998643,0.042383485,0.0633257,0.4573112,0.054570217,0.10800288,0.39793295,0.087183036
1.2.826.0.1.3680043.8.498.58404766256608483217059706069436050741,0.056417156,0.042054676,0.10326108,0.037148617,0.04000099,0.029431826,0.12581462,0.15361641,0.024445778,0.08300391,0.077810265,0.025798576
1.2.826.0.1.3680043.8.498.58416798660375193103814365795347286292,0.39962476,0.17485936,0.3411264,0.18714634,0.049025908,0.042530924,0.058737345,0.32535037,0.05271082,0.091589086,0.3081744,0.08665064
1.2.826.0.1.3680043.8.498.58475208045272914292874190001248518687,0.620891,0.3101301,0.7361719,0.5095689,0.20127057,0.1136198,0.12600537,0.67328453,0.15069588,0.16063023,0.5311879,0.14917636
1.2.826.0.1.3680043.8.498.58482152742263188503728990365891896621,0.059439123,0.046373703,0.076796815,0.037708864,0.034136914,0.02918641,0.09535329,0.14030676,0.027783604,0.09416211,0.08739911,0.032088242
1.2.826.0.1.3680043.8.498.58482779112389764165599701941310919660,0.28271076,0.112188324,0.33479342,0.14677122,0.047485664,0.03372511,0.05464542,0.36434105,0.038185474,0.1011082,0.29006904,0.05756346
1.2.826.0.1.3680043.8.498.58522891982092784622515590012748600644,0.31881404,0.12369528,0.70590544,0.2492348,0.14591593,0.061524466,0.13344872,0.54438597,0.05194829,0.12478775,0.29068887,0.049094833
1.2.826.0.1.3680043.8.498.58550899000434548218916895907938175917,0.37561122,0.14542478,0.64274883,0.26551366,0.13352504,0.069669284,0.12911896,0.5149884,0.056534767,0.14747022,0.3733642,0.0702925
1.2.826.0.1.3680043.8.498.58585441284202143792468863402617212167,0.0655199,0.054828983,0.06612281,0.03625143,0.031445384,0.028745921,0.097441114,0.11010719,0.030237552,0.07523869,0.07841043,0.038593583
1.2.826.0.1.3680043.8.498.58604600600114899516493668210902251434,0.077914074,0.042681683,0.23742647,0.06880411,0.07454278,0.040247574,0.11571018,0.35568297,0.031350464,0.13900913,0.13276301,0.024507215
1.2.826.0.1.3680043.8.498.58626635384305289939700801774393536415,0.08157499,0.052466165,0.10502122,0.04719569,0.030743776,0.024817575,0.08321415,0.16017249,0.02488933,0.07700579,0.10255691,0.030923583
1.2.826.0.1.3680043.8.498.58634494571833713296574414948455471101,0.4404933,0.1965076,0.39138398,0.24014229,0.05640786,0.043184694,0.06042093,0.42084756,0.056141883,0.101858675,0.38359484,0.09759076
1.2.826.0.1.3680043.8.498.58654915518882480245974544469656013058,0.07145241,0.041847125,0.50907326,0.09156319,0.2733038,0.113526285,0.3916997,0.42933327,0.047862496,0.17488207,0.08820962,0.020981636
1.2.826.0.1.3680043.8.498.58685941646495891824559391997783302656,0.08423754,0.06677369,0.57708883,0.1529726,0.7708203,0.4916549,0.7697309,0.4862199,0.17572354,0.41017368,0.092791624,0.045543164
1.2.826.0.1.3680043.8.498.58710813820037448352310278234947865485,0.28520384,0.13202567,0.7927007,0.36542842,0.45265296,0.1770931,0.33168298,0.72622335,0.1540538,0.22182705,0.2539446,0.05192192
1.2.826.0.1.3680043.8.498.58728013757221328590898166513995249334,0.10030546,0.08866961,0.70847994,0.2166598,0.796821,0.51948786,0.7899524,0.5835483,0.28377655,0.4051388,0.09512394,0.052856416
1.2.826.0.1.3680043.8.498.58739535411760425418941874065260802744,0.07442513,0.0608916,0.06561023,0.041700903,0.028268173,0.026319763,0.090665564,0.117138594,0.030267859,0.075049594,0.089765705,0.041716836
1.2.826.0.1.3680043.8.498.58749835013162544157291112101941849646,0.5851978,0.30452463,0.62940973,0.4547658,0.16351011,0.102691,0.11163339,0.62566787,0.14383334,0.15823431,0.52152294,0.16921543
1.2.826.0.1.3680043.8.498.58768083117076186082335984587845964130,0.22181116,0.104877755,0.19051553,0.09668239,0.03122695,0.027074585,0.0561623,0.22499837,0.032398324,0.07352365,0.20088892,0.05215767
1.2.826.0.1.3680043.8.498.58776844157027040145262759105410792687,0.57366675,0.25995502,0.6186001,0.3587482,0.0939018,0.067158006,0.07617193,0.50752825,0.078370936,0.12604932,0.50459826,0.12636568
1.2.826.0.1.3680043.8.498.58811528407321581206563412079643094538,0.06094715,0.048680007,0.08567495,0.036197796,0.03399112,0.029757494,0.10937731,0.124025725,0.027659945,0.07616381,0.0774109,0.032839097
1.2.826.0.1.3680043.8.498.58835863392949696556026907211309159182,0.100990586,0.075832166,0.70890015,0.17783631,0.63646716,0.3448432,0.62836033,0.56251043,0.17060155,0.3115891,0.103441805,0.03800421
1.2.826.0.1.3680043.8.498.58857477075095368361468658035369975572,0.0681399,0.04147269,0.5505179,0.11181134,0.419566,0.17976262,0.48708653,0.51069325,0.069668226,0.26460725,0.10376513,0.024349289
1.2.826.0.1.3680043.8.498.58888406752590566453001353089284177456,0.4976364,0.2092516,0.5332494,0.29896381,0.078203574,0.052700285,0.069018535,0.49365154,0.06500195,0.10596139,0.40087265,0.08963535
1.2.826.0.1.3680043.8.498.58925843611945635442423587804169242644,0.24776226,0.11940459,0.26058862,0.12394035,0.038267307,0.028819306,0.055546127,0.32710615,0.037109718,0.08814581,0.2704419,0.060907274
1.2.826.0.1.3680043.8.498.58965370475364247222892582428665460530,0.080098026,0.062356118,0.07149333,0.042511895,0.027475486,0.026905168,0.08312631,0.120907016,0.030195324,0.07224548,0.08788242,0.038624324
1.2.826.0.1.3680043.8.498.59021913092219789232890327780064145948,0.6686927,0.35526332,0.64145917,0.48307216,0.12919809,0.092118464,0.08373446,0.60063803,0.14063556,0.13936616,0.54352784,0.1695204
1.2.826.0.1.3680043.8.498.59047534248122071167153110802170658177,0.26432142,0.13616224,0.20097828,0.11320496,0.03187858,0.03162508,0.053669456,0.21734494,0.041531898,0.07525352,0.22000593,0.07086919
1.2.826.0.1.3680043.8.498.59048646289883992375610835845636263714,0.054467168,0.045544382,0.07291446,0.0346275,0.037998002,0.032095898,0.12955084,0.12379584,0.02835823,0.084160276,0.06917957,0.029760309
1.2.826.0.1.3680043.8.498.59073122184069676919857712290159511305,0.21709669,0.14193502,0.8531712,0.39027336,0.85155267,0.56189895,0.74558526,0.74811554,0.35801518,0.4459494,0.19649014,0.06723322
1.2.826.0.1.3680043.8.498.59098825208018364061073394433706021769,0.06629682,0.05444081,0.07141555,0.037960656,0.032203805,0.027882831,0.09559422,0.106503546,0.028515715,0.07578935,0.07949718,0.037889156
1.2.826.0.1.3680043.8.498.59126324546257448818397467078224944768,0.049516104,0.03991245,0.36696333,0.07813508,0.51584655,0.2512674,0.636538,0.38075587,0.09077981,0.30093953,0.0683864,0.03067136
1.2.826.0.1.3680043.8.498.59140342594072117638979402278277248612,0.08710843,0.05276676,0.15787809,0.05740875,0.042071287,0.028282916,0.094525814,0.24406375,0.026238093,0.093287736,0.1287658,0.029058095
1.2.826.0.1.3680043.8.498.59254379036462832374262221063106167294,0.09221404,0.06412574,0.10876731,0.048499662,0.027468162,0.024344835,0.0706424,0.13222635,0.02656224,0.06848784,0.1079401,0.038544063
1.2.826.0.1.3680043.8.498.59262240088132401543519466539885561578,0.12501825,0.07608589,0.1258139,0.060414944,0.026733397,0.023980029,0.062672466,0.18647291,0.02880107,0.0738727,0.14638951,0.04263916
1.2.826.0.1.3680043.8.498.59309239681970150083311665704264518844,0.09664398,0.04546869,0.3637712,0.081339054,0.0859467,0.04143824,0.15420738,0.3555124,0.027123557,0.10515116,0.11603014,0.020921417
1.2.826.0.1.3680043.8.498.59394856717216352192037635065925607933,0.039425336,0.03302927,0.112696186,0.035929404,0.09730013,0.05779189,0.2979831,0.16373372,0.03314716,0.12931,0.06055506,0.025612283
1.2.826.0.1.3680043.8.498.59420153636832938628088507776889305823,0.038265437,0.03104712,0.19060181,0.043888614,0.21418892,0.10385197,0.4179067,0.2600714,0.0451605,0.1790865,0.055934392,0.022672359
1.2.826.0.1.3680043.8.498.59426134288436219215525445839849588348,0.26247513,0.12132274,0.29844314,0.13119452,0.03837138,0.02897818,0.056105066,0.3234025,0.035979204,0.08761732,0.2768389,0.060408164
1.2.826.0.1.3680043.8.498.59449702487184611096113620550399616423,0.11143483,0.05528742,0.23968849,0.065163456,0.039413407,0.028099474,0.089788936,0.19636898,0.022416284,0.0746232,0.12811296,0.03134192
1.2.826.0.1.3680043.8.498.59475691595504590121311599301170361869,0.53825444,0.23003381,0.5887095,0.32816482,0.08950505,0.06215176,0.07513108,0.49356535,0.06776705,0.12444728,0.47537154,0.108008064
1.2.826.0.1.3680043.8.498.59476657510212258499047356518058209126,0.063852854,0.050435156,0.50685185,0.12220382,0.66902816,0.3624814,0.70171344,0.49633056,0.15069708,0.37449712,0.079877205,0.036277283
1.2.826.0.1.3680043.8.498.59483999067816153759785789654766826710,0.41220912,0.17067356,0.47177836,0.22316206,0.057682384,0.042834394,0.058105007,0.41838077,0.04936875,0.10597503,0.39285958,0.08446677
1.2.826.0.1.3680043.8.498.59511171909586924989766685687032462369,0.0618553,0.053356394,0.06267041,0.036654465,0.032316614,0.02984218,0.10580722,0.10611186,0.03031836,0.08108936,0.076968946,0.038480848
1.2.826.0.1.3680043.8.498.59527896591755229337596505685198957637,0.051761005,0.044099778,0.08793346,0.035579666,0.055811044,0.043548957,0.19648975,0.13460395,0.03111735,0.10139553,0.067363285,0.029349437
1.2.826.0.1.3680043.8.498.59533384841491000088839469462294817273,0.11279576,0.09983513,0.7262423,0.22950928,0.81326383,0.5717474,0.77353257,0.58218825,0.3313737,0.4294024,0.1024506,0.06121688
1.2.826.0.1.3680043.8.498.59646951619367295963072805933618947027,0.04214004,0.035485074,0.14506797,0.040232707,0.14092942,0.080531776,0.35655802,0.20276487,0.038503803,0.14802638,0.058882896,0.025051564
1.2.826.0.1.3680043.8.498.59680220055968160813801840287391339651,0.21821816,0.089031935,0.4377679,0.16108736,0.09020476,0.046880763,0.09194217,0.47192815,0.044740085,0.14466922,0.27271006,0.046214197
1.2.826.0.1.3680043.8.498.59708410902079108538978687294461753235,0.31149372,0.14117606,0.749303,0.3503838,0.3331116,0.13705423,0.27234423,0.68073225,0.1232281,0.20680247,0.3021581,0.06522576
1.2.826.0.1.3680043.8.498.59758232061190668535098343218115599228,0.092515856,0.05946161,0.100112125,0.049472876,0.028157659,0.025136229,0.07575583,0.1579272,0.02649957,0.0708417,0.10531874,0.034834918
1.2.826.0.1.3680043.8.498.59826277112503440743678968423276737254,0.06209355,0.053110138,0.064468995,0.03538976,0.034451094,0.031347495,0.11564491,0.10659269,0.030481996,0.0824424,0.07459851,0.037319317
1.2.826.0.1.3680043.8.498.59828592894392286103154555572376381359,0.2285804,0.091170885,0.6903216,0.21533251,0.19157867,0.074738406,0.18536304,0.5728252,0.056796275,0.14377679,0.23010786,0.03694585
1.2.826.0.1.3680043.8.498.59835677513721120155185666132462195647,0.07417539,0.059024192,0.07573443,0.040546354,0.028321441,0.025628293,0.08558514,0.12899052,0.029263524,0.07429343,0.09333329,0.037245456
1.2.826.0.1.3680043.8.498.59864697179957009967756900038846073439,0.055736583,0.035321828,0.43912515,0.08117011,0.34659484,0.14071164,0.4641261,0.39935687,0.05038616,0.19522649,0.076199226,0.021621384
1.2.826.0.1.3680043.8.498.59923507410103964137819195926587517759,0.16293544,0.14097331,0.79829603,0.358678,0.8970009,0.70833206,0.8253512,0.70658225,0.52966404,0.52431,0.13598521,0.087537445
1.2.826.0.1.3680043.8.498.59932425615255727459402684084295081504,0.055459682,0.044435665,0.07464313,0.03370338,0.03797181,0.03332942,0.12868756,0.105443835,0.027977802,0.085078,0.07181959,0.032447446
1.2.826.0.1.3680043.8.498.59938475193950583662125713924156951751,0.04668075,0.040675804,0.32628354,0.070826136,0.4832977,0.23239943,0.61642027,0.36314237,0.0912286,0.27818605,0.060731668,0.03011115
1.2.826.0.1.3680043.8.498.59939977812549570931951749553467050226,0.076237,0.06306679,0.5351826,0.12881698,0.7125264,0.42461848,0.73217213,0.44327867,0.14422381,0.3710036,0.08488747,0.04147958
1.2.826.0.1.3680043.8.498.59948559729295284519115137429127740378,0.03933264,0.031805415,0.11647186,0.037066072,0.09425562,0.057209905,0.20357114,0.22694632,0.03438003,0.15447319,0.07342102,0.02340865
1.2.826.0.1.3680043.8.498.59954207362160100069708115719895503197,0.53778726,0.24559337,0.6332663,0.38368395,0.11631598,0.07412447,0.09160105,0.5831659,0.09371453,0.14510714,0.4885896,0.1221694
1.2.826.0.1.3680043.8.498.59973351395253648445741322652773810641,0.06474613,0.057202216,0.05824489,0.03774114,0.030861842,0.028960073,0.10921215,0.10571902,0.031237835,0.07979686,0.07963607,0.04037121
1.2.826.0.1.3680043.8.498.60064080350033586611530748685370040101,0.04590333,0.039092626,0.28669083,0.0561032,0.3374301,0.16613393,0.54273146,0.28985202,0.06207846,0.20761189,0.059475433,0.028214732
1.2.826.0.1.3680043.8.498.60088605286413557861235417321985538357,0.04404094,0.03752645,0.30322936,0.064877436,0.43085575,0.20323122,0.584142,0.3487543,0.07868863,0.25759217,0.05913368,0.027631309
1.2.826.0.1.3680043.8.498.60094182309575937331152278560900767484,0.044173554,0.03617671,0.1296789,0.03680777,0.082512274,0.050114755,0.2563765,0.16409186,0.03130322,0.1097314,0.064716056,0.025372082
1.2.826.0.1.3680043.8.498.60163612617486071760358965933890738162,0.2713092,0.111215964,0.4302243,0.14978784,0.049834985,0.032289557,0.06516887,0.34487167,0.032208048,0.085565336,0.25969577,0.051189933
1.2.826.0.1.3680043.8.498.60189166269847256202786309096136242746,0.0472704,0.03964288,0.12766448,0.0374217,0.09252057,0.06283087,0.2931124,0.14979099,0.036297586,0.1237948,0.06694548,0.030102748
1.2.826.0.1.3680043.8.498.60227430483444032531479844365716485643,0.040183708,0.03321295,0.24048121,0.048088223,0.2750299,0.12950794,0.47334433,0.27383047,0.053126108,0.18765402,0.056341723,0.024472369
1.2.826.0.1.3680043.8.498.60240929196665639608259748424475337443,0.05958766,0.055028334,0.41522303,0.08404039,0.55698895,0.32611367,0.6857746,0.3338829,0.12448533,0.30109614,0.06710752,0.04225191
1.2.826.0.1.3680043.8.498.60259828181878278590614805828898992241,0.14055538,0.06175203,0.44351864,0.10083543,0.077822074,0.04128489,0.12847069,0.33713737,0.027609607,0.0979617,0.15488537,0.028440375
1.2.826.0.1.3680043.8.498.60339775486026531260673620094004244044,0.325335,0.12471993,0.54633015,0.20423377,0.073395476,0.04293849,0.077501774,0.45522112,0.04171933,0.11477607,0.33908972,0.05787201
1.2.826.0.1.3680043.8.498.60347768295306794807599672836772410567,0.03873237,0.032768868,0.15242931,0.04265126,0.17923999,0.090038344,0.36921805,0.24011935,0.044890225,0.17421408,0.06301937,0.024990663
1.2.826.0.1.3680043.8.498.60394858470917657607846893765818799720,0.11430579,0.07055311,0.11240458,0.05534157,0.02657479,0.023943184,0.06164603,0.1614301,0.027581235,0.06951438,0.12597878,0.041053347
1.2.826.0.1.3680043.8.498.60430475172382878092821699001847797153,0.03977791,0.033649202,0.10213692,0.033731088,0.08374807,0.05052532,0.24131146,0.16882008,0.032398976,0.12230026,0.06447312,0.024783853
1.2.826.0.1.3680043.8.498.60435128564448668334758790827765960420,0.07547107,0.05150101,0.08904067,0.042208984,0.030580364,0.026239293,0.0859506,0.14457797,0.026051482,0.076223694,0.09248125,0.03233907
1.2.826.0.1.3680043.8.498.60439571175176992075370053747045234796,0.06748988,0.056632947,0.06591095,0.037776195,0.031570766,0.029842492,0.103777915,0.10812829,0.030586813,0.07735214,0.07739006,0.03726254
1.2.826.0.1.3680043.8.498.60446085094710623303973373214794179184,0.09883168,0.08727293,0.67192465,0.20913577,0.78199387,0.4894648,0.7468119,0.6113233,0.29078072,0.4074393,0.09398423,0.050087743
1.2.826.0.1.3680043.8.498.60465293103574559546982440125572490190,0.054850437,0.03964876,0.15132295,0.043569937,0.07757065,0.049786363,0.22014306,0.19665368,0.030561969,0.10341452,0.06885106,0.023797814
1.2.826.0.1.3680043.8.498.60473167624534682552272469123806503959,0.3092576,0.16463266,0.86274236,0.40411586,0.5829431,0.24719366,0.44387066,0.729204,0.18977964,0.26514396,0.27433705,0.06347049
1.2.826.0.1.3680043.8.498.60477027832057450004004942199870813886,0.27798837,0.17764437,0.874889,0.4462676,0.8140706,0.47297624,0.65309995,0.77729243,0.3644034,0.3928732,0.22897032,0.075253606
1.2.826.0.1.3680043.8.498.60492772672040498730937577391401159109,0.06280679,0.056334607,0.48893985,0.12082899,0.7034167,0.394301,0.7145002,0.49200058,0.17996632,0.37152916,0.07248966,0.03966063
1.2.826.0.1.3680043.8.498.60548477793215320533051194155539307724,0.3642056,0.15172683,0.45797125,0.19588634,0.05188951,0.03730281,0.06056439,0.3688412,0.040890492,0.09119897,0.32608795,0.070246354
1.2.826.0.1.3680043.8.498.60582762894748063612925320003677861384,0.15732434,0.13444574,0.81340206,0.3525166,0.86907166,0.6468542,0.80333763,0.7160202,0.4813888,0.47545454,0.13468605,0.07463746
1.2.826.0.1.3680043.8.498.60611146141493700985009985723275645474,0.14941126,0.061253313,0.47067663,0.11361906,0.07764595,0.03921767,0.1163982,0.39527798,0.028751105,0.113562964,0.19443801,0.028109543
1.2.826.0.1.3680043.8.498.60614975796208617794180432816390721331,0.25239995,0.10266219,0.7682491,0.274356,0.34744948,0.1396792,0.3109337,0.62231135,0.08097105,0.21411987,0.2587059,0.0430758
1.2.826.0.1.3680043.8.498.60633008040453481523409852849000823589,0.0546497,0.042092778,0.46986252,0.10498538,0.52834135,0.26936084,0.53147304,0.5229115,0.11162759,0.33819294,0.085807644,0.02866391
1.2.826.0.1.3680043.8.498.60661676782543347731000874708337132276,0.44110304,0.20377521,0.36339167,0.22031249,0.047330614,0.040813085,0.05148623,0.3841724,0.05857484,0.09816823,0.37542334,0.10390508
1.2.826.0.1.3680043.8.498.60723378470101669902158229125336455520,0.061222408,0.05553498,0.05852959,0.036166668,0.033724133,0.031612087,0.124031596,0.102046624,0.032129254,0.08392544,0.076326676,0.03921775
1.2.826.0.1.3680043.8.498.60736996513214411991331917490659995815,0.08328608,0.04814892,0.5728239,0.13286564,0.49964553,0.22384334,0.5667491,0.49393663,0.07526347,0.28167036,0.10493276,0.02614908
1.2.826.0.1.3680043.8.498.60840220723824894619895264673401129352,0.041438434,0.03339192,0.13247833,0.038455416,0.11231437,0.064390205,0.30242264,0.20038769,0.033050388,0.13138162,0.058471236,0.02247265
1.2.826.0.1.3680043.8.498.60924385750386872880015870524131415592,0.2170629,0.096562415,0.21304795,0.10096834,0.03339361,0.02883023,0.050189715,0.25686613,0.03373218,0.08861571,0.22907409,0.054783184
1.2.826.0.1.3680043.8.498.60931716414402855657852057585917605786,0.4763026,0.29661742,0.9003088,0.6115873,0.75115436,0.4181322,0.5246853,0.8199195,0.42839763,0.3567396,0.40154764,0.12850569
1.2.826.0.1.3680043.8.498.60965286164497194740320124904525623873,0.43171263,0.16792516,0.69258535,0.31122744,0.15024239,0.07812299,0.12893221,0.53730667,0.065183006,0.1501169,0.41375765,0.07841126
1.2.826.0.1.3680043.8.498.61024356179284390979230045743542661223,0.07147247,0.042489637,0.14089528,0.044143107,0.041669052,0.029292664,0.11129395,0.16685052,0.020793634,0.08461134,0.09284285,0.024095358
1.2.826.0.1.3680043.8.498.61043690805522768840878574610198420558,0.07010127,0.060477525,0.06301385,0.037440483,0.030759472,0.029914906,0.10351561,0.10270619,0.031929232,0.07832664,0.0812952,0.04314648
1.2.826.0.1.3680043.8.498.61072566792285434404885416160728089641,0.63443977,0.34613553,0.56834245,0.41525882,0.10170647,0.080019556,0.07427202,0.53082895,0.124528304,0.13200518,0.50115556,0.1690684
1.2.826.0.1.3680043.8.498.61140619849833544411463750382539885141,0.05167927,0.043126833,0.07295724,0.03441577,0.040188942,0.03246665,0.12755033,0.1262714,0.028748462,0.09127656,0.075428866,0.030033011
1.2.826.0.1.3680043.8.498.61148578767041261085865406067025346106,0.03988915,0.033324413,0.23605545,0.05599598,0.3033312,0.15790465,0.4012808,0.35128957,0.06410386,0.25898603,0.07225913,0.026112746
1.2.826.0.1.3680043.8.498.61148667330113929729568621580194520169,0.22193411,0.119731344,0.80798984,0.35713208,0.63750386,0.28908452,0.48527,0.7648462,0.2339958,0.30953738,0.21214576,0.050764624
1.2.826.0.1.3680043.8.498.61220609061901632500124675031032586841,0.17546642,0.06846409,0.5822261,0.1542782,0.16531476,0.071973175,0.2067533,0.46028006,0.038686886,0.15305527,0.19635952,0.030079957
1.2.826.0.1.3680043.8.498.61227644940421894951950605627016308160,0.40048647,0.17202382,0.38238913,0.20051566,0.050029535,0.039251603,0.057655577,0.36577496,0.047948007,0.08822556,0.31820437,0.07785902
1.2.826.0.1.3680043.8.498.61238657014751597736608285205361041675,0.07134118,0.050099768,0.09301103,0.040505268,0.03123576,0.026919452,0.094149984,0.13078731,0.023956168,0.076583244,0.091613054,0.030916095
1.2.826.0.1.3680043.8.498.61313243050348988917987796330691448770,0.42121077,0.17000507,0.59660876,0.25805882,0.07870354,0.048128586,0.07530563,0.45836383,0.049542792,0.10593933,0.3699807,0.0774182
1.2.826.0.1.3680043.8.498.61333047594780344399535845209036589563,0.1634065,0.07380531,0.23628199,0.081098124,0.036859486,0.028142363,0.06818532,0.22558099,0.026597748,0.0728671,0.15543753,0.036670264
1.2.826.0.1.3680043.8.498.61354742313056287432707914716598361679,0.057041124,0.04365821,0.08577158,0.035571348,0.039350282,0.032031287,0.13004217,0.119197436,0.0244077,0.08618165,0.076096416,0.028704548
1.2.826.0.1.3680043.8.498.61435096069921474761812731150911059491,0.0793827,0.06522813,0.61592627,0.15886955,0.7100009,0.38105747,0.6890648,0.59450674,0.19518991,0.36779708,0.08629402,0.036455013
1.2.826.0.1.3680043.8.498.61456481310419978302697858056095086811,0.13139047,0.059441507,0.38392657,0.08750845,0.0696794,0.040865086,0.12034363,0.291364,0.027651127,0.09232505,0.13986816,0.02844233
1.2.826.0.1.3680043.8.498.61490475141024845836646569993549106628,0.20674147,0.17955482,0.83974195,0.4265122,0.8975212,0.70768505,0.810973,0.74669105,0.58885294,0.52179724,0.16439712,0.10130727
1.2.826.0.1.3680043.8.498.61518377417979517706237284901970943470,0.5944174,0.3884868,0.8705259,0.6833992,0.68928987,0.40056378,0.43256766,0.8284512,0.51524776,0.32390022,0.4948286,0.19265638
1.2.826.0.1.3680043.8.498.61529451559250327125552112075119161933,0.2952343,0.11685957,0.43030807,0.17970712,0.06457601,0.04035151,0.06451562,0.45087448,0.043459214,0.11779684,0.31943285,0.058425233
1.2.826.0.1.3680043.8.498.61554384977916135091630433680780524386,0.08644984,0.07627391,0.6304779,0.1799737,0.7820212,0.48428318,0.7408685,0.5953539,0.25766796,0.42053583,0.0890654,0.04777067
1.2.826.0.1.3680043.8.498.61570904948128887877542043572765432417,0.056490403,0.046449024,0.083965234,0.036264174,0.03897903,0.031647068,0.1355764,0.1284877,0.027529007,0.0821745,0.07128544,0.029765232
1.2.826.0.1.3680043.8.498.61581513083114643407028382481113097015,0.4926992,0.22959028,0.42793706,0.26866508,0.056465756,0.046428557,0.054993145,0.43457228,0.065832235,0.10648622,0.4184386,0.11677864
1.2.826.0.1.3680043.8.498.61630894340791204767579628554826500984,0.17612587,0.08827766,0.5883702,0.20176354,0.26974085,0.11748123,0.2842709,0.59441775,0.08847017,0.23285004,0.22986284,0.04734381
1.2.826.0.1.3680043.8.498.61715630583919056026446344483871058799,0.31574717,0.122955896,0.492905,0.17850772,0.059145566,0.036359146,0.069501095,0.38229248,0.03556991,0.09213252,0.290966,0.05631631
1.2.826.0.1.3680043.8.498.61797111379749329977228618245440305623,0.052576207,0.044834577,0.09066042,0.03462413,0.051087,0.040549044,0.18226434,0.12044666,0.031732865,0.09411079,0.07136857,0.03416539
1.2.826.0.1.3680043.8.498.61812343111344551704536863711676179812,0.040218163,0.033808302,0.17320463,0.04060685,0.17628987,0.092955604,0.39517802,0.21179336,0.04148771,0.15431517,0.05653734,0.02511145
1.2.826.0.1.3680043.8.498.61864939963243675140060416958055914981,0.08308054,0.060877826,0.095521286,0.044815917,0.028176134,0.024641968,0.07497217,0.12469527,0.026632937,0.0685994,0.09821715,0.038127992
1.2.826.0.1.3680043.8.498.61904856234837992279531381374350177464,0.04968853,0.039556004,0.42103496,0.07785162,0.45581383,0.21265164,0.5729548,0.38911277,0.07661307,0.24593498,0.06481445,0.026130626
1.2.826.0.1.3680043.8.498.61934170443339188744573234190617483017,0.059567757,0.050472952,0.0668431,0.035897173,0.033667173,0.029524105,0.11103032,0.118469775,0.029034045,0.08014295,0.074011765,0.033117406
1.2.826.0.1.3680043.8.498.61956863718716027369068406125965902569,0.24725148,0.111170575,0.31397974,0.11929832,0.038390048,0.029863274,0.059124444,0.26358947,0.031525604,0.07842809,0.23104021,0.054339368
1.2.826.0.1.3680043.8.498.61981891095235024266625598999854298547,0.088215336,0.054307017,0.11086982,0.05002818,0.0308549,0.025286982,0.06756458,0.18060133,0.026884846,0.08937431,0.12280264,0.033868838
1.2.826.0.1.3680043.8.498.62025036385410820041698409408092924893,0.0708116,0.04182236,0.4869301,0.098308116,0.2649221,0.107404485,0.36143953,0.47739285,0.05072401,0.20400985,0.094058454,0.020313451
1.2.826.0.1.3680043.8.498.62030472630193758412620945408364583008,0.12479262,0.057974976,0.6217536,0.14675398,0.23878051,0.09179802,0.2788264,0.5295801,0.052587975,0.16386433,0.13739626,0.023478521
1.2.826.0.1.3680043.8.498.62109244272539959226824769201542205950,0.039959107,0.031590126,0.19468626,0.044717036,0.21369408,0.10622295,0.42887825,0.25066298,0.04485591,0.17115682,0.056640387,0.02313823
1.2.826.0.1.3680043.8.498.62154969360158054310282857093665911261,0.5137904,0.24731158,0.5163046,0.30196637,0.070242494,0.052788887,0.063970156,0.49185336,0.0762763,0.11462678,0.4614279,0.12336446
1.2.826.0.1.3680043.8.498.62192347880785177732202565414591408086,0.53223896,0.26196116,0.4449309,0.2955759,0.065354094,0.05521208,0.06177209,0.42832175,0.07970827,0.10503936,0.41237685,0.12310172
1.2.826.0.1.3680043.8.498.62205799963299902160268565319924399775,0.22806098,0.19707888,0.84733355,0.47854486,0.90962774,0.7338253,0.810819,0.7819767,0.6512015,0.5513379,0.18591847,0.11450424
1.2.826.0.1.3680043.8.498.62217447760619326492634156203608889396,0.11516248,0.057197187,0.59459674,0.15368986,0.29646486,0.109878026,0.3307499,0.5715002,0.06687713,0.19396448,0.13473694,0.026177876
1.2.826.0.1.3680043.8.498.62218684089117864632544493263539598403,0.18589844,0.07412332,0.507901,0.13853304,0.083942935,0.04160309,0.11564747,0.38648516,0.033564888,0.095450446,0.18752295,0.03424412
1.2.826.0.1.3680043.8.498.62251470468640645490157592046417355534,0.052690778,0.04330642,0.072388634,0.032843355,0.039694447,0.03362402,0.1386153,0.10772666,0.028377455,0.08840881,0.06950479,0.031612277
1.2.826.0.1.3680043.8.498.62252176347004905787746821113523889523,0.05756185,0.04473113,0.09069754,0.036515176,0.037931655,0.028472248,0.11418717,0.15943657,0.026979597,0.0860413,0.086675316,0.028320221
1.2.826.0.1.3680043.8.498.62329283530383340787096585492217632179,0.24443126,0.13888402,0.7940519,0.37176877,0.62728673,0.30490974,0.519624,0.7598141,0.25707746,0.34503698,0.2592548,0.06926328
1.2.826.0.1.3680043.8.498.62383135836496954297324866452887364097,0.042320445,0.034988772,0.12588218,0.035455033,0.084476985,0.052171364,0.2593983,0.16782783,0.032773297,0.11044618,0.06409427,0.025404897
1.2.826.0.1.3680043.8.498.62400371770962739002393364782172386752,0.09475151,0.050920766,0.6438057,0.13474631,0.38145623,0.13859883,0.42673248,0.533154,0.05987852,0.19008887,0.10976825,0.023858778
1.2.826.0.1.3680043.8.498.62400625562782184774973349983498962743,0.37655124,0.23785923,0.8539599,0.5501296,0.7891623,0.49617997,0.5725622,0.83436483,0.53953254,0.39708665,0.3177117,0.1143619
1.2.826.0.1.3680043.8.498.62406588098851994968957074186291720431,0.12951228,0.09710421,0.7712508,0.27839306,0.7811703,0.44765246,0.6832783,0.72395205,0.3016912,0.38926765,0.12996544,0.04654171
1.2.826.0.1.3680043.8.498.62420632149863295140175740643640707423,0.06983469,0.057277225,0.06951502,0.03836337,0.029140191,0.026774878,0.088602126,0.118356034,0.029141506,0.073663,0.08410865,0.03836541
1.2.826.0.1.3680043.8.498.62437671010172828772205139640126159272,0.16271234,0.08313784,0.7312108,0.19749764,0.33028036,0.120812066,0.33785865,0.5747699,0.07088946,0.18205975,0.17284341,0.03316039
1.2.826.0.1.3680043.8.498.62465595376489211274225312453216559395,0.7470325,0.47399586,0.7266816,0.63111436,0.2305159,0.16458808,0.13138072,0.70045215,0.26855084,0.20145021,0.6469915,0.27314195
1.2.826.0.1.3680043.8.498.62549354677638403845904556149868367236,0.59733903,0.30475962,0.5894312,0.42146954,0.12025942,0.08672427,0.08940419,0.5873187,0.12114792,0.16043437,0.53838164,0.17523307
1.2.826.0.1.3680043.8.498.62662430565901539554882496013173225758,0.21464416,0.08480349,0.34604362,0.12288281,0.05096228,0.03377002,0.07343912,0.33546796,0.03155354,0.0937174,0.22602054,0.0429103
1.2.826.0.1.3680043.8.498.62693151030819598514729637644804213983,0.07030178,0.053300973,0.07882367,0.040923055,0.029139502,0.025732785,0.08854897,0.13202988,0.027293714,0.07992951,0.09280269,0.034497138
1.2.826.0.1.3680043.8.498.62752755711205966800746994120425231855,0.050459668,0.040079974,0.08321701,0.035630513,0.049736775,0.036614284,0.15095624,0.16004455,0.029166713,0.09570882,0.07136489,0.026002781
1.2.826.0.1.3680043.8.498.62760659205261492447481830774781950875,0.63948476,0.3750039,0.8091175,0.6227018,0.39372075,0.21976607,0.24184582,0.7512038,0.28600878,0.24304354,0.5769063,0.22029604
1.2.826.0.1.3680043.8.498.62776347582771469289738234607517546504,0.06964176,0.05599566,0.08489091,0.03990729,0.030723516,0.026148994,0.088737816,0.117451675,0.027163543,0.073150784,0.08717648,0.03605406
1.2.826.0.1.3680043.8.498.62782163204193388751869649423542931657,0.08159982,0.05406567,0.58953077,0.15439841,0.64154696,0.3133466,0.62602305,0.60050446,0.1685218,0.3213001,0.09217367,0.032382406
1.2.826.0.1.3680043.8.498.62830031603985608774418534497520663269,0.12704363,0.06568464,0.19221716,0.06697613,0.03166708,0.024948532,0.067685954,0.19152355,0.023568548,0.070728555,0.14015992,0.035289694
1.2.826.0.1.3680043.8.498.62918046703989259691005447883746340916,0.108379,0.05936876,0.14862725,0.059813153,0.03293604,0.026002191,0.06472842,0.21154378,0.027159566,0.09329023,0.14908916,0.035426978
1.2.826.0.1.3680043.8.498.62924835279557724526138406447993672103,0.2005684,0.159805,0.8381229,0.4171178,0.8791328,0.6609875,0.7861316,0.76062757,0.54761386,0.48510218,0.16195649,0.08439294
1.2.826.0.1.3680043.8.498.62928513795250694194589804784951257414,0.14920214,0.084638506,0.7410304,0.24538702,0.5099329,0.20901,0.48040494,0.6628184,0.13465452,0.24974209,0.1527321,0.035354745
1.2.826.0.1.3680043.8.498.62948920639798990757395955917890550512,0.15367915,0.06431823,0.4965481,0.13400152,0.11517689,0.05182012,0.15183772,0.4589334,0.03631471,0.12050613,0.16384633,0.026112152
1.2.826.0.1.3680043.8.498.62983291359021407345388012674614537807,0.5714802,0.2977226,0.51508814,0.34847426,0.07917417,0.06255035,0.06392215,0.49670416,0.09544645,0.11256074,0.4798309,0.1520747
1.2.826.0.1.3680043.8.498.63002559681883387414876870926128159682,0.16902228,0.12164548,0.78921556,0.34766567,0.8169017,0.51622677,0.6969364,0.77584535,0.42630517,0.43333432,0.16234726,0.062886946
1.2.826.0.1.3680043.8.498.63005973438879239920248535292375481294,0.11825407,0.06295615,0.6149848,0.16586092,0.346035,0.13896507,0.38181934,0.6009935,0.085538335,0.24079107,0.15835917,0.03168701
1.2.826.0.1.3680043.8.498.63068687840516335034631353955761036465,0.06683992,0.058126073,0.06261618,0.03613703,0.03125792,0.03021882,0.10548545,0.10119887,0.031138483,0.077406265,0.07960666,0.042205013
1.2.826.0.1.3680043.8.498.63069333313670617776227577192591993067,0.63100785,0.32309785,0.6059893,0.43413445,0.10776926,0.07826091,0.07469803,0.57036555,0.1147772,0.12769672,0.5170789,0.15231107
1.2.826.0.1.3680043.8.498.63096952391833769395204944538276970114,0.05880825,0.048181083,0.06771531,0.03576039,0.034261107,0.029710336,0.110919245,0.120337434,0.028447958,0.08318534,0.07565421,0.032802347
1.2.826.0.1.3680043.8.498.63105151375349194807502162946823966410,0.23170416,0.089341156,0.5115323,0.14946526,0.065789446,0.038280513,0.082161136,0.3918296,0.032540336,0.10558959,0.26976767,0.042574488
1.2.826.0.1.3680043.8.498.63126604639589769235241216875934773992,0.052905682,0.034022428,0.25032368,0.06304099,0.18699072,0.09166517,0.30760005,0.35928473,0.04773197,0.16728888,0.07626958,0.021506084
1.2.826.0.1.3680043.8.498.63151733210715530368323422018984705316,0.52573544,0.2305122,0.58004117,0.36505207,0.11591869,0.07304767,0.07790734,0.5877216,0.0933979,0.1548049,0.4874783,0.121537164
1.2.826.0.1.3680043.8.498.63195088465290711580668024587233364997,0.380182,0.14974032,0.5615168,0.23149882,0.07262679,0.043504234,0.074395746,0.45008025,0.04498935,0.10314775,0.3455022,0.068077646
1.2.826.0.1.3680043.8.498.63197503121546251937003511751049515360,0.06629682,0.05444081,0.07141555,0.037960656,0.032203805,0.027882831,0.09559422,0.106503546,0.028515715,0.07578935,0.07949718,0.037889156
1.2.826.0.1.3680043.8.498.63204735160524958513470115761010950181,0.100635886,0.058577616,0.60896397,0.16515857,0.39210874,0.16350967,0.34870994,0.63772416,0.09776889,0.2801432,0.14518951,0.028628401
1.2.826.0.1.3680043.8.498.63216944317982327305447295456609309952,0.066614635,0.03823596,0.34889123,0.06989541,0.13605207,0.061507296,0.26114973,0.3644341,0.031868886,0.13565367,0.086492725,0.018636113
1.2.826.0.1.3680043.8.498.63223220827342079068491460847713457238,0.1870338,0.097911045,0.80396765,0.28621653,0.54005075,0.23218124,0.46961376,0.6661798,0.15415491,0.23071738,0.16660912,0.03692652
1.2.826.0.1.3680043.8.498.63229263722659785142967850542699676113,0.05153033,0.038555913,0.26095918,0.055905983,0.18558903,0.092822194,0.3766246,0.28842336,0.04391578,0.15446693,0.06740136,0.023634924
1.2.826.0.1.3680043.8.498.63242029756172180508167933519465902827,0.23542783,0.09767099,0.36868694,0.14224416,0.0542929,0.03344844,0.08309684,0.35235724,0.033494487,0.09440777,0.23997246,0.048823487
1.2.826.0.1.3680043.8.498.63279205896049798083339413931561428540,0.055640195,0.032671817,0.31619987,0.062896736,0.20131645,0.09623866,0.35942596,0.29407907,0.0318752,0.17362304,0.08045518,0.019474983
1.2.826.0.1.3680043.8.498.63280826430574305683941548157934410641,0.46215037,0.19083238,0.6183411,0.32449096,0.120306216,0.067618735,0.09271132,0.5717767,0.078978285,0.124269105,0.4024001,0.0855695
1.2.826.0.1.3680043.8.498.63320397279666280420359587173167195895,0.24219999,0.10384739,0.358622,0.12666237,0.04108504,0.031914767,0.060792457,0.2945496,0.031900022,0.08789465,0.2607338,0.052685965
1.2.826.0.1.3680043.8.498.63360204391136938955220146755331421179,0.04473403,0.04038858,0.083519064,0.034407947,0.06686625,0.047879495,0.2462547,0.12798215,0.032862384,0.11242169,0.06397801,0.030823166
1.2.826.0.1.3680043.8.498.63377901538320536934403969965624202519,0.038993232,0.031834275,0.19447602,0.044705626,0.21499428,0.10483404,0.42484066,0.25678945,0.0455299,0.17807259,0.055783745,0.023014817
1.2.826.0.1.3680043.8.498.63424633611847022112809173449690688015,0.31082144,0.15038495,0.76176816,0.36564925,0.39048412,0.16719286,0.307179,0.7019928,0.14792393,0.2424993,0.32090798,0.0720314
1.2.826.0.1.3680043.8.498.63426442500798189991842988966227275166,0.36486325,0.14053272,0.6633588,0.27698395,0.13885169,0.063120276,0.117462106,0.5568761,0.059051584,0.11824243,0.30508697,0.054207776
1.2.826.0.1.3680043.8.498.63439188800533762543950349022148547855,0.08537357,0.061925847,0.0977644,0.045839854,0.02773436,0.024097566,0.0731616,0.12749703,0.026555238,0.06826106,0.10099427,0.038246103
1.2.826.0.1.3680043.8.498.63510378689078892579575716369639643386,0.13022466,0.11953973,0.72836816,0.28887534,0.87939125,0.6764413,0.81999904,0.65676033,0.45995906,0.49338397,0.11012211,0.077715434
1.2.826.0.1.3680043.8.498.63519003265636561965405570006747767668,0.22898473,0.09462983,0.3587348,0.12787701,0.04998758,0.032027915,0.0738347,0.3462678,0.03209255,0.08780111,0.2318647,0.043942545
1.2.826.0.1.3680043.8.498.63521033783841675104013677430088400343,0.062557444,0.04267539,0.48972023,0.094559446,0.51328105,0.24436475,0.61492497,0.40956566,0.07165959,0.28328195,0.08291904,0.026950993
1.2.826.0.1.3680043.8.498.63521726454879203860288713455843702564,0.4610357,0.20090137,0.5484802,0.26804987,0.07010783,0.04843583,0.066569746,0.441339,0.057139836,0.10395032,0.3951967,0.09408154
1.2.826.0.1.3680043.8.498.63539809431911516912857504094611479480,0.28499648,0.15939614,0.86179763,0.3979552,0.6510432,0.2962242,0.50036246,0.74046063,0.22023256,0.2918233,0.24800463,0.061408877
1.2.826.0.1.3680043.8.498.63550258873504696667112631869753870779,0.048693303,0.041465603,0.074100874,0.031843416,0.046133816,0.037536938,0.16157785,0.1075145,0.028770557,0.09325749,0.06738785,0.030630726
1.2.826.0.1.3680043.8.498.63556690547679257097888724096967682731,0.26071253,0.10534211,0.4512576,0.15177022,0.052623414,0.03548744,0.067132875,0.36775056,0.0337557,0.09794525,0.288022,0.05113281
1.2.826.0.1.3680043.8.498.63564058504808107209753434989270686941,0.16910361,0.08393481,0.18286511,0.081878066,0.029738458,0.026232185,0.057939872,0.22394574,0.028481202,0.07389182,0.17338876,0.044023216
1.2.826.0.1.3680043.8.498.63565089119380386830816381560603756258,0.36491874,0.14119248,0.5966426,0.23402894,0.08229949,0.04487816,0.08191051,0.46831813,0.04404529,0.105926126,0.33499488,0.063392505
1.2.826.0.1.3680043.8.498.63584266247144369196126771996126173497,0.04852742,0.04016377,0.09611287,0.034766868,0.053774137,0.040063817,0.17650446,0.14212856,0.029215494,0.09851922,0.0671812,0.026245743
1.2.826.0.1.3680043.8.498.63673733836218886397484265807806548473,0.2501081,0.20128034,0.8529814,0.48479676,0.8945154,0.6641536,0.7838211,0.8106412,0.5894596,0.53340614,0.21278544,0.10775094
1.2.826.0.1.3680043.8.498.63683477631564232018930819747238111809,0.05724669,0.049126655,0.06270617,0.035074756,0.036165144,0.03234466,0.1281981,0.11249022,0.03023451,0.08438518,0.07083096,0.03279164
1.2.826.0.1.3680043.8.498.63726512375511246975989322174096818969,0.634988,0.35973477,0.70233786,0.5366219,0.22655636,0.14051521,0.14752278,0.6731437,0.19951382,0.19404879,0.57472235,0.21232766
1.2.826.0.1.3680043.8.498.63797588614544518196205411126336672334,0.1805461,0.072369516,0.51394933,0.13364582,0.08376031,0.043882255,0.12551245,0.35577896,0.032175995,0.09351124,0.17831983,0.032227553
1.2.826.0.1.3680043.8.498.63849051301265505051181245915656194652,0.1683288,0.068488285,0.4083912,0.114597246,0.067953855,0.036166437,0.10273161,0.37908903,0.02933622,0.10124122,0.18185452,0.030033499
1.2.826.0.1.3680043.8.498.63884838982826315257233262184190435906,0.041287456,0.033857703,0.114247136,0.036708027,0.0887592,0.054488525,0.27837145,0.17063174,0.031483732,0.12035536,0.061153937,0.024434092
1.2.826.0.1.3680043.8.498.63894147741855851067411708837856142566,0.15813598,0.11891945,0.8281607,0.3371555,0.8143179,0.5298815,0.7177641,0.7212203,0.38136283,0.39090315,0.13742204,0.055486236
1.2.826.0.1.3680043.8.498.63986652686300452077410299429386420400,0.067671195,0.05019064,0.09049071,0.040177945,0.03144928,0.02600516,0.09280755,0.123166755,0.025057325,0.07360277,0.08567551,0.033042595
1.2.826.0.1.3680043.8.498.64022112049842890696609934970222024490,0.06688037,0.051301096,0.076534666,0.038504895,0.031059641,0.027175054,0.09411284,0.13034624,0.027051928,0.0763805,0.08228217,0.032751225
1.2.826.0.1.3680043.8.498.64022949342538714157641824612944253302,0.046498954,0.039092276,0.08865484,0.032988984,0.054685257,0.040234458,0.18493536,0.1353085,0.029035643,0.09525495,0.06390036,0.027451634
1.2.826.0.1.3680043.8.498.64029768638431636860053484202080135316,0.13528444,0.07302246,0.17774567,0.06721669,0.029084299,0.024451869,0.061232187,0.18054897,0.025287123,0.06849242,0.14636704,0.039452974
1.2.826.0.1.3680043.8.498.64034149345689391514924451724232196567,0.058463227,0.052889682,0.058796383,0.03570973,0.035242025,0.032200728,0.13291341,0.10336342,0.031519286,0.08598782,0.07419262,0.037528895
1.2.826.0.1.3680043.8.498.64066465191710322298540005681534170036,0.057829987,0.039719686,0.41970792,0.08488404,0.46733454,0.2270543,0.5780671,0.38277054,0.065526746,0.2703509,0.077619836,0.025054606
1.2.826.0.1.3680043.8.498.64109231850522212435708176045583779359,0.23591264,0.11303527,0.21943599,0.11095151,0.034275424,0.027780248,0.056702293,0.26124105,0.0342614,0.076494195,0.23054469,0.058875278
1.2.826.0.1.3680043.8.498.64119798231341423127851203797783576453,0.16100997,0.084959686,0.14993052,0.07423647,0.02704019,0.025548268,0.05540201,0.18669185,0.029626476,0.07011898,0.1590783,0.046826363
1.2.826.0.1.3680043.8.498.64172939203926034064618447795131041647,0.112620264,0.06874201,0.6724354,0.15875734,0.4286365,0.17989656,0.45013452,0.5538667,0.09176779,0.22360921,0.12275656,0.031552352
1.2.826.0.1.3680043.8.498.64186424577324542519674308830472181373,0.05277703,0.036487028,0.36607158,0.071571015,0.39680046,0.18863742,0.5425798,0.3378312,0.05400674,0.24434869,0.07296929,0.024163824
1.2.826.0.1.3680043.8.498.64240637244650029205175793729578897734,0.12192171,0.086438425,0.7321437,0.2273609,0.72915226,0.38356143,0.66192067,0.6675152,0.22847281,0.35329825,0.115684845,0.04276179
1.2.826.0.1.3680043.8.498.64283618749539713756220539395944025878,0.19749567,0.13206139,0.83767086,0.36909896,0.8577749,0.5698511,0.76364094,0.73568445,0.35092166,0.46128803,0.18344727,0.067968026
1.2.826.0.1.3680043.8.498.64286017646659573966584053755363026715,0.2671271,0.18156442,0.85784614,0.45854062,0.8276532,0.517966,0.6651427,0.8085084,0.4728311,0.4086987,0.21951929,0.07923525
1.2.826.0.1.3680043.8.498.64325734401816269429960464734504322970,0.2930169,0.11210448,0.44054234,0.16005534,0.057751853,0.037066832,0.07223358,0.3838066,0.035351384,0.08759414,0.255275,0.048804183
1.2.826.0.1.3680043.8.498.64381606512330581256470279413868645789,0.046803087,0.03032414,0.17713119,0.046651896,0.09488547,0.052692488,0.17539746,0.29833418,0.031931553,0.1505665,0.08602977,0.020276612
1.2.826.0.1.3680043.8.498.64397747170052970974000650185716672477,0.06629682,0.05444081,0.07141555,0.037960656,0.032203805,0.027882831,0.09559422,0.106503546,0.028515715,0.07578935,0.07949718,0.037889156
1.2.826.0.1.3680043.8.498.64408609256163127278435484217683272910,0.116152555,0.07080094,0.73260367,0.20837203,0.7111584,0.37658727,0.675347,0.6224352,0.15523896,0.35647646,0.12744603,0.03585648
1.2.826.0.1.3680043.8.498.64408775259838960958354835366765941676,0.04897978,0.044574052,0.07548551,0.03466167,0.056252178,0.04374675,0.21691671,0.11637035,0.03338388,0.10646629,0.06872698,0.033952598
1.2.826.0.1.3680043.8.498.64421299492271548595446260681698412384,0.111731194,0.061342705,0.17424832,0.06393163,0.032312598,0.025483157,0.07351491,0.21130602,0.024830474,0.08065478,0.14507648,0.033685867
1.2.826.0.1.3680043.8.498.64443149121726771900576109439951701105,0.3716945,0.15291509,0.75279546,0.3090328,0.17857985,0.075948015,0.14801532,0.5862439,0.06884327,0.13804837,0.33376858,0.062181555
1.2.826.0.1.3680043.8.498.64487230511522940587342058274736571996,0.072126135,0.058221437,0.08041615,0.04014412,0.029963683,0.026265232,0.08549567,0.11293082,0.028019693,0.072012,0.0870981,0.03834336
1.2.826.0.1.3680043.8.498.64526757783166918696475501252110447010,0.08403364,0.071456134,0.61668056,0.17267261,0.75817615,0.44086185,0.7248652,0.58496714,0.23088007,0.39982766,0.08594121,0.04363121
1.2.826.0.1.3680043.8.498.64527059976573114931020581328924993069,0.52981853,0.2320227,0.6130284,0.3343287,0.08746127,0.0588526,0.07210013,0.50832194,0.068430535,0.11636033,0.45038238,0.11129031
1.2.826.0.1.3680043.8.498.64590392444259942263746282444188079724,0.074524365,0.07013931,0.50943214,0.13475484,0.7053129,0.43091348,0.7434537,0.45964134,0.19652502,0.37460274,0.077767186,0.050259992
1.2.826.0.1.3680043.8.498.64606794953061143951972249525094490665,0.06308309,0.047297366,0.0785414,0.039085966,0.032817915,0.027637571,0.08721324,0.14907046,0.02759199,0.09369424,0.0929175,0.032456093
1.2.826.0.1.3680043.8.498.64640435232894033317418319985727526223,0.2620544,0.11871504,0.28350523,0.13858837,0.044420592,0.033580277,0.061875567,0.3352348,0.03949328,0.10046071,0.27727678,0.063290186
1.2.826.0.1.3680043.8.498.64652085172505930317660036583152917472,0.20164114,0.15473998,0.82509947,0.41407883,0.8535968,0.5869194,0.7296818,0.7963452,0.50751156,0.4871525,0.18389934,0.08140421
1.2.826.0.1.3680043.8.498.64663285742626599570990862360902141188,0.0786564,0.04301343,0.21058686,0.06339962,0.0573117,0.033740737,0.096691236,0.30338758,0.027957056,0.11898521,0.13218047,0.025625685
1.2.826.0.1.3680043.8.498.64673069370410118387363952155758553567,0.068412594,0.057934392,0.07240572,0.037671622,0.031433616,0.029898444,0.10712051,0.1079765,0.03082967,0.07716611,0.08274217,0.04232359
1.2.826.0.1.3680043.8.498.64703506772167798469048460791472465039,0.72509915,0.4385224,0.6886039,0.56871,0.16537309,0.120293796,0.098827615,0.6565165,0.19907305,0.16704057,0.61622095,0.23698063
1.2.826.0.1.3680043.8.498.64752580249608101443758975861213065048,0.31177106,0.13346885,0.72577226,0.3174194,0.25441036,0.103300825,0.1853054,0.6674996,0.09267938,0.21244809,0.33994782,0.059685726
1.2.826.0.1.3680043.8.498.64865300853258390816475799272221318005,0.21432012,0.08324028,0.5795691,0.17634948,0.12683497,0.054825313,0.13891852,0.51467186,0.042747498,0.12930666,0.21818356,0.033691403
1.2.826.0.1.3680043.8.498.64897285598346101578442697515294908341,0.41714063,0.23008439,0.766194,0.4892436,0.5236289,0.27065185,0.36859697,0.7622553,0.2970637,0.3214838,0.4026512,0.13267356
1.2.826.0.1.3680043.8.498.64917073507426524387269500871970032783,0.06270748,0.05291202,0.06492639,0.035623085,0.033643577,0.0307751,0.11100237,0.10642185,0.030161407,0.08014919,0.074016586,0.037204254
1.2.826.0.1.3680043.8.498.64946212153370539647301308676689632525,0.043079406,0.038752,0.20430504,0.051713586,0.28516683,0.14681873,0.54820794,0.23654653,0.061964966,0.2109911,0.060139082,0.03309849
1.2.826.0.1.3680043.8.498.64950600385134699009390197520158979183,0.05570949,0.050203573,0.059828877,0.03513451,0.03671318,0.0321969,0.14104338,0.10464423,0.03056276,0.0872191,0.072590016,0.035892863
1.2.826.0.1.3680043.8.498.65013994414976103275014874284064145461,0.042339854,0.032960992,0.2214959,0.043565836,0.18455033,0.09636334,0.3808468,0.24036704,0.040883742,0.15261555,0.059296925,0.023646481
1.2.826.0.1.3680043.8.498.65077085081642080527129904737510276643,0.044516966,0.030481592,0.28446388,0.05873066,0.22640653,0.10539821,0.39040664,0.33580065,0.044865966,0.18731475,0.07016554,0.021126531
1.2.826.0.1.3680043.8.498.65085954283273471512936799274064949557,0.046321988,0.04264471,0.072653905,0.03368934,0.056589752,0.042971708,0.21846253,0.11739178,0.032520708,0.1056952,0.0660265,0.032266133
1.2.826.0.1.3680043.8.498.65123055741109319778634264103224173252,0.18979798,0.084956095,0.7172434,0.23942171,0.413421,0.17633063,0.40539387,0.61202556,0.090253115,0.25536364,0.21457858,0.04057748
1.2.826.0.1.3680043.8.498.65124952546314712352837396207287384405,0.6309995,0.32735866,0.8185966,0.5647023,0.28517285,0.1448017,0.16998725,0.71563417,0.17581825,0.19487035,0.55440885,0.16130716
1.2.826.0.1.3680043.8.498.65160241567146620406193593170843451582,0.079530835,0.044206616,0.38140798,0.0986314,0.17672844,0.0799955,0.2890375,0.41980746,0.045326225,0.17099333,0.10965726,0.024813605
1.2.826.0.1.3680043.8.498.65187850119346448625449915281726338455,0.5979401,0.31505263,0.7697701,0.5467089,0.32452622,0.18209976,0.2022113,0.70207196,0.21619411,0.21369994,0.5243134,0.1743116
1.2.826.0.1.3680043.8.498.65222333228514862688331581862087607325,0.13298455,0.07568466,0.15207055,0.0665858,0.028030831,0.023724593,0.05977033,0.20881246,0.027580127,0.075351134,0.16150951,0.041518092
1.2.826.0.1.3680043.8.498.65224808465738083245406235000047993647,0.09275659,0.056090716,0.5228094,0.14532135,0.42875627,0.19907811,0.47535643,0.56246686,0.10870575,0.28351748,0.13068454,0.035371106
1.2.826.0.1.3680043.8.498.65244223225926362862970496735749098549,0.0836758,0.06974824,0.59128225,0.15299997,0.67282045,0.3668302,0.6952096,0.52895385,0.18002981,0.33812615,0.08301551,0.04031797
1.2.826.0.1.3680043.8.498.65312506382127486486519184894274326380,0.07589847,0.06381078,0.6003893,0.15859023,0.7146516,0.43335894,0.6702437,0.58978647,0.20861167,0.431955,0.09692725,0.04237622
1.2.826.0.1.3680043.8.498.65322445533737673246312151513913460816,0.28895047,0.13478717,0.8107419,0.357663,0.5316552,0.24508344,0.43996653,0.7001609,0.16089837,0.28751191,0.2938221,0.06455275
1.2.826.0.1.3680043.8.498.65356758967883114612797250487949537460,0.06629682,0.05444081,0.07141555,0.037960656,0.032203805,0.027882831,0.09559422,0.106503546,0.028515715,0.07578935,0.07949718,0.037889156
1.2.826.0.1.3680043.8.498.65403984120528711726317048984986599537,0.08033476,0.07005758,0.5838148,0.14441231,0.65306216,0.38303503,0.72583604,0.4479287,0.17182559,0.33470306,0.08483566,0.046047483
1.2.826.0.1.3680043.8.498.65438121008780366054026567981577676554,0.05233725,0.040054813,0.128582,0.038135923,0.064841755,0.045423187,0.19963336,0.15905952,0.029970707,0.101974644,0.07015488,0.026618404
1.2.826.0.1.3680043.8.498.65515828911930515002046151253057175178,0.059992444,0.048134618,0.48175025,0.104651175,0.51582986,0.24613437,0.6207827,0.45436803,0.10850506,0.2762481,0.07101799,0.029091626
1.2.826.0.1.3680043.8.498.65524487168129064460609645228098420719,0.11041979,0.048931003,0.45198908,0.10735631,0.13662992,0.059556592,0.19405957,0.43902263,0.035507783,0.12507242,0.120983295,0.020247197
1.2.826.0.1.3680043.8.498.65530757406333318449497070048719890442,0.1581163,0.07086086,0.548587,0.1731471,0.1906839,0.081367046,0.17312896,0.5820702,0.06355862,0.2003945,0.2167399,0.035424504
1.2.826.0.1.3680043.8.498.65543472488214519069910341591668399186,0.085017145,0.06352128,0.07998715,0.04344148,0.026961885,0.02549775,0.075365156,0.12599249,0.029021826,0.068961196,0.09399965,0.04076452
1.2.826.0.1.3680043.8.498.65547889329285432771702699287910809921,0.042515542,0.037389454,0.09377264,0.03388036,0.06987451,0.04739356,0.22502954,0.15040186,0.030984117,0.106193855,0.059092782,0.025596926
1.2.826.0.1.3680043.8.498.65597375829884314152221851871550349856,0.06164131,0.041392658,0.4894874,0.10014986,0.4352135,0.18343157,0.51615644,0.5034278,0.081487134,0.25603402,0.07627308,0.022619622
1.2.826.0.1.3680043.8.498.65607807464576681752987746458209389847,0.14300634,0.075959854,0.20844866,0.07471709,0.03054326,0.025726588,0.060644556,0.20763871,0.026786547,0.07819114,0.1768569,0.041468114
1.2.826.0.1.3680043.8.498.65667678378249093118816281743956646856,0.13473833,0.06258797,0.2892849,0.07862249,0.043564282,0.029612811,0.089637436,0.22505905,0.024024671,0.07598751,0.1439275,0.033214547
1.2.826.0.1.3680043.8.498.65703265163052901613211590083675186626,0.04531161,0.038753573,0.084476694,0.032966144,0.055532984,0.039792594,0.18494664,0.14264424,0.029459268,0.0991398,0.0634108,0.025939621
1.2.826.0.1.3680043.8.498.65708905118633339771181857781063784327,0.19224761,0.16449368,0.7808066,0.34318867,0.8200028,0.54583037,0.7251425,0.69454116,0.41701394,0.44366473,0.1562457,0.0845699
1.2.826.0.1.3680043.8.498.65715827585629489888518528736848969678,0.042558532,0.030199874,0.21455021,0.051190257,0.17986648,0.08516342,0.37934154,0.28122962,0.04028127,0.16094427,0.06304269,0.020679787
1.2.826.0.1.3680043.8.498.65756786850574169314934708606155033765,0.06629682,0.05444081,0.07141555,0.037960656,0.032203805,0.027882831,0.09559422,0.106503546,0.028515715,0.07578935,0.07949718,0.037889156
1.2.826.0.1.3680043.8.498.65763261177572072944828171262268039852,0.120740704,0.06619992,0.15794766,0.06170025,0.029637272,0.024444262,0.0661963,0.18221639,0.024877232,0.07235564,0.13572188,0.036363542
1.2.826.0.1.3680043.8.498.65783500506568702195262661666345236666,0.11511453,0.105102465,0.6348517,0.20262745,0.7539312,0.4732069,0.729789,0.55008215,0.2589221,0.3986467,0.10721503,0.062597536
1.2.826.0.1.3680043.8.498.65788206282522750507559682036750692505,0.0567353,0.05091827,0.058766093,0.03511266,0.035708595,0.032327816,0.1358206,0.103464,0.03128552,0.08625067,0.07267765,0.03714752
1.2.826.0.1.3680043.8.498.65792625478083832901309715174678358900,0.45173666,0.20928918,0.5291602,0.29344857,0.097421385,0.064413816,0.08867293,0.5368614,0.0822649,0.14612609,0.44759467,0.11580251
1.2.826.0.1.3680043.8.498.65809115193576546782858254430325338674,0.09525832,0.06231047,0.66364276,0.18376422,0.64133537,0.30748665,0.6073042,0.64720494,0.17956257,0.31212467,0.105472125,0.033269968
1.2.826.0.1.3680043.8.498.65834774574423727070722226151408235786,0.05234684,0.03919191,0.087857366,0.03547402,0.043117937,0.032226484,0.13810897,0.1477685,0.025531298,0.08977545,0.071838275,0.025197597
1.2.826.0.1.3680043.8.498.65855247249608663104822603172047250057,0.5420236,0.23832043,0.6078451,0.3617415,0.1027483,0.06491852,0.07700786,0.556957,0.08134086,0.12082075,0.44751453,0.1051671
1.2.826.0.1.3680043.8.498.65896962360688978581417748865609785541,0.31736833,0.13213074,0.42417565,0.16736269,0.04830411,0.034696586,0.061701484,0.33840102,0.03594609,0.08869066,0.29089308,0.06328173
1.2.826.0.1.3680043.8.498.65909865035783831607773206653044421345,0.35879958,0.23467243,0.8965143,0.5376761,0.81522316,0.48627684,0.62670416,0.8101375,0.42591605,0.39619604,0.2943735,0.09808261
1.2.826.0.1.3680043.8.498.65939700606136711089565313916789162980,0.1366838,0.08413412,0.771153,0.22409506,0.6305107,0.27372995,0.5802133,0.64146024,0.1354189,0.28242514,0.13984628,0.03672053
1.2.826.0.1.3680043.8.498.65959182350599581687336889990076028593,0.31375366,0.12442723,0.41162747,0.191135,0.067314744,0.042157054,0.063527815,0.45671988,0.048069097,0.123665094,0.3329674,0.06449348
1.2.826.0.1.3680043.8.498.65977711270942843864266358352913175672,0.039729405,0.030856777,0.1909827,0.043960024,0.19805929,0.09758227,0.4044259,0.25903216,0.0422859,0.17177123,0.057618633,0.021907402
1.2.826.0.1.3680043.8.498.66020213859389864645118554257523478921,0.07359525,0.037938252,0.44955623,0.089088075,0.252771,0.11015559,0.371955,0.387894,0.03716532,0.19051464,0.096590824,0.020204086
1.2.826.0.1.3680043.8.498.66022464665791424345622894674375661089,0.29326463,0.12006262,0.4199641,0.15780078,0.04785851,0.03360654,0.06305926,0.3308667,0.03375781,0.08640343,0.27544743,0.057448067
1.2.826.0.1.3680043.8.498.66031142975529812579758652269360365398,0.3086425,0.12576866,0.33800206,0.16509305,0.050140336,0.03644505,0.054123383,0.39228845,0.042824857,0.108997636,0.31617767,0.06565164
1.2.826.0.1.3680043.8.498.66065279867975557954375204776779208827,0.21397567,0.15384424,0.8224035,0.4166107,0.8397624,0.55835164,0.70107794,0.80144703,0.5018591,0.45260215,0.19509007,0.07898223
1.2.826.0.1.3680043.8.498.66077420344931334696112616504179985591,0.09906462,0.048929907,0.55706936,0.12374301,0.25384247,0.095414825,0.31203413,0.5148946,0.05193068,0.16809498,0.11305217,0.0211556
1.2.826.0.1.3680043.8.498.66083855405250624607521810369199218887,0.08959615,0.057847228,0.10253263,0.04743338,0.028367808,0.025652794,0.07731077,0.13580084,0.024660023,0.07098624,0.105222225,0.034980793
1.2.826.0.1.3680043.8.498.66156015559325316834458423557757995415,0.058980826,0.042395677,0.09909026,0.036979727,0.03965599,0.0314389,0.12442851,0.1340392,0.02303339,0.08321229,0.0791571,0.026217578
1.2.826.0.1.3680043.8.498.66199248385068685539872840826351152652,0.06255977,0.035375964,0.24659353,0.054190923,0.096680954,0.052374687,0.20110805,0.24740596,0.024853386,0.118088454,0.090849064,0.021246793
1.2.826.0.1.3680043.8.498.66210455934011506415244876770725282769,0.33538398,0.1626335,0.26895124,0.1541909,0.03849097,0.033897363,0.05342174,0.2918239,0.046297416,0.08094197,0.2828135,0.08491336
1.2.826.0.1.3680043.8.498.66264392187277583747691643146920431469,0.18766357,0.07447646,0.48400533,0.12304333,0.0664037,0.03507227,0.09623909,0.3488284,0.027039912,0.09091382,0.19289374,0.03401041
1.2.826.0.1.3680043.8.498.66287049728466409037095442705228040084,0.060316887,0.055631947,0.061783116,0.035637178,0.036257826,0.033990484,0.13263832,0.10275193,0.032763448,0.08671499,0.075877294,0.039472524
1.2.826.0.1.3680043.8.498.66296018797614563698471347079960740755,0.045977958,0.031394787,0.2582694,0.0604768,0.1950439,0.09654099,0.27041435,0.4010703,0.04965105,0.21188739,0.08572393,0.021488596
1.2.826.0.1.3680043.8.498.66305771884507759587182077473863996177,0.11087456,0.08771821,0.72655565,0.2388147,0.76675487,0.44578996,0.7090469,0.6691637,0.28069818,0.38295633,0.10796573,0.045134984
1.2.826.0.1.3680043.8.498.66308195780676793917989368423009849637,0.046459742,0.037895314,0.35504845,0.067584015,0.43083853,0.20084369,0.5752442,0.35039672,0.07423781,0.23244494,0.058957044,0.026565408
1.2.826.0.1.3680043.8.498.66321903250295261063309947910189882952,0.17712006,0.07320831,0.47684503,0.13455759,0.10496574,0.053094268,0.14909446,0.3922202,0.03314208,0.13792026,0.2098217,0.035864543
1.2.826.0.1.3680043.8.498.66327751482076404294387513492434577338,0.51384985,0.24780448,0.61077094,0.33226448,0.096325815,0.06134684,0.08020386,0.55787265,0.085727826,0.12453926,0.46981412,0.11665006
1.2.826.0.1.3680043.8.498.66334686028272068369345540785320291695,0.27444327,0.109025456,0.31073624,0.13914908,0.044672232,0.03362775,0.052636534,0.34165582,0.038027175,0.0996842,0.27936664,0.05830224
1.2.826.0.1.3680043.8.498.66364462115470823900176770413527217503,0.60978335,0.30451307,0.6142161,0.41960475,0.116162114,0.07950598,0.08234685,0.58716387,0.11524209,0.13398772,0.5245661,0.15233736
1.2.826.0.1.3680043.8.498.66401771232064170830621215861092532421,0.053940617,0.03565195,0.38605487,0.08471422,0.2927401,0.13378192,0.3351256,0.48734245,0.065597154,0.25588953,0.096448116,0.022887718
1.2.826.0.1.3680043.8.498.66404725797392899950170138361835649917,0.045570213,0.032369085,0.30951464,0.057898693,0.27740738,0.11635418,0.4556015,0.29296,0.040438462,0.16614352,0.06130132,0.022223826
1.2.826.0.1.3680043.8.498.66489634638847834550694493585147280754,0.61546856,0.3187689,0.6432512,0.45125183,0.13612531,0.08726757,0.090686135,0.6018741,0.12885652,0.1367569,0.5195525,0.1600847
1.2.826.0.1.3680043.8.498.66510565421813721258189101326477318907,0.045968883,0.036457174,0.26836872,0.055385955,0.34257883,0.17302091,0.54434246,0.253275,0.051644385,0.22525965,0.06539363,0.027658246
1.2.826.0.1.3680043.8.498.66596090141798159058634289358454183351,0.06857392,0.05564084,0.5484492,0.11674105,0.62178344,0.3093651,0.6512758,0.49417996,0.12845463,0.30475003,0.07553682,0.032873485
1.2.826.0.1.3680043.8.498.66640124635222298792902508374800337726,0.08879013,0.0731717,0.6152225,0.14019683,0.5923842,0.33755696,0.64008206,0.46325707,0.15164806,0.31074995,0.09343423,0.042971138
1.2.826.0.1.3680043.8.498.66690100241274246406145618641481787709,0.28475672,0.14197779,0.8240141,0.39034268,0.5420271,0.2318873,0.39707273,0.7591519,0.19856839,0.27346858,0.27263862,0.05967889
1.2.826.0.1.3680043.8.498.66694519343321893230666089565893349853,0.091339715,0.051048946,0.14008416,0.055105805,0.03656589,0.026821734,0.07069944,0.22714388,0.02647982,0.09863741,0.13269979,0.030831119
1.2.826.0.1.3680043.8.498.66737859593831436259089736126768464771,0.06662542,0.042782817,0.54319745,0.10224993,0.45303828,0.17490958,0.5315409,0.45771477,0.060507335,0.21746156,0.08273338,0.023673221
1.2.826.0.1.3680043.8.498.66805139646641294853509958688742554525,0.25491685,0.12981369,0.72498184,0.31369966,0.41222912,0.18177445,0.35383028,0.7045665,0.16281912,0.27158245,0.28943253,0.066448696
1.2.826.0.1.3680043.8.498.66841103065389483583108279900721522084,0.06462389,0.048304286,0.07826537,0.03859902,0.033101648,0.027899401,0.10080571,0.13601416,0.026672343,0.080490105,0.08282827,0.031136565
1.2.826.0.1.3680043.8.498.66865810098959732285731429066569782524,0.1846846,0.11675053,0.7758663,0.2900423,0.6422227,0.31318182,0.5372366,0.6970453,0.22692803,0.30003443,0.16354184,0.048458207
1.2.826.0.1.3680043.8.498.66960891947495601371173426277430301127,0.057795614,0.042012557,0.4189303,0.09647213,0.4809696,0.2203455,0.5560767,0.4811147,0.0936145,0.2820202,0.08308483,0.028832493
1.2.826.0.1.3680043.8.498.66973089869591928349547584554030589647,0.07783517,0.066353776,0.6051893,0.15853333,0.7353603,0.42036617,0.7204329,0.5752253,0.2082729,0.38662374,0.08284935,0.040467106
1.2.826.0.1.3680043.8.498.66993076561387452114335652021593805727,0.7050292,0.4199302,0.81138,0.64038175,0.34389302,0.2086326,0.21029203,0.72066486,0.26634297,0.24195893,0.63807046,0.2431667
1.2.826.0.1.3680043.8.498.67001329390153622359718581388215312710,0.07703002,0.039053187,0.37259585,0.078274965,0.133992,0.058565352,0.22455698,0.38969022,0.034554698,0.13696331,0.09977151,0.018629853
1.2.826.0.1.3680043.8.498.67153684605171746899496816770567866269,0.12011018,0.06851669,0.13401632,0.057226285,0.028011551,0.025352621,0.06550514,0.16282482,0.026494315,0.068824895,0.12462233,0.038483135
1.2.826.0.1.3680043.8.498.67157948144868269956661697924341234924,0.166129,0.10543349,0.8180614,0.3007961,0.7879826,0.4605805,0.7039313,0.697955,0.23834793,0.39459682,0.16132443,0.049112488
1.2.826.0.1.3680043.8.498.67181088492292316990397177612918195713,0.51321447,0.26783866,0.7520017,0.48635226,0.32978997,0.17502949,0.23458096,0.7065275,0.19635874,0.25479275,0.49683347,0.1583189
1.2.826.0.1.3680043.8.498.67188121544063723837669983597453941774,0.3951346,0.16186212,0.5155842,0.22189596,0.062792115,0.04142707,0.065585725,0.41112855,0.045257688,0.09658807,0.34019077,0.075216524
1.2.826.0.1.3680043.8.498.67189969532330535369638450306601659967,0.09770895,0.0572266,0.113775395,0.053690434,0.029849464,0.02534446,0.06371646,0.18537755,0.027305894,0.08765063,0.1301855,0.03610107
1.2.826.0.1.3680043.8.498.67208608901061914528631080268819069203,0.104543686,0.069435164,0.099120185,0.051769096,0.02493422,0.024558147,0.0674081,0.13912804,0.028598428,0.065908685,0.11881179,0.046205413
1.2.826.0.1.3680043.8.498.67238774585857531338533947812568490258,0.098665714,0.04904921,0.24457656,0.06209766,0.048114985,0.031023212,0.103311464,0.23192345,0.023157299,0.08463376,0.11759795,0.025826395
1.2.826.0.1.3680043.8.498.67281816624401881515444587844116136597,0.09686715,0.074240595,0.6551111,0.17314065,0.6390012,0.32537004,0.62434494,0.58961076,0.16185683,0.33059412,0.105292775,0.038008273
1.2.826.0.1.3680043.8.498.67284681623851829916403311739987186159,0.23086691,0.087674476,0.5346433,0.16342112,0.0899486,0.045820564,0.1153595,0.4460235,0.03524794,0.10663929,0.22600281,0.035431035
1.2.826.0.1.3680043.8.498.67374476726034608591738910363595695123,0.15414914,0.13160178,0.8040276,0.34425145,0.8750705,0.65808624,0.80642223,0.7070932,0.48272753,0.4811147,0.12918079,0.07487881
1.2.826.0.1.3680043.8.498.67386780309737226410965627751074124678,0.6641732,0.36996588,0.62262195,0.47420046,0.12936668,0.093142755,0.08235018,0.59766173,0.14604802,0.13767672,0.5552523,0.19008413
1.2.826.0.1.3680043.8.498.67397756161011684282778294948252031539,0.37987527,0.23155363,0.84445363,0.53942186,0.74609524,0.43200994,0.5226513,0.82960516,0.47683743,0.3681191,0.3259187,0.11082592
1.2.826.0.1.3680043.8.498.67404282038417089622852480023919627784,0.2590879,0.14939877,0.86584,0.3949171,0.7067076,0.33585063,0.5571316,0.7521234,0.23783381,0.31945437,0.23196827,0.05999744
1.2.826.0.1.3680043.8.498.67456402757136973484427155324664966595,0.46398687,0.24038176,0.88244325,0.54294425,0.59157443,0.2664568,0.39185676,0.7808359,0.25159457,0.28001454,0.40482113,0.10227973
1.2.826.0.1.3680043.8.498.67468397709097947104298147948850473142,0.30660492,0.11627187,0.6265315,0.23385169,0.12473663,0.056666657,0.120641485,0.53747624,0.051853944,0.10963312,0.26562893,0.044457436
1.2.826.0.1.3680043.8.498.67490059263503953166467514121525025332,0.09185828,0.06468474,0.66102785,0.17610776,0.7491516,0.44438365,0.7222773,0.5644596,0.17017677,0.38343394,0.10232882,0.03662202
1.2.826.0.1.3680043.8.498.67498362978754615554767658151787188674,0.084523976,0.04447713,0.33918142,0.07223461,0.08298043,0.043831374,0.16435306,0.30931517,0.026873993,0.10477326,0.10466485,0.02074298
1.2.826.0.1.3680043.8.498.67527486841399075490744039058207332725,0.3528827,0.1365653,0.7298208,0.3014023,0.17631456,0.07853078,0.1481976,0.59767514,0.066970415,0.16402036,0.36750692,0.061474092
1.2.826.0.1.3680043.8.498.67550262192397377344258276170992188234,0.08226521,0.046244368,0.40030602,0.07938128,0.16057818,0.0811902,0.28893593,0.3333441,0.04010026,0.13534118,0.09590018,0.023434931
1.2.826.0.1.3680043.8.498.67601368724828563564325678719126190797,0.04178083,0.030913353,0.20795058,0.04283157,0.16261153,0.076564156,0.3412011,0.23017,0.032342028,0.13817047,0.060929287,0.02160123
1.2.826.0.1.3680043.8.498.67613388743126519966672593774754849330,0.058143266,0.041169073,0.45412362,0.08623414,0.50780535,0.2482747,0.6126471,0.3829841,0.070071906,0.27401513,0.07580803,0.0262166
1.2.826.0.1.3680043.8.498.67620512607520186685421323991166816451,0.061976608,0.053400125,0.062860824,0.037830863,0.031416703,0.028505327,0.11308241,0.10994026,0.029484538,0.07988463,0.079239964,0.037434615
1.2.826.0.1.3680043.8.498.67678576373934022409084801948795250361,0.17894998,0.16126354,0.74376047,0.31651247,0.81143564,0.54564965,0.7321761,0.6574703,0.39736414,0.4492545,0.14904435,0.08900884
1.2.826.0.1.3680043.8.498.67690090498828405347380696553164435363,0.06791844,0.052230336,0.55134445,0.13836361,0.62158495,0.33380294,0.5797444,0.583964,0.15371038,0.39204034,0.097389705,0.03348972
1.2.826.0.1.3680043.8.498.67705068860320494485379949506807098172,0.041437246,0.03380247,0.12810068,0.03507036,0.10345067,0.06274474,0.28961214,0.15652594,0.028957617,0.12940104,0.06256939,0.024316655
1.2.826.0.1.3680043.8.498.67716063997837501476742746033172868748,0.03795397,0.030605517,0.17664307,0.04341129,0.15649782,0.07756205,0.36899376,0.22916684,0.037338503,0.14973637,0.05733487,0.022159465
1.2.826.0.1.3680043.8.498.67739091465243228820766982459725849814,0.070461124,0.04947254,0.529364,0.12144985,0.6272473,0.33689547,0.66220087,0.4667161,0.109483235,0.3346796,0.090175346,0.03282974
1.2.826.0.1.3680043.8.498.67740000270419228186274186410889719154,0.25873485,0.11032834,0.79463494,0.28990075,0.3455462,0.12535837,0.29222783,0.6530821,0.08499753,0.19103165,0.25665113,0.044629443
1.2.826.0.1.3680043.8.498.67772676243889350087068112324015156848,0.1752731,0.13402243,0.80757314,0.37000826,0.85626113,0.5910183,0.735104,0.78279674,0.49559098,0.47379315,0.15664193,0.07074591
1.2.826.0.1.3680043.8.498.67775301856843451215029610725114809378,0.15253343,0.073135056,0.74291456,0.21803561,0.5329542,0.22719519,0.5081678,0.6161271,0.098167054,0.27232805,0.16221033,0.032070402
1.2.826.0.1.3680043.8.498.67788047649994083591931245362169694306,0.056007314,0.037776314,0.3923299,0.07978792,0.42898244,0.20449322,0.5500733,0.36950544,0.061770443,0.25406715,0.07763456,0.025937907
1.2.826.0.1.3680043.8.498.67817378785531423675449308236680249899,0.31831196,0.13654324,0.4252477,0.2020864,0.07395749,0.047241986,0.08770515,0.4318892,0.04965869,0.12105787,0.32193246,0.070973985
1.2.826.0.1.3680043.8.498.67860057199678546706175336855949799228,0.31600788,0.13345614,0.46132183,0.17474338,0.053639572,0.03693349,0.06522586,0.34743488,0.037912004,0.08736434,0.2857916,0.061693672
1.2.826.0.1.3680043.8.498.67875980316053973061252844698884229168,0.07414081,0.061532468,0.0666907,0.03901619,0.028625868,0.027964393,0.089411326,0.11372769,0.031164708,0.07315783,0.08294768,0.039638516
1.2.826.0.1.3680043.8.498.67901792488494108577057563458320460313,0.07183904,0.04585291,0.5172963,0.094328515,0.31448963,0.13590434,0.42783055,0.42868617,0.05661578,0.19282342,0.08852315,0.02410056
1.2.826.0.1.3680043.8.498.67902658411525109462089381503197501728,0.06830591,0.05541036,0.07284075,0.038472597,0.030904053,0.028250663,0.099667676,0.115831755,0.028865226,0.07535048,0.079124235,0.036119774
1.2.826.0.1.3680043.8.498.67931702364673809781455566584550075686,0.75356364,0.5012877,0.789158,0.6984054,0.35330537,0.23183973,0.1920763,0.7530705,0.35839885,0.24381848,0.6599232,0.29730445
1.2.826.0.1.3680043.8.498.67941678374744711267840655419606994796,0.04575298,0.036713813,0.08566019,0.033193387,0.053045582,0.038000137,0.17582718,0.14388148,0.027108122,0.099199295,0.06444792,0.024856893
1.2.826.0.1.3680043.8.498.67958551704692248657133951054036903879,0.2027116,0.13737528,0.8444736,0.38626394,0.86216664,0.584381,0.76107675,0.7516035,0.37571803,0.46500668,0.18590167,0.0687695
1.2.826.0.1.3680043.8.498.67981157392064878495682078197161506255,0.20406286,0.10039377,0.16816337,0.08815922,0.028901331,0.02753873,0.052826375,0.21525946,0.033384923,0.071168266,0.18593472,0.053164925
1.2.826.0.1.3680043.8.498.67981539513814867568631217960473023750,0.046309236,0.035447612,0.2921386,0.06159931,0.27062827,0.12653598,0.48819587,0.32312286,0.053282704,0.19935013,0.06348236,0.023919187
1.2.826.0.1.3680043.8.498.68042422993686716523227090971667037309,0.041054145,0.0347163,0.19160798,0.04630705,0.24691445,0.1246509,0.46229306,0.2569779,0.05361614,0.19555517,0.058211025,0.026481094
1.2.826.0.1.3680043.8.498.68079818232244983808025467536454890669,0.45664087,0.19867915,0.6295263,0.34701645,0.14908601,0.082204275,0.12135263,0.59283817,0.092230484,0.16252172,0.41712728,0.09823565
1.2.826.0.1.3680043.8.498.68098431505945078581285587720599762771,0.43872616,0.16917068,0.6393687,0.29602766,0.11688718,0.06497014,0.093488365,0.50619185,0.064432554,0.115908474,0.3658593,0.0728132
1.2.826.0.1.3680043.8.498.68106879690636836695681159513106553666,0.07836782,0.07106867,0.5715699,0.14024745,0.7434623,0.47616687,0.7528363,0.44792262,0.21751092,0.36839598,0.075748816,0.051543124
1.2.826.0.1.3680043.8.498.68115220080063728900711167735074276147,0.60094327,0.28608555,0.63735855,0.42116144,0.11889421,0.07683996,0.08557048,0.5926244,0.10378375,0.13048351,0.49531925,0.12949029
1.2.826.0.1.3680043.8.498.68131564130881160284492534203572971623,0.15012921,0.08517858,0.7523497,0.23703146,0.54815567,0.22439122,0.48571792,0.6655142,0.13822494,0.25251073,0.14687255,0.034616027
1.2.826.0.1.3680043.8.498.68142054543837964766571710567214307830,0.05544748,0.043315355,0.09024581,0.035374254,0.037966017,0.028772939,0.119184524,0.14422007,0.025564779,0.08423341,0.08302972,0.028237602
1.2.826.0.1.3680043.8.498.68158735450883179427440578190038002606,0.6420577,0.33314827,0.58094746,0.421966,0.09630308,0.07506368,0.06997527,0.55019444,0.112457454,0.12942575,0.52073187,0.16505378
1.2.826.0.1.3680043.8.498.68166103964518457268906879600985959436,0.17618689,0.11982403,0.7984942,0.33954778,0.7866743,0.45865375,0.66620255,0.7774006,0.37023905,0.4030384,0.1701644,0.058654573
1.2.826.0.1.3680043.8.498.68168197665046786209369894696801397179,0.05181457,0.03725232,0.33426479,0.07079022,0.39853644,0.19554698,0.5419024,0.32303876,0.0574118,0.24743369,0.07354844,0.026316281
1.2.826.0.1.3680043.8.498.68176786698913278568384612123261229708,0.11923041,0.08442367,0.71615064,0.24573249,0.7508182,0.41616723,0.6892023,0.7009743,0.26091835,0.3938796,0.13559674,0.046585564
1.2.826.0.1.3680043.8.498.68219942161081583831276769978472014317,0.31992057,0.15997255,0.82294196,0.4263883,0.56238717,0.24247694,0.40362075,0.7654785,0.23264611,0.26846024,0.28975642,0.06770482
1.2.826.0.1.3680043.8.498.68236154531625015457518732674625182872,0.15200497,0.116093524,0.8052312,0.3031909,0.8437989,0.52520704,0.7536035,0.70068985,0.3061923,0.41931525,0.13512403,0.05764298
1.2.826.0.1.3680043.8.498.68256141451764547710152696919981893952,0.05945401,0.04822401,0.069356576,0.03596375,0.03394158,0.029361404,0.10959817,0.12156627,0.02811043,0.08228084,0.07620228,0.032330226
1.2.826.0.1.3680043.8.498.68263925314265871578642679583159577645,0.24315599,0.11023911,0.33404607,0.123376064,0.03960977,0.030322196,0.05961036,0.26504287,0.031646404,0.07805804,0.23043256,0.053744923
1.2.826.0.1.3680043.8.498.68264559730756309944466784364591509088,0.129531,0.072410874,0.19667663,0.067565,0.03302226,0.027893223,0.07858764,0.18234785,0.026972247,0.071557015,0.14269593,0.041341167
1.2.826.0.1.3680043.8.498.68304853223764870957854101604223809218,0.042401545,0.033464,0.13817674,0.03763634,0.10810022,0.062541544,0.29752558,0.19191156,0.03328123,0.127778,0.0592229,0.02314895
1.2.826.0.1.3680043.8.498.68328371080087298795966933114044350359,0.44361037,0.21687552,0.8744207,0.49710694,0.52087843,0.21913187,0.34110248,0.75549895,0.19836792,0.24572359,0.38221285,0.08758479
1.2.826.0.1.3680043.8.498.68328948893840135511720724977892905019,0.061455715,0.05300057,0.062554754,0.036091197,0.031991247,0.028884357,0.10647329,0.11184113,0.029954124,0.0829597,0.07949139,0.03597394
1.2.826.0.1.3680043.8.498.68434116759606759586218589635360502038,0.04747908,0.040432487,0.37136453,0.07764397,0.4840894,0.23403126,0.60738474,0.38263917,0.08942775,0.27762184,0.064498514,0.029278988
1.2.826.0.1.3680043.8.498.68434323590918408241182252996136001891,0.05723867,0.038602766,0.1392799,0.047159895,0.05688558,0.034840964,0.16052917,0.20577098,0.025334181,0.10152793,0.08392039,0.023156296
1.2.826.0.1.3680043.8.498.68435927323644457286635872824563629385,0.49289438,0.25005013,0.804655,0.4979629,0.38836887,0.18643208,0.26304117,0.74070364,0.206021,0.2507975,0.46440214,0.13250165
1.2.826.0.1.3680043.8.498.68442883836038453562548037358230921748,0.07040996,0.035389125,0.33814478,0.06370457,0.116121516,0.056844085,0.23025051,0.28103375,0.023273688,0.12652712,0.0930151,0.018316459
1.2.826.0.1.3680043.8.498.68448811873610037553554213141537599150,0.19629797,0.08532833,0.5596004,0.18906431,0.15739821,0.06854592,0.13937509,0.57730764,0.06017987,0.17984131,0.25882906,0.040941406
1.2.826.0.1.3680043.8.498.68504220056564878621959394439671931747,0.15522261,0.11386707,0.7883081,0.29387763,0.7572462,0.42184147,0.6590552,0.6964284,0.27061695,0.36943886,0.1422212,0.05368714
1.2.826.0.1.3680043.8.498.68524920268469128133836299591793117756,0.17764293,0.15001428,0.8013068,0.3952196,0.88161695,0.6533685,0.7728104,0.77871656,0.5491469,0.5042543,0.15843041,0.08177581
1.2.826.0.1.3680043.8.498.68570907895010847368926943092385685462,0.045571744,0.040872235,0.26134238,0.053882215,0.34523174,0.18770878,0.57079065,0.23789819,0.06976444,0.22694898,0.058132216,0.033595063
1.2.826.0.1.3680043.8.498.68576465611266620513305434082656807028,0.5074408,0.2459741,0.74965906,0.47109327,0.30327523,0.15035623,0.20662679,0.7047393,0.16976151,0.2232086,0.46467975,0.12917109
1.2.826.0.1.3680043.8.498.68578659816221770558506780445608768600,0.24253431,0.10729878,0.372369,0.12865481,0.04419453,0.03154959,0.064296156,0.2874036,0.031495176,0.08050696,0.23219611,0.05102843
1.2.826.0.1.3680043.8.498.68593524008570334427931338225473487643,0.05906516,0.049014132,0.0641236,0.03661909,0.034063905,0.030073918,0.09699824,0.12836483,0.030331094,0.09273914,0.08245403,0.034370534
1.2.826.0.1.3680043.8.498.68637419175382604890136839259344633105,0.44986233,0.297232,0.87174165,0.6258803,0.7952738,0.51365477,0.5875819,0.8383713,0.5598064,0.40734014,0.38647527,0.15085661
1.2.826.0.1.3680043.8.498.68668620295929607459355154952035421306,0.16563678,0.09204185,0.16645767,0.0781505,0.02898006,0.025855787,0.05921986,0.21394187,0.031945113,0.076881185,0.18158112,0.049184382
1.2.826.0.1.3680043.8.498.68707023438918237611039069622720041636,0.16029488,0.08006473,0.22894593,0.08828198,0.037556548,0.026640404,0.06799016,0.28154236,0.029291954,0.08795057,0.20180257,0.042223673
1.2.826.0.1.3680043.8.498.68740466085414970518655922465908223436,0.055454034,0.048434574,0.08548622,0.035394046,0.055296637,0.043643598,0.20290408,0.11398685,0.03439474,0.10550717,0.07560509,0.03703136
1.2.826.0.1.3680043.8.498.68744926735490285461495285547312308522,0.1474372,0.07443454,0.22254865,0.0795595,0.03143414,0.025475746,0.059607632,0.22702204,0.026371827,0.08122726,0.1872144,0.04036434
1.2.826.0.1.3680043.8.498.68769474672202195228430674317444754835,0.051374387,0.04067523,0.08972182,0.03473888,0.049087778,0.03733438,0.16692942,0.14577109,0.027516892,0.09205799,0.06767885,0.025923349
1.2.826.0.1.3680043.8.498.68777783869253673804970857981124324335,0.12803127,0.06641938,0.5243607,0.1566994,0.24751097,0.11268887,0.29783702,0.5335417,0.06975677,0.22393309,0.17483924,0.03700562
1.2.826.0.1.3680043.8.498.68799355386870083063665227055340582612,0.35395196,0.14441691,0.4961387,0.20092393,0.057734534,0.038188707,0.06456911,0.38885763,0.040068574,0.09314811,0.32608244,0.066404596
1.2.826.0.1.3680043.8.498.68806105227826942108149090508198910591,0.07591153,0.05389123,0.57693416,0.13625436,0.68557125,0.37913185,0.6987384,0.49413538,0.12687042,0.35388145,0.09127874,0.034749363
1.2.826.0.1.3680043.8.498.68862684196934468400953020419415008157,0.73251486,0.45473802,0.73157245,0.5955308,0.20665696,0.14277233,0.117116906,0.6829251,0.23113708,0.17489213,0.62637794,0.24137907
1.2.826.0.1.3680043.8.498.68919687595587004665658610968739852899,0.07947597,0.059465785,0.09185391,0.04351645,0.028625228,0.025060616,0.078292154,0.12184357,0.026777742,0.069353774,0.09420882,0.03760818
1.2.826.0.1.3680043.8.498.68931510756844060683643298583132884960,0.10103045,0.066015385,0.12796652,0.052738767,0.028042298,0.024357796,0.06823,0.14129218,0.026373243,0.067884296,0.11613742,0.039026543
1.2.826.0.1.3680043.8.498.68969263295435881669720950631709959471,0.06614539,0.040998627,0.4843408,0.101413906,0.44861338,0.21271315,0.54975635,0.42456698,0.06812883,0.27001497,0.091656014,0.026339713
1.2.826.0.1.3680043.8.498.68971603226593154050514800137550171537,0.061553773,0.049981385,0.06443219,0.036520865,0.03307759,0.030090226,0.09451634,0.121588126,0.030355396,0.09032589,0.08208058,0.035550665
1.2.826.0.1.3680043.8.498.69002590469755721401448924002989552840,0.20506486,0.103320144,0.16554172,0.087268405,0.028593877,0.027492711,0.054286867,0.19627072,0.033441726,0.07154977,0.1823429,0.05500723
1.2.826.0.1.3680043.8.498.69033651423155214548081618535669641812,0.09763702,0.056605473,0.609354,0.17067088,0.43364,0.18700884,0.3806042,0.64479077,0.10777802,0.3161971,0.14305751,0.029047579
1.2.826.0.1.3680043.8.498.69077351372476086930472412978307038819,0.1487329,0.11509724,0.78950447,0.32607394,0.84502816,0.55827445,0.74501723,0.7534537,0.41477308,0.4652329,0.13704987,0.061545286
1.2.826.0.1.3680043.8.498.69131433601281694165384475765166382765,0.14076391,0.07112244,0.59409815,0.15559116,0.2644791,0.105540454,0.294204,0.51629525,0.06356966,0.16480893,0.13304596,0.028458742
1.2.826.0.1.3680043.8.498.69141410772327587821159027820329185006,0.3762818,0.1860535,0.36339003,0.18595512,0.047005914,0.04019564,0.06070866,0.3583265,0.054027673,0.09832762,0.3465458,0.092296444
1.2.826.0.1.3680043.8.498.69156800026549034619316278954442147703,0.22750959,0.099652715,0.32288283,0.11942613,0.03815077,0.029732252,0.056554727,0.29295355,0.03082467,0.08611306,0.25149348,0.04928114
1.2.826.0.1.3680043.8.498.69212713525853754921729012449897924087,0.071473785,0.057827067,0.08004028,0.039885204,0.030076306,0.026245201,0.0861119,0.11271529,0.027925132,0.072204076,0.08660681,0.038256507
1.2.826.0.1.3680043.8.498.69236835611860340913671698884308946455,0.2885478,0.12685668,0.64254063,0.2644592,0.20133542,0.093812004,0.191663,0.5884961,0.08315291,0.18689919,0.31185058,0.06428062
1.2.826.0.1.3680043.8.498.69260280362382086729793018979234418276,0.111046985,0.06195396,0.14543782,0.06402918,0.036707256,0.027881341,0.0790948,0.22915564,0.027701396,0.08368501,0.13437821,0.03334126
1.2.826.0.1.3680043.8.498.69267821440055811776827497076481587198,0.055089943,0.04820235,0.42082486,0.094037175,0.6069583,0.31188262,0.66956854,0.43104845,0.12681378,0.32153264,0.06643489,0.03393285
1.2.826.0.1.3680043.8.498.69311065409015951283858403030798356475,0.67709315,0.35883144,0.7009647,0.50242835,0.15214732,0.10707141,0.101190016,0.60889196,0.13990729,0.1647364,0.5953879,0.18829636
1.2.826.0.1.3680043.8.498.69392348385274125385290015404144639002,0.047114093,0.040715158,0.11222491,0.036047447,0.0800567,0.05628663,0.26792866,0.1425893,0.035107303,0.11983093,0.06848027,0.031061564
1.2.826.0.1.3680043.8.498.69397705155385306818511499752200941968,0.22133581,0.116219625,0.79404706,0.3285418,0.54622716,0.226593,0.43291152,0.7379329,0.17772287,0.27697098,0.21331818,0.045749642
1.2.826.0.1.3680043.8.498.69411539430142524612470544041263824359,0.52384186,0.2673939,0.83886737,0.5489233,0.51047367,0.25960588,0.34927526,0.7440799,0.24269968,0.29115984,0.48250854,0.14038679
1.2.826.0.1.3680043.8.498.69417319234704516520173921900954337376,0.3672003,0.16866249,0.8598954,0.4316203,0.5208866,0.20729783,0.36338294,0.7411442,0.17017534,0.2383462,0.32226336,0.06670103
1.2.826.0.1.3680043.8.498.69429384137362531712760113705595820981,0.49843588,0.25019145,0.7546093,0.47018677,0.31827807,0.15391892,0.21408926,0.7164445,0.1815463,0.2185734,0.458945,0.12646045
1.2.826.0.1.3680043.8.498.69470130842235635628917024269527211321,0.06769847,0.055528354,0.07008864,0.037680324,0.03003935,0.027464353,0.09065943,0.116440974,0.029070776,0.07383884,0.08178242,0.037975024
1.2.826.0.1.3680043.8.498.69495014653333523580255444915082056825,0.26097405,0.09701386,0.52552694,0.17373048,0.08217858,0.042898502,0.09481696,0.4443916,0.037404872,0.099266015,0.24515504,0.041014913
1.2.826.0.1.3680043.8.498.69514709065182531331987458626496800737,0.20515046,0.08170409,0.5341998,0.14176854,0.0919107,0.047155,0.11576233,0.3971927,0.035744194,0.10101209,0.19649072,0.03555741
1.2.826.0.1.3680043.8.498.69544085715595825083308172629360899339,0.04882188,0.03163281,0.2818961,0.055362884,0.19052976,0.09195131,0.34774676,0.2714649,0.032234218,0.16532873,0.07350844,0.021104032
1.2.826.0.1.3680043.8.498.69596668032633976121623939445795750384,0.1501758,0.10032528,0.7822241,0.25122622,0.7036824,0.33610395,0.6319065,0.65958256,0.17987996,0.328845,0.14497116,0.045813423
1.2.826.0.1.3680043.8.498.69632034454628807663252084651278084839,0.07507857,0.05898306,0.07534727,0.040681954,0.028488215,0.025195502,0.084156714,0.13733381,0.029386986,0.07638437,0.096855335,0.036414668
1.2.826.0.1.3680043.8.498.69635429172929809539574727887787303282,0.045499336,0.041789472,0.07367861,0.033282433,0.05788072,0.043370795,0.22019322,0.11855805,0.032008447,0.10557409,0.065121725,0.031660732
1.2.826.0.1.3680043.8.498.69654898267139720912940475772303404772,0.06692216,0.05881465,0.061380997,0.036569104,0.031199351,0.03016008,0.10514919,0.10206437,0.031672534,0.07854618,0.07985507,0.04224672
1.2.826.0.1.3680043.8.498.69665129458102359604411189244405850661,0.4746998,0.21843977,0.50775826,0.2740925,0.06760979,0.048925884,0.06472183,0.48776194,0.067652375,0.11277024,0.44147658,0.10759373
1.2.826.0.1.3680043.8.498.69673283369917182409597968479300552579,0.13754678,0.07260859,0.19809245,0.07917703,0.039380614,0.027881535,0.07519643,0.26962432,0.029046522,0.092624426,0.17989467,0.038514666
1.2.826.0.1.3680043.8.498.69717507929047897681405659943474469018,0.25141993,0.15541355,0.8112184,0.41684157,0.73398465,0.40993813,0.5762497,0.7942206,0.37821823,0.37530148,0.23693447,0.07532716
1.2.826.0.1.3680043.8.498.69729903409900053570304330127687235813,0.14900078,0.07056393,0.25986925,0.083216935,0.03532302,0.02683545,0.06456878,0.2465107,0.025371742,0.08434238,0.1895027,0.03740667
1.2.826.0.1.3680043.8.498.69730556680449158538173708009262014812,0.05771674,0.04504906,0.07264322,0.037159305,0.03600718,0.030085495,0.09653481,0.14866138,0.02878772,0.09706655,0.08594807,0.0309125
1.2.826.0.1.3680043.8.498.69755849784902271124335765927125722483,0.061464988,0.040817846,0.13832135,0.047542926,0.05406756,0.034026574,0.13736379,0.2233959,0.026223954,0.09926594,0.08750064,0.023558127
1.2.826.0.1.3680043.8.498.69828573582708185393942443598783108800,0.040333375,0.032350603,0.23472743,0.05195862,0.28745812,0.13416749,0.4762611,0.3035769,0.05375634,0.21021855,0.058823675,0.023558713
1.2.826.0.1.3680043.8.498.69846596572083911408018130524077120494,0.1617794,0.114977255,0.8002145,0.33727446,0.8083119,0.48728117,0.69728523,0.7631496,0.36284223,0.43440896,0.15036495,0.056307998
1.2.826.0.1.3680043.8.498.69917156795941398965793962392683899162,0.2712858,0.15251903,0.85725176,0.4206883,0.6843838,0.35049456,0.5443116,0.750666,0.28560936,0.29102686,0.23247327,0.060506895
1.2.826.0.1.3680043.8.498.69930569170269472474738549886709596023,0.07367398,0.04176645,0.18626873,0.05674837,0.051187593,0.03172715,0.09369835,0.28647336,0.026817294,0.11111848,0.12069082,0.02430638
1.2.826.0.1.3680043.8.498.69954533310505596128507234525019777805,0.21969809,0.08885192,0.548594,0.15088555,0.081358895,0.040373128,0.10573398,0.39589626,0.032307312,0.09825864,0.22072664,0.037592407
1.2.826.0.1.3680043.8.498.70124572708965486791612654433965515063,0.5798166,0.3103011,0.79635566,0.5591434,0.35323405,0.17443445,0.20400509,0.73666996,0.21920232,0.2033018,0.5131098,0.15560992
1.2.826.0.1.3680043.8.498.70125113032990356507120856030706104508,0.09903915,0.05429329,0.18301061,0.06272059,0.037594635,0.026261292,0.07601571,0.23456457,0.024200937,0.09397938,0.14264187,0.02950501
1.2.826.0.1.3680043.8.498.70129413051088864999976563404818211137,0.04196335,0.035459287,0.123601586,0.03534388,0.09923264,0.061138228,0.29134214,0.16376935,0.03381949,0.1216472,0.059397895,0.025812527
1.2.826.0.1.3680043.8.498.70204818275951821519024007466988533363,0.106903195,0.054952603,0.3185062,0.07548463,0.052234832,0.03279002,0.10661179,0.26464283,0.024982389,0.09966496,0.15658924,0.028706647
1.2.826.0.1.3680043.8.498.70212141059019236877414201247791694101,0.13710232,0.073423356,0.70663023,0.20124368,0.4230252,0.16011974,0.405511,0.61962426,0.095722966,0.20693058,0.141351,0.030226167
1.2.826.0.1.3680043.8.498.70271042033022764422915852922035168712,0.57436574,0.27749085,0.58153856,0.35809422,0.08945416,0.06581692,0.07289215,0.5184367,0.087505415,0.11845083,0.47325662,0.13124004
1.2.826.0.1.3680043.8.498.70291739279544255146458190540233023337,0.29513308,0.11781295,0.5014332,0.17528561,0.059548136,0.03648493,0.07220463,0.38011137,0.035190035,0.09112931,0.28057447,0.05320177
1.2.826.0.1.3680043.8.498.70310162525433830894324495692973986063,0.49047065,0.2159421,0.4617638,0.27556738,0.06565398,0.049326476,0.058835965,0.4526937,0.064148605,0.10098955,0.3981493,0.09910791
1.2.826.0.1.3680043.8.498.70310491987092072540988486213408328865,0.042195395,0.03558523,0.08566053,0.03257538,0.06272226,0.043266088,0.20527788,0.14168932,0.029186921,0.10709553,0.061918445,0.025063513
1.2.826.0.1.3680043.8.498.70358024114589255428192032298530338260,0.049127027,0.034532916,0.3298559,0.064328566,0.348096,0.16431889,0.52357256,0.3034505,0.04787366,0.23159942,0.0710277,0.024318473
1.2.826.0.1.3680043.8.498.70375834273924102402706635540898552043,0.5820254,0.35702863,0.81681895,0.6252762,0.5606906,0.3149542,0.34801134,0.798002,0.3996059,0.31876692,0.5209249,0.20906465
1.2.826.0.1.3680043.8.498.70409266114961050236894235887802126808,0.040077124,0.03532811,0.23287809,0.05296654,0.32485482,0.15923028,0.5365218,0.26378036,0.062006276,0.21966487,0.057802744,0.02923775
1.2.826.0.1.3680043.8.498.70427947434642957729711329062828233047,0.17786689,0.07289481,0.49900016,0.14868659,0.10815114,0.052399125,0.13677889,0.45393446,0.040456355,0.12734284,0.2043465,0.035129327
1.2.826.0.1.3680043.8.498.70435722790459313233345196619727661231,0.52587783,0.23622833,0.6408704,0.34184772,0.09389949,0.06064632,0.0773506,0.51862186,0.072808124,0.11748139,0.45626026,0.11018947
1.2.826.0.1.3680043.8.498.70464717849928808075676221329034929056,0.06708162,0.054610465,0.07261314,0.038020335,0.03139067,0.028483726,0.101826385,0.11521823,0.028787006,0.07574738,0.07815518,0.035843007
1.2.826.0.1.3680043.8.498.70471859687546886677145171619638581757,0.04077895,0.034037556,0.19116592,0.042287096,0.1942301,0.100701936,0.4211205,0.22716172,0.043131046,0.16320074,0.05760709,0.025131976
1.2.826.0.1.3680043.8.498.70478068758081824347762712452252763894,0.13415454,0.07265775,0.7428815,0.21793781,0.6252479,0.30562323,0.6031338,0.6246313,0.12993596,0.31853473,0.15074083,0.03585974
1.2.826.0.1.3680043.8.498.70507536279875475164400849670959748314,0.068446234,0.04292191,0.49955907,0.10720187,0.32272422,0.12952448,0.45208803,0.47462422,0.06114528,0.20826165,0.08763393,0.02241872
1.2.826.0.1.3680043.8.498.70531311408047627903498280968772932092,0.641734,0.34003127,0.56274235,0.43882507,0.11067936,0.08588246,0.077723995,0.5828815,0.13206552,0.144386,0.5482249,0.18428233
1.2.826.0.1.3680043.8.498.70532653867267627708152426358320452518,0.04250139,0.038377468,0.09587607,0.0350798,0.08437325,0.055819973,0.28565732,0.13892992,0.03512733,0.12447742,0.064504646,0.03038706
1.2.826.0.1.3680043.8.498.70609649448269244608860767754947143395,0.2441723,0.09878043,0.40195227,0.13692988,0.04890752,0.031131495,0.0671179,0.3395799,0.030250842,0.08909233,0.24654683,0.046815865
1.2.826.0.1.3680043.8.498.70674155597869824035214737999044110827,0.059661873,0.048990022,0.0679118,0.036126766,0.033905715,0.029292421,0.109112814,0.12215233,0.028437786,0.08259765,0.07634901,0.032792915
1.2.826.0.1.3680043.8.498.70691305452244378255646875206864340458,0.07030614,0.05811399,0.06672726,0.038323045,0.0299956,0.02849224,0.09387846,0.11079087,0.03039176,0.07568821,0.08074055,0.03940064
1.2.826.0.1.3680043.8.498.70705483212961922828901596159131697717,0.047603983,0.042851806,0.2967224,0.059815813,0.41371223,0.21907958,0.6099344,0.26413712,0.08172271,0.24371375,0.05933442,0.034906186
1.2.826.0.1.3680043.8.498.70796360440320543674384511859375295769,0.3484226,0.15220165,0.57845086,0.22861458,0.08669134,0.047923315,0.092049494,0.51500005,0.05411927,0.11614687,0.36394754,0.0677586
1.2.826.0.1.3680043.8.498.70829434408808897601630953382239533220,0.07829831,0.049895685,0.10765283,0.047441438,0.03262576,0.025817404,0.07249395,0.1861923,0.026200756,0.09271591,0.11637522,0.03182541
1.2.826.0.1.3680043.8.498.70831735578941318362881379802693293952,0.054713532,0.044137016,0.44703576,0.10500336,0.54653186,0.28789413,0.5399495,0.51803595,0.12267503,0.36396104,0.08735177,0.031289954
1.2.826.0.1.3680043.8.498.70865607713855272648070757909359669526,0.49872136,0.23286687,0.83648896,0.4729502,0.31763166,0.13530238,0.2100477,0.7044166,0.13868804,0.18975236,0.43813434,0.09865308
1.2.826.0.1.3680043.8.498.70873330457307886117949106432465978541,0.22029944,0.09028803,0.38512623,0.1241542,0.045235194,0.031600874,0.065998346,0.31845725,0.029295005,0.094039835,0.2552126,0.04592757
1.2.826.0.1.3680043.8.498.70877157427595288430686609728186100169,0.17783399,0.106490284,0.7962213,0.31426898,0.6621615,0.32078934,0.5487753,0.7472087,0.23173825,0.33141506,0.17247386,0.04531697
1.2.826.0.1.3680043.8.498.70880546533848103776823598726224805522,0.06629682,0.05444081,0.07141555,0.037960656,0.032203805,0.027882831,0.09559422,0.106503546,0.028515715,0.07578935,0.07949718,0.037889156
1.2.826.0.1.3680043.8.498.70909154434106251910698870110315237266,0.100590594,0.053700224,0.46854937,0.12667896,0.24339285,0.1130298,0.32501528,0.4913424,0.06301198,0.21963213,0.14300145,0.03141415
1.2.826.0.1.3680043.8.498.70913971933753517251340687745718346828,0.57577026,0.28533822,0.6895068,0.45390984,0.16055815,0.09853245,0.11655887,0.63271147,0.12592424,0.1666487,0.5344965,0.15529762
1.2.826.0.1.3680043.8.498.70918221697435256352088727172904502068,0.037707664,0.032868914,0.17872521,0.043403845,0.20370845,0.10319149,0.4568593,0.21979928,0.047072697,0.17496407,0.056844503,0.027282292
1.2.826.0.1.3680043.8.498.70931245733460964524244528230239226104,0.047363967,0.030663567,0.21611403,0.044186596,0.12366372,0.06600783,0.29071158,0.2172266,0.025290491,0.13702299,0.07185823,0.0195479
1.2.826.0.1.3680043.8.498.70931968429039283348328653687636803315,0.47328696,0.2000558,0.64959204,0.33593008,0.12332749,0.06645299,0.094197355,0.5858219,0.076872036,0.12952544,0.4167466,0.08834832
1.2.826.0.1.3680043.8.498.70948162965271404678418299669321564765,0.36130565,0.14976929,0.48605666,0.20406473,0.05704754,0.040067494,0.06150062,0.40418074,0.043723147,0.10348835,0.3601936,0.0721819
1.2.826.0.1.3680043.8.498.70955936086115471632446529979621948261,0.11962808,0.07075134,0.72288054,0.20867005,0.6909845,0.36153206,0.6721657,0.61982584,0.14359534,0.36224505,0.13446778,0.03666171
1.2.826.0.1.3680043.8.498.70966951020892708303866968206211604316,0.33972776,0.13714896,0.5370308,0.1982607,0.06656339,0.040492106,0.0761647,0.3974893,0.039615013,0.09710779,0.30289802,0.0612537
1.2.826.0.1.3680043.8.498.70984418257970716669463829979819981861,0.18704332,0.12297046,0.833802,0.32373232,0.7647795,0.40516016,0.6502172,0.7146372,0.24052581,0.35396156,0.16973104,0.054779172
1.2.826.0.1.3680043.8.498.71001339006150287453095055802545712130,0.06746925,0.055417474,0.06742103,0.039532397,0.030616144,0.027745819,0.09687909,0.118530445,0.029071342,0.077351406,0.08219783,0.036516335
1.2.826.0.1.3680043.8.498.71047916312801688293181464016099792199,0.07010127,0.060477525,0.06301385,0.037440483,0.030759472,0.029914906,0.10351561,0.10270619,0.031929232,0.07832664,0.0812952,0.04314648
1.2.826.0.1.3680043.8.498.71063550263564056105844586167361750567,0.26892805,0.106512465,0.74002296,0.25095984,0.1880153,0.0785209,0.18018651,0.5829995,0.0582493,0.16535999,0.30444118,0.04515263
1.2.826.0.1.3680043.8.498.71084400653875583977681616665093993652,0.2142055,0.14693771,0.8186737,0.39698574,0.80984473,0.50024873,0.6936032,0.78230447,0.40298057,0.4474972,0.2081132,0.07645409
1.2.826.0.1.3680043.8.498.71157888664602228768823145752952837565,0.5884727,0.39039168,0.851429,0.6775332,0.6893482,0.41651487,0.4381099,0.8274704,0.52892417,0.35928428,0.5100757,0.21887583
1.2.826.0.1.3680043.8.498.71180975285730441100082825359032677931,0.06532285,0.054737337,0.06734692,0.036846336,0.030851569,0.028369654,0.09689434,0.1109196,0.029861825,0.07551191,0.07901979,0.038243417
1.2.826.0.1.3680043.8.498.71262022207903748073532915013888861999,0.2642993,0.10531054,0.72064555,0.23543528,0.17854361,0.069839515,0.17249086,0.55713177,0.052928712,0.13762508,0.26115096,0.04179394
1.2.826.0.1.3680043.8.498.71311031275189592818091380416268522846,0.4587766,0.22404462,0.832264,0.5018704,0.51731366,0.24865998,0.37187836,0.7381878,0.21765634,0.28992978,0.4287808,0.10948626
1.2.826.0.1.3680043.8.498.71355457409240695394093233905149541215,0.18693176,0.08627533,0.26536745,0.09702712,0.033830654,0.027356884,0.0570025,0.2527808,0.028387811,0.08360082,0.21833597,0.0457155
1.2.826.0.1.3680043.8.498.71388532549899713881913113571627425347,0.047703348,0.037306357,0.09585525,0.035125833,0.055137448,0.038686514,0.18649629,0.14841495,0.027274746,0.09424928,0.06310903,0.024493717
1.2.826.0.1.3680043.8.498.71405492944866967669069984757332849184,0.6726957,0.36422578,0.6315839,0.48049244,0.12276892,0.09077549,0.080773555,0.5930026,0.14051284,0.13846965,0.5553631,0.17859192
1.2.826.0.1.3680043.8.498.71507059468810869004142324822642900237,0.046649776,0.03321296,0.28692487,0.0642235,0.27825728,0.13327754,0.44344303,0.34498712,0.05428558,0.22738957,0.07501423,0.024021352
1.2.826.0.1.3680043.8.498.71622107620007706778976946784787365505,0.27122632,0.11898508,0.38656673,0.14103729,0.044904474,0.0328903,0.06414156,0.2984063,0.033648584,0.08404914,0.2515313,0.05643546
1.2.826.0.1.3680043.8.498.71636001534145439773297498405674521629,0.5988504,0.33902362,0.4877355,0.3585124,0.08491292,0.07583557,0.072926395,0.46539578,0.11881501,0.12632993,0.4695663,0.1740869
1.2.826.0.1.3680043.8.498.71660070729774772658965427776586988585,0.06011625,0.041951478,0.10098803,0.037601743,0.039858345,0.031293448,0.124916404,0.13561614,0.022853639,0.08558926,0.08137818,0.0256987
1.2.826.0.1.3680043.8.498.71671013221669628598634284971059228267,0.072810024,0.056251645,0.08518267,0.04059736,0.029609937,0.025498232,0.08285961,0.11897522,0.026945092,0.07088504,0.08966024,0.037301067
1.2.826.0.1.3680043.8.498.71686717249431292334159336816742076478,0.15979159,0.11619944,0.8063503,0.31373706,0.86610126,0.5954083,0.79247487,0.69086975,0.3339549,0.47366932,0.14860831,0.06162705
1.2.826.0.1.3680043.8.498.71688651674041466985305836912343513997,0.09727459,0.050095435,0.5737122,0.12946494,0.29679504,0.11252729,0.35126498,0.54506534,0.060173504,0.18791391,0.116672054,0.022197938
1.2.826.0.1.3680043.8.498.71701484984624141610445774249629295610,0.04202258,0.037139885,0.08747102,0.034083407,0.07236819,0.049059298,0.25585273,0.13839419,0.031640135,0.11178702,0.06144803,0.027721768
1.2.826.0.1.3680043.8.498.71707317731065645278250956442336515504,0.26553363,0.18255277,0.86869556,0.450832,0.81435204,0.53328127,0.6582181,0.77763116,0.46313643,0.3865153,0.21078369,0.07564094
1.2.826.0.1.3680043.8.498.71709477515434076105531625950744135656,0.052576207,0.044834577,0.09066042,0.03462413,0.051087,0.040549044,0.18226434,0.12044666,0.031732865,0.09411079,0.07136857,0.03416539
1.2.826.0.1.3680043.8.498.71736046309441396676679830874326797437,0.044839542,0.03567851,0.090263255,0.033139635,0.05729231,0.03975686,0.1857094,0.15033695,0.027229287,0.10165728,0.06371472,0.024074702
1.2.826.0.1.3680043.8.498.71744523263023933066263506201344989825,0.061549168,0.051632144,0.06776375,0.03596165,0.032120645,0.028492656,0.10200905,0.115291685,0.029427782,0.07698161,0.07740921,0.036136027
1.2.826.0.1.3680043.8.498.71749507378205349451480318735471291366,0.0655199,0.054828983,0.06612281,0.03625143,0.031445384,0.028745921,0.097441114,0.11010719,0.030237552,0.07523869,0.07841043,0.038593583
1.2.826.0.1.3680043.8.498.71753603955749189961638324806586359888,0.24800226,0.10205381,0.32432222,0.13829467,0.04851682,0.032435793,0.05716911,0.36569467,0.036465023,0.10457858,0.2757266,0.052738383
1.2.826.0.1.3680043.8.498.71766161038805688022754893134126528749,0.105655216,0.09371802,0.6977121,0.2285293,0.8088082,0.5308701,0.7629202,0.63253045,0.31679133,0.42213473,0.0996085,0.05354475
1.2.826.0.1.3680043.8.498.71792468450491064417953341293663396190,0.15488712,0.07287273,0.5276858,0.15492648,0.17198965,0.07942583,0.21993499,0.5101276,0.056471128,0.18247999,0.20357238,0.038306188
1.2.826.0.1.3680043.8.498.71814919885777053270239861047114794237,0.090475984,0.070223674,0.6479821,0.19540286,0.7678215,0.45278588,0.7414718,0.61070544,0.22510606,0.42727926,0.10256892,0.045376305
1.2.826.0.1.3680043.8.498.71830371861099586573789550797712053914,0.16794237,0.08296521,0.15816973,0.07977829,0.02915285,0.026586302,0.051858723,0.21410836,0.03114599,0.08510973,0.18593611,0.048402082
1.2.826.0.1.3680043.8.498.71836684300308056297405632410209248276,0.33735594,0.15022159,0.8327678,0.36827567,0.40104824,0.1505795,0.29549035,0.70241886,0.119893,0.20076156,0.30090296,0.05814687
1.2.826.0.1.3680043.8.498.71866327348775269043047475658220220525,0.7377399,0.4471549,0.70035887,0.5990498,0.19245006,0.13876802,0.109354876,0.67556286,0.22842452,0.18099461,0.6229323,0.24367276
1.2.826.0.1.3680043.8.498.71898908031968158312013185809213669768,0.22225858,0.08354823,0.4860426,0.1415475,0.07314242,0.040125787,0.09829049,0.387839,0.031444132,0.09775888,0.21680684,0.036610365
1.2.826.0.1.3680043.8.498.71899370657875960028369229847153071577,0.04327237,0.03345398,0.1948036,0.053444803,0.23432311,0.112679094,0.39109528,0.31225124,0.05243444,0.20526135,0.07197349,0.025648287
1.2.826.0.1.3680043.8.498.71901039762584748047172479049347609017,0.12467068,0.06981655,0.14428814,0.063530415,0.027944634,0.02465405,0.063968964,0.19640051,0.026840141,0.071512856,0.14041054,0.037390828
1.2.826.0.1.3680043.8.498.71985417286226511458068110832784023627,0.69727373,0.40208548,0.6870649,0.55423707,0.17166911,0.11975329,0.107893385,0.6553206,0.18788052,0.16876763,0.6043077,0.22144772
1.2.826.0.1.3680043.8.498.72008869367139958325145888733651022033,0.051794965,0.043846734,0.07161787,0.035228796,0.03941456,0.03110445,0.14447068,0.12234487,0.027604513,0.087512046,0.071967214,0.030357128
1.2.826.0.1.3680043.8.498.72017096768214637927798648334301077145,0.11319745,0.059020188,0.17011999,0.06465398,0.034781493,0.02670532,0.07915701,0.21744557,0.025128942,0.076008715,0.12617545,0.031303413
1.2.826.0.1.3680043.8.498.72018602547183896629903902899903468287,0.063828826,0.04952152,0.07540915,0.038245026,0.032324675,0.028308945,0.08655279,0.13631468,0.02851982,0.0912754,0.09070664,0.03447363
1.2.826.0.1.3680043.8.498.72023797276837219152365428999317131110,0.06017476,0.049272895,0.06735193,0.035941467,0.033416014,0.029426774,0.10822673,0.11787019,0.028597657,0.08179099,0.07615376,0.033609692
1.2.826.0.1.3680043.8.498.72095214441332094906401331319197122529,0.07745025,0.057454266,0.58212113,0.13565262,0.7139309,0.40076914,0.7184635,0.48552683,0.13340177,0.35856026,0.08757778,0.035814095
1.2.826.0.1.3680043.8.498.72159028826938094045309841541333724597,0.046563886,0.041336328,0.2914983,0.06437121,0.41288552,0.20052548,0.5802346,0.32935318,0.079280786,0.25857767,0.061805513,0.030074494
1.2.826.0.1.3680043.8.498.72172265826902387784016098389863005666,0.14937587,0.07690918,0.1628581,0.07619829,0.030544868,0.025102522,0.059581175,0.20670223,0.028025668,0.076280475,0.16329537,0.043045796
1.2.826.0.1.3680043.8.498.72182847112910012489603688436912469641,0.07655417,0.04374964,0.17374311,0.05527958,0.048073,0.030417513,0.12184028,0.22117914,0.023062315,0.087923884,0.09784018,0.023352776
1.2.826.0.1.3680043.8.498.72185504245484151161044972024469667666,0.11228183,0.05572732,0.33249536,0.07506737,0.06678009,0.041280303,0.13032512,0.2575191,0.027282324,0.09390312,0.12601064,0.028108621
1.2.826.0.1.3680043.8.498.72191353854496806844040272237700346774,0.07100806,0.043984562,0.5434828,0.111676216,0.49359107,0.22979362,0.58676434,0.45147833,0.06941327,0.28066954,0.091138765,0.02445553
1.2.826.0.1.3680043.8.498.72237065473467452226073540784070938342,0.11843464,0.10598485,0.7197261,0.26793692,0.8588688,0.60861546,0.7877266,0.69626886,0.42537934,0.47646865,0.10981267,0.065057665
1.2.826.0.1.3680043.8.498.72248728319398595146365363062799556637,0.06236531,0.050095182,0.07887831,0.03717031,0.033740215,0.028160758,0.102161944,0.11281384,0.026495514,0.07614539,0.07862969,0.03384243
1.2.826.0.1.3680043.8.498.72252601583562621620422058467969183753,0.060933948,0.04367155,0.4423866,0.09348436,0.560385,0.2859833,0.64796937,0.3880868,0.08115091,0.30321938,0.07917495,0.029991716
1.2.826.0.1.3680043.8.498.72255181548595299889516400134053439401,0.040898245,0.03494661,0.19614866,0.048130568,0.22830573,0.11674929,0.4777473,0.23750484,0.051912837,0.19075462,0.0593016,0.027583113
1.2.826.0.1.3680043.8.498.72270915206075693056344475438055463113,0.28247175,0.10735162,0.6731755,0.22301424,0.13006733,0.057024032,0.13377252,0.5160194,0.043696817,0.12445084,0.27795827,0.045297675
1.2.826.0.1.3680043.8.498.72276631472244076773626607623783737687,0.35976794,0.15408786,0.46587798,0.23359568,0.08973624,0.05445666,0.09682065,0.47131652,0.05799388,0.12676893,0.35338798,0.079703376
1.2.826.0.1.3680043.8.498.72313325634455670216423864504103231505,0.08725672,0.047595832,0.28697932,0.062784955,0.06856025,0.04197957,0.14735839,0.24085811,0.026284393,0.09671257,0.1050617,0.02432808
1.2.826.0.1.3680043.8.498.72342425990274562150756501476989691572,0.04370945,0.03529856,0.20367667,0.043696523,0.20596305,0.113692,0.43071216,0.20423321,0.03920927,0.17276381,0.06362234,0.025542362
1.2.826.0.1.3680043.8.498.72368645606329000923061796699431437924,0.11467686,0.0764409,0.10563814,0.053481013,0.025209753,0.025227722,0.065843135,0.13813192,0.029122952,0.066991016,0.12665433,0.04842395
1.2.826.0.1.3680043.8.498.72375103774239787721371778221019402834,0.32488275,0.14434162,0.3162793,0.15668051,0.041624278,0.034738813,0.056565084,0.31447697,0.040833876,0.08266102,0.2758041,0.066560745
1.2.826.0.1.3680043.8.498.72395496925770440630088720587484704971,0.22808427,0.10231007,0.30082637,0.11237913,0.035992146,0.028443491,0.05869278,0.25324237,0.029528685,0.077251926,0.22004801,0.05039136
1.2.826.0.1.3680043.8.498.72453426317225885428514595399496580896,0.045032445,0.030768365,0.18286261,0.04094597,0.10629298,0.055633698,0.2619945,0.20610608,0.026449144,0.1157261,0.0659472,0.021258619
1.2.826.0.1.3680043.8.498.72494404099796908482534991590660770670,0.073394395,0.057539538,0.08594029,0.040766675,0.029907512,0.026031364,0.08462196,0.11568975,0.02722651,0.071495846,0.08856191,0.037194993
1.2.826.0.1.3680043.8.498.72495590491484814220060275823761767516,0.15617324,0.12394502,0.79797024,0.3425909,0.86072797,0.59005404,0.7590573,0.7533087,0.4460931,0.479359,0.13627495,0.066908345
1.2.826.0.1.3680043.8.498.72495677804641720406765749568114476096,0.28992236,0.13170333,0.32312128,0.13795796,0.03908617,0.03250771,0.05585626,0.2730691,0.036907185,0.07946399,0.25755733,0.06483094
1.2.826.0.1.3680043.8.498.72547312490317214326791189007411860203,0.04727299,0.039163873,0.08586569,0.032160353,0.04995636,0.037600033,0.1805957,0.11952921,0.027849924,0.09107478,0.067789465,0.029057866
1.2.826.0.1.3680043.8.498.72576069358772864331810785663326683534,0.6387469,0.31894696,0.6664384,0.46369335,0.13189958,0.08681983,0.08799928,0.6075937,0.12202129,0.13759853,0.5259864,0.14975813
1.2.826.0.1.3680043.8.498.72587440202779699193620339987034971895,0.042224947,0.038902454,0.08838312,0.03434817,0.07486701,0.052199993,0.26607606,0.13239598,0.033419084,0.11449724,0.06309476,0.029596405
1.2.826.0.1.3680043.8.498.72653666963736486779382314125782779004,0.054881826,0.040141232,0.39457554,0.08139886,0.49221814,0.251526,0.613859,0.35018918,0.07108522,0.27373448,0.07396109,0.028010624
1.2.826.0.1.3680043.8.498.72680485820462987585370556994612687540,0.13407627,0.07423001,0.17729947,0.06706085,0.028784286,0.024452683,0.06236111,0.17443842,0.025515188,0.06862829,0.145331,0.040080506
1.2.826.0.1.3680043.8.498.72697172162233919540021967137047646179,0.04986116,0.036469504,0.3953489,0.08141494,0.36263224,0.17605858,0.41458032,0.47456095,0.076137275,0.27911186,0.0853039,0.023711257
1.2.826.0.1.3680043.8.498.72740499664060575780267947543695605585,0.09075589,0.061490797,0.6694874,0.17721942,0.65868956,0.32998896,0.6521366,0.611592,0.15955824,0.3529331,0.10716917,0.036445767
1.2.826.0.1.3680043.8.498.72771360268592017354044657882090174639,0.4050403,0.15343648,0.51829046,0.21736726,0.0654333,0.044173606,0.06876105,0.40350503,0.042079017,0.10168969,0.3639265,0.073247366
1.2.826.0.1.3680043.8.498.72781608662300877077691853670862414309,0.07129504,0.056904573,0.07714473,0.03975127,0.030020103,0.026178412,0.08624617,0.11235472,0.028047191,0.07204384,0.08524876,0.03848396
1.2.826.0.1.3680043.8.498.72786773761211751423503785260617678955,0.2502059,0.10904103,0.36987948,0.1311012,0.04234489,0.032458305,0.06070069,0.30809212,0.033553425,0.090278484,0.26752654,0.053975273
1.2.826.0.1.3680043.8.498.72800659596099468282135738543971261904,0.0613013,0.05033139,0.0686199,0.036725674,0.032374863,0.027174141,0.10455656,0.1328537,0.028743157,0.08290603,0.08432018,0.033320688
1.2.826.0.1.3680043.8.498.72814437733065652700292896915085936230,0.06424085,0.05189425,0.07068107,0.039007492,0.030662283,0.026757576,0.10569647,0.122524634,0.027680907,0.07800816,0.08236906,0.034895573
1.2.826.0.1.3680043.8.498.72853333220043794904856138561095171921,0.14229713,0.060458276,0.40253788,0.11011643,0.087246686,0.043599017,0.1309522,0.39552894,0.03200242,0.11523334,0.16410726,0.028010013
1.2.826.0.1.3680043.8.498.72880034930990967339546757487847803284,0.042698644,0.036705993,0.2905291,0.062358804,0.4139927,0.19696593,0.5636145,0.33684385,0.07681303,0.2502097,0.05884926,0.027160503
1.2.826.0.1.3680043.8.498.72896348955280307080916504120667484813,0.1479171,0.117145196,0.7902665,0.32890177,0.84569556,0.55639404,0.7404739,0.7509724,0.4086878,0.4657802,0.13706554,0.060649417
1.2.826.0.1.3680043.8.498.72896586188735703676995894830815493004,0.49220613,0.23470694,0.43134323,0.26131785,0.05659645,0.048521314,0.057135876,0.4029494,0.06707678,0.09995941,0.40130407,0.11568416
1.2.826.0.1.3680043.8.498.72931900540220826595003388066347326492,0.051403955,0.03912863,0.10160098,0.03440315,0.05212965,0.03835222,0.1684895,0.13180913,0.024643946,0.09666823,0.07345801,0.02575859
1.2.826.0.1.3680043.8.498.72937134140407212536042212109839895294,0.11222965,0.056372557,0.19642523,0.0665774,0.038115166,0.026839167,0.068028644,0.25139883,0.026108043,0.09543975,0.15758926,0.031793214
1.2.826.0.1.3680043.8.498.72943191222961132416678221885831944435,0.04481716,0.03574945,0.0890154,0.033316966,0.05532756,0.038411204,0.18133941,0.14719298,0.027558642,0.10144156,0.06455228,0.024344282
1.2.826.0.1.3680043.8.498.72977302282583186913749000016284027331,0.06840902,0.048471805,0.08894205,0.041690588,0.032256074,0.027240766,0.08149178,0.15643093,0.026922015,0.092512704,0.0998712,0.032075927
1.2.826.0.1.3680043.8.498.73021428171736137311489171988512484948,0.17173703,0.07107754,0.42367187,0.10683699,0.06633476,0.03911137,0.10293843,0.3146999,0.028774343,0.089803085,0.1701717,0.03315522
1.2.826.0.1.3680043.8.498.73033521237848260228708170280586043408,0.049164183,0.03831047,0.08419544,0.034288727,0.04591772,0.03420057,0.15184838,0.14595963,0.026154488,0.093781814,0.06857923,0.025064195
1.2.826.0.1.3680043.8.498.73037642285055457162691486258363101398,0.5451256,0.25169355,0.54829216,0.34084356,0.0834112,0.059785128,0.06609784,0.5038594,0.083028704,0.11063301,0.45237994,0.12024354
1.2.826.0.1.3680043.8.498.73070182506490199787361298167985971577,0.11559044,0.056521848,0.6130701,0.15576565,0.27610785,0.11147946,0.32531384,0.5376032,0.05530005,0.22409423,0.16616648,0.029445833
1.2.826.0.1.3680043.8.498.73077380963620788952030569132380549826,0.27937043,0.107116416,0.5298207,0.19529593,0.09003039,0.04536879,0.10016367,0.48347098,0.04342248,0.10327004,0.2600881,0.043550216
1.2.826.0.1.3680043.8.498.73083786204651635096412213233334934941,0.06837863,0.04215717,0.15528718,0.046523567,0.040230762,0.027842635,0.105053,0.19418211,0.022396179,0.09069187,0.10669674,0.024621308
1.2.826.0.1.3680043.8.498.73101997284755549124715401557235981642,0.17021993,0.10005936,0.7896039,0.3058341,0.659484,0.30860254,0.5520889,0.7380747,0.22215031,0.3254817,0.16900739,0.043984935
1.2.826.0.1.3680043.8.498.73170541731840260065335942048010387599,0.07285122,0.05230416,0.5382277,0.12583257,0.6819419,0.3750107,0.6959332,0.47339645,0.12167272,0.350946,0.08746321,0.03426398
1.2.826.0.1.3680043.8.498.73194579460722181989151410198309642266,0.17563264,0.09614319,0.6267144,0.246376,0.42637038,0.19532742,0.40340653,0.6469394,0.14178419,0.29879126,0.21854585,0.054080896
1.2.826.0.1.3680043.8.498.73198335328613992289471885012751338458,0.05543345,0.03791483,0.41591302,0.09126338,0.33584964,0.15391497,0.36267698,0.50739115,0.07324861,0.2751983,0.096418805,0.023697482
1.2.826.0.1.3680043.8.498.73205916973275504240156555900460720571,0.118491225,0.05410615,0.50707316,0.12102773,0.15237898,0.06209015,0.2057516,0.47258943,0.038623605,0.1476726,0.13841327,0.022658616
1.2.826.0.1.3680043.8.498.73215265387578908341609746559916587894,0.046331726,0.04013233,0.14038771,0.039737552,0.1159247,0.07423994,0.34319538,0.15872091,0.04155529,0.14030795,0.066864595,0.032024175
1.2.826.0.1.3680043.8.498.73231153161312542696053060380619432126,0.65616167,0.38406283,0.70365494,0.565581,0.2699493,0.17358911,0.16657029,0.7056145,0.2525575,0.22485715,0.5819447,0.23214562
1.2.826.0.1.3680043.8.498.73241519025825862373621891294281253158,0.11467686,0.0764409,0.10563814,0.053481013,0.025209753,0.025227722,0.065843135,0.13813192,0.029122952,0.066991016,0.12665433,0.04842395
1.2.826.0.1.3680043.8.498.73242978867957397254276973409271434573,0.053899724,0.04633433,0.08268183,0.035334103,0.044452585,0.036157977,0.15219189,0.12768544,0.030450677,0.08879614,0.07009699,0.030486703
1.2.826.0.1.3680043.8.498.73254365064404586162477089636000427751,0.0783713,0.047814876,0.592592,0.12355725,0.5517578,0.2617029,0.62387985,0.48161367,0.08217943,0.29628062,0.09566984,0.026553873
1.2.826.0.1.3680043.8.498.73257122462858353041066181004123253930,0.08338871,0.061977588,0.09377522,0.04470171,0.028098587,0.024893576,0.07486505,0.122911245,0.027120288,0.06836702,0.09790856,0.038730744
1.2.826.0.1.3680043.8.498.73275019425494043461771574462523171618,0.045492377,0.033904813,0.3234481,0.07104468,0.30886436,0.14903522,0.3760065,0.43264285,0.06510118,0.27047393,0.08224739,0.023492571
1.2.826.0.1.3680043.8.498.73314900301724532218347713512381622074,0.12778658,0.05463974,0.37685132,0.095421255,0.07591063,0.038152587,0.12267835,0.36607373,0.027523601,0.10727561,0.14799817,0.024998287
1.2.826.0.1.3680043.8.498.73325959289998105909842627876607163467,0.26916024,0.12637976,0.31398955,0.13162003,0.039794326,0.031139439,0.0600957,0.3185851,0.038171455,0.0897157,0.28014016,0.06250027
1.2.826.0.1.3680043.8.498.73356831368999268488355650751758108912,0.17856483,0.09135062,0.738101,0.2620004,0.4924633,0.20209621,0.40934032,0.70883065,0.1596611,0.2498306,0.18682304,0.040566456
1.2.826.0.1.3680043.8.498.73394992092536626285935384324191560182,0.1704077,0.07524783,0.4862324,0.15591563,0.12487969,0.057842154,0.124761365,0.52492565,0.05061764,0.16889337,0.23823562,0.03872874
1.2.826.0.1.3680043.8.498.73448420644251136304786298254801920284,0.04003354,0.03321209,0.22499174,0.050220627,0.28802153,0.13573165,0.48898646,0.2884487,0.05474991,0.21047497,0.056892347,0.024590395
1.2.826.0.1.3680043.8.498.73477249559479870799427355988138990349,0.03853049,0.03168523,0.13988599,0.03680254,0.13172887,0.07507406,0.34148446,0.19313501,0.037332762,0.15373795,0.063150205,0.024969643
1.2.826.0.1.3680043.8.498.73478948866451045346677275674140339803,0.047591664,0.031664614,0.18091746,0.04097394,0.0891028,0.050923094,0.23175189,0.2090232,0.027017662,0.11116731,0.06692505,0.020709787
1.2.826.0.1.3680043.8.498.73480422982315825699847838826691577320,0.048977513,0.039901488,0.355909,0.07361121,0.45977774,0.21508113,0.5788781,0.3789388,0.083953,0.2618177,0.06315288,0.027637793
1.2.826.0.1.3680043.8.498.73511703934549662392765328175356230615,0.08500733,0.055085536,0.63469124,0.14562783,0.51604676,0.2323719,0.56494176,0.5693968,0.10512449,0.29257157,0.10424759,0.028799314
1.2.826.0.1.3680043.8.498.73522298807198784022883320957252530465,0.11460552,0.10053179,0.72528255,0.26227406,0.8465354,0.585734,0.78284466,0.6769484,0.38507473,0.45988113,0.10692193,0.05988025
1.2.826.0.1.3680043.8.498.73527530686853911124431549317032662220,0.65479475,0.40716094,0.7103126,0.59527695,0.32976422,0.21770138,0.20631678,0.7139142,0.30400637,0.26305804,0.5942924,0.27272192
1.2.826.0.1.3680043.8.498.73539750992809874106013052513162732951,0.065515496,0.052576397,0.07006361,0.038384292,0.030930365,0.02815783,0.09808521,0.12029283,0.028625544,0.0768584,0.08019081,0.035291173
1.2.826.0.1.3680043.8.498.73545582819102316606081606511277579853,0.042061314,0.0336174,0.15799785,0.03904762,0.13678719,0.07665534,0.33774674,0.20904666,0.037043605,0.13859816,0.057687443,0.023594895
1.2.826.0.1.3680043.8.498.73567807253694728043552196136704821457,0.5044762,0.31233144,0.85237056,0.6096242,0.6918452,0.3931772,0.44790345,0.8300235,0.48358178,0.34388888,0.43017286,0.1577834
1.2.826.0.1.3680043.8.498.73602922823389605007702521335136347605,0.10665185,0.053886134,0.21651307,0.07187443,0.04688148,0.029503541,0.10427633,0.24861594,0.024373982,0.089345835,0.13168475,0.029194105
1.2.826.0.1.3680043.8.498.73616237718955147476241731466078978343,0.05593994,0.04281592,0.082841165,0.03761208,0.03897626,0.03039099,0.10330864,0.16268297,0.02788124,0.10303354,0.08828382,0.028563004
1.2.826.0.1.3680043.8.498.73682608760611536443754406204042210115,0.37773815,0.17300627,0.80853236,0.41927803,0.4818745,0.22137493,0.36226597,0.7060167,0.16902667,0.27202585,0.36277294,0.081795864
1.2.826.0.1.3680043.8.498.73716752081143767997507440278231972668,0.06899565,0.04852819,0.5433846,0.116896674,0.6438173,0.34120333,0.67768383,0.4649878,0.11288732,0.3350604,0.083429605,0.03143331
1.2.826.0.1.3680043.8.498.73748007182569068263280098473557128226,0.41882128,0.17344716,0.4989834,0.26937535,0.08904845,0.055464763,0.07107754,0.5223398,0.06678421,0.13903292,0.41424835,0.09051716
1.2.826.0.1.3680043.8.498.73792361507751648386401969571717557389,0.08661747,0.066125266,0.614893,0.1548446,0.6519557,0.33490533,0.6524917,0.5694388,0.16623689,0.3418693,0.0912546,0.036536418
1.2.826.0.1.3680043.8.498.73825252186234755453650759159564715478,0.20323068,0.107280314,0.81187946,0.27917382,0.5205149,0.20055,0.44240713,0.66799515,0.122107625,0.23256865,0.19453533,0.042090777
1.2.826.0.1.3680043.8.498.73869775636181013203432845292462040922,0.0624507,0.048341803,0.07265819,0.0373985,0.033369545,0.02929584,0.09148952,0.13336055,0.029003255,0.093700625,0.08723091,0.034227867
1.2.826.0.1.3680043.8.498.73891117356545433634964184054304516063,0.04338795,0.037157346,0.28065008,0.062127624,0.38526782,0.18414351,0.58851254,0.30521387,0.07129944,0.23639159,0.058959536,0.028976344
1.2.826.0.1.3680043.8.498.73926443729786165628848843707532839995,0.10067041,0.054741647,0.61014163,0.14558607,0.36775747,0.14567044,0.40662843,0.58876646,0.08486649,0.22912918,0.13184288,0.028036078
1.2.826.0.1.3680043.8.498.73983081622010008601849687650985260980,0.071984574,0.048300043,0.13539538,0.045011967,0.03498977,0.025412938,0.092713326,0.1574379,0.022488924,0.072155066,0.0948021,0.028163709
1.2.826.0.1.3680043.8.498.73988798714023285209290281409329527637,0.067439504,0.054508977,0.07151165,0.038365252,0.030800741,0.028077446,0.09971714,0.11618172,0.028623618,0.07461027,0.078055605,0.035594016
1.2.826.0.1.3680043.8.498.74052473719853343027548507306186291134,0.47273442,0.20065562,0.6755803,0.36266798,0.15568833,0.08075331,0.11375756,0.6146238,0.091766775,0.13779585,0.4058708,0.086761855
1.2.826.0.1.3680043.8.498.74078340346189210015785395961373387782,0.09738847,0.07838625,0.68092144,0.20624842,0.7883889,0.4636476,0.73945844,0.6431728,0.26030016,0.41794136,0.095591575,0.04480465
1.2.826.0.1.3680043.8.498.74095402538454760179339842746572802563,0.3064983,0.14178413,0.83377934,0.35250062,0.4196351,0.15663837,0.32480094,0.68166006,0.11557793,0.2102153,0.27834296,0.054263745
1.2.826.0.1.3680043.8.498.74127742661271965093205833471645893520,0.14654762,0.06344443,0.2704649,0.076983385,0.041080654,0.030453103,0.08091537,0.21032014,0.02393177,0.07647691,0.15127937,0.03296537
1.2.826.0.1.3680043.8.498.74140806279409854828032496578072554031,0.057310116,0.036462553,0.21761592,0.048106246,0.067957304,0.03923932,0.17589511,0.23086217,0.023734845,0.106444925,0.089841574,0.021153338
1.2.826.0.1.3680043.8.498.74160604730133050784449689952695940558,0.089736186,0.06344095,0.08069834,0.0459863,0.026350915,0.025129665,0.07248114,0.14439666,0.029228931,0.07186569,0.1045421,0.03925711
1.2.826.0.1.3680043.8.498.74177736542522869266952610634091628727,0.11036279,0.058086745,0.14999366,0.06271381,0.033349242,0.025294406,0.06375124,0.2239279,0.026212392,0.09335434,0.15162042,0.035015553
1.2.826.0.1.3680043.8.498.74206939384612669977629625310277500302,0.22502728,0.09891274,0.67117757,0.24522099,0.25117743,0.10020868,0.2371231,0.61654747,0.07835144,0.19268298,0.23426718,0.041815218
1.2.826.0.1.3680043.8.498.74214829456846525506232367308573550186,0.06516456,0.04486623,0.5377743,0.11415497,0.44344714,0.18803345,0.52371407,0.5189636,0.08425047,0.26822713,0.08975371,0.0261943
1.2.826.0.1.3680043.8.498.74215611637606164186239511504256137871,0.080023624,0.05557354,0.095132165,0.043915257,0.02968885,0.02707718,0.08761056,0.13340269,0.026570035,0.07271179,0.091275364,0.033733353
1.2.826.0.1.3680043.8.498.74222284584657051737421776919599206132,0.04613944,0.03177869,0.163299,0.04203575,0.08063209,0.047516637,0.1739187,0.25130054,0.028331114,0.13433926,0.08227099,0.020903546
1.2.826.0.1.3680043.8.498.74222294235046321147381553078000820604,0.06629682,0.05444081,0.07141555,0.037960656,0.032203805,0.027882831,0.09559422,0.106503546,0.028515715,0.07578935,0.07949718,0.037889156
1.2.826.0.1.3680043.8.498.74243110959141459268838217468465880820,0.2865971,0.12332599,0.37506473,0.14505257,0.042904757,0.031797472,0.059056684,0.30796647,0.034214083,0.08088399,0.26337016,0.05814594
1.2.826.0.1.3680043.8.498.74243564762473331581882860440560337725,0.08683536,0.06463287,0.65483606,0.18286192,0.6865579,0.36345258,0.6663794,0.629076,0.19233474,0.37123242,0.104581654,0.038126536
1.2.826.0.1.3680043.8.498.74247325306307303036016759070403973520,0.052576207,0.044834577,0.09066042,0.03462413,0.051087,0.040549044,0.18226434,0.12044666,0.031732865,0.09411079,0.07136857,0.03416539
1.2.826.0.1.3680043.8.498.74274855596893595390880617896069524465,0.6836368,0.39584234,0.58857644,0.46708602,0.11617976,0.09534778,0.07903863,0.5639144,0.15552856,0.14366621,0.54521585,0.20455837
1.2.826.0.1.3680043.8.498.74282280145383357786409764912398881272,0.066712625,0.050836686,0.09171002,0.039848674,0.03202544,0.02586604,0.09172619,0.12618253,0.024769763,0.07329391,0.08645726,0.03255817
1.2.826.0.1.3680043.8.498.74332475620045145049628676751586693385,0.038487513,0.03219558,0.2118876,0.046353288,0.23778239,0.11144466,0.43552068,0.28132603,0.049308855,0.18922587,0.05750425,0.023081332
1.2.826.0.1.3680043.8.498.74362364640190722036251935797260325860,0.050832048,0.03935726,0.37235147,0.07201783,0.27072966,0.12560342,0.46285826,0.32091492,0.053736202,0.17501669,0.06875263,0.023643821
1.2.826.0.1.3680043.8.498.74388661917632804671669952747214084502,0.042025037,0.035720143,0.09620704,0.033935733,0.068552434,0.046029974,0.23339203,0.14265147,0.030196903,0.108674385,0.06448481,0.026854448
1.2.826.0.1.3680043.8.498.74394784271003789564066563841806954326,0.04763398,0.040576227,0.077073105,0.033695683,0.047066744,0.036103256,0.18342875,0.12345484,0.028398115,0.094730005,0.06825168,0.02899728
1.2.826.0.1.3680043.8.498.74423888576992387013857540016155410962,0.07654113,0.064095534,0.5592941,0.13153423,0.6685424,0.3603508,0.67914397,0.4751537,0.15800227,0.32471862,0.0787208,0.04060553
1.2.826.0.1.3680043.8.498.74461421748415064477531528884191890661,0.13817883,0.06011446,0.57746595,0.15061083,0.2048854,0.078852974,0.230723,0.5350498,0.050006505,0.14915718,0.1467909,0.024369176
1.2.826.0.1.3680043.8.498.74471396469132211069109289423495141062,0.051991433,0.04702774,0.25879532,0.057690255,0.23705612,0.13512434,0.49375784,0.22324033,0.05948054,0.18838245,0.070852764,0.035230532
1.2.826.0.1.3680043.8.498.74471724874857406578316075456414902954,0.23418547,0.08851908,0.6116321,0.17592743,0.100127056,0.04848705,0.11795414,0.46116996,0.036502603,0.1272127,0.2679666,0.039344322
1.2.826.0.1.3680043.8.498.74622031396885197580453304563088863451,0.41321027,0.23379955,0.8152378,0.49692214,0.57946897,0.3016648,0.4314104,0.78252023,0.31753042,0.34064794,0.40540352,0.12971452
1.2.826.0.1.3680043.8.498.74622912009754642425258484521795653023,0.20340872,0.15615112,0.82793486,0.40916407,0.84691554,0.5691309,0.71441644,0.79871744,0.50314635,0.4649592,0.18279354,0.07807386
1.2.826.0.1.3680043.8.498.74688733778107958348746767768064374883,0.07229694,0.05674983,0.07084474,0.04055593,0.028771028,0.027118517,0.09017936,0.12242177,0.02903959,0.073925175,0.083289266,0.03618576
1.2.826.0.1.3680043.8.498.74714018385278253151175853998945654373,0.22678293,0.094110794,0.41111737,0.1306051,0.048766878,0.03293416,0.068058975,0.33667988,0.030360784,0.09458779,0.26121038,0.045809504
1.2.826.0.1.3680043.8.498.74725806565437665548056410415178280121,0.30931416,0.13861753,0.34885958,0.15144812,0.040864184,0.033148877,0.056104377,0.29466033,0.037685744,0.08263376,0.2756674,0.068724714
1.2.826.0.1.3680043.8.498.74749071555443582954158991248361308204,0.06116832,0.047296684,0.079915516,0.03663486,0.034888953,0.029982347,0.11340817,0.11805154,0.025256736,0.080636114,0.07954146,0.030524204
1.2.826.0.1.3680043.8.498.74855168460956358728708865599401983005,0.064614154,0.05292537,0.06882641,0.038377468,0.030909166,0.027801586,0.096227445,0.12189466,0.028634824,0.078855515,0.08152363,0.035843804
1.2.826.0.1.3680043.8.498.74864145321761783409935288797327597738,0.06958286,0.047608096,0.12386308,0.044536106,0.03232102,0.026079189,0.08849874,0.160007,0.023877574,0.08304403,0.10437074,0.029196003
1.2.826.0.1.3680043.8.498.74872419726042767543822107291861307866,0.6409563,0.32592714,0.66294724,0.46267113,0.12814184,0.08699594,0.08591515,0.5955449,0.12357903,0.1346983,0.5238857,0.15175956
1.2.826.0.1.3680043.8.498.74914646210033032631540802996162814268,0.12264177,0.058157295,0.28371757,0.08533656,0.05238385,0.032118335,0.10462516,0.28540972,0.025887068,0.09059905,0.14929503,0.030353522
1.2.826.0.1.3680043.8.498.74939269621045823332837094516056211606,0.17669766,0.078329705,0.3333253,0.101865545,0.042199325,0.027703904,0.06950864,0.27969727,0.02564671,0.08063131,0.19422013,0.03700566
1.2.826.0.1.3680043.8.498.74940598515597814600837126537274199312,0.33923098,0.13753653,0.4612256,0.18566178,0.054027118,0.038323667,0.061503686,0.3918791,0.04073227,0.10283702,0.34290385,0.06625543
1.2.826.0.1.3680043.8.498.74952769952682175467667812958859010329,0.24184114,0.10140996,0.5749522,0.20934696,0.15367915,0.068461865,0.1564083,0.5560194,0.060204875,0.14558735,0.25562003,0.045107547
1.2.826.0.1.3680043.8.498.75067227246352035607675978826177487284,0.25441435,0.13212055,0.70819247,0.3360472,0.48761803,0.23621556,0.393076,0.7103816,0.20689045,0.3074195,0.27299646,0.07550572
1.2.826.0.1.3680043.8.498.75126165133796914746114117844697263697,0.14789414,0.064312,0.6046832,0.1409085,0.1561244,0.060411774,0.19812441,0.46892154,0.03609157,0.12759793,0.16482008,0.026579194
1.2.826.0.1.3680043.8.498.75168480371573015758963049782687952716,0.30731368,0.20464627,0.88714075,0.4883419,0.8095791,0.47564772,0.6359228,0.79094416,0.3941558,0.39962566,0.25955805,0.08586431
1.2.826.0.1.3680043.8.498.75186274888329123179129240384960518861,0.600607,0.30027148,0.6050428,0.41819504,0.12102071,0.081696436,0.08220159,0.59812087,0.115970865,0.13692752,0.51031137,0.14792854
1.2.826.0.1.3680043.8.498.75187434248356774277526985329346125190,0.5553636,0.2543073,0.75652045,0.4367174,0.1680858,0.09162756,0.11491756,0.633743,0.10597349,0.16037844,0.5144773,0.11997964
1.2.826.0.1.3680043.8.498.75268429892526831752484062674699274309,0.17046915,0.08385123,0.18837671,0.083920956,0.030287331,0.026580965,0.05249622,0.22950728,0.030163221,0.08684308,0.1977511,0.047308706
1.2.826.0.1.3680043.8.498.75276563505367629340309025030148269450,0.044443388,0.03699618,0.3020375,0.06436762,0.43608022,0.20942946,0.5877959,0.33329377,0.07911546,0.26353958,0.06378908,0.029501433
1.2.826.0.1.3680043.8.498.75282577107802752393765861202996650638,0.06252189,0.05730998,0.36178064,0.08047527,0.389671,0.22310936,0.6131738,0.29233658,0.09009199,0.24755327,0.07542135,0.040196177
1.2.826.0.1.3680043.8.498.75378323910171368568360074903297446681,0.05879234,0.03602207,0.1398965,0.0451403,0.05429918,0.034267247,0.1104291,0.23944303,0.027035397,0.11845858,0.10082149,0.022792926
1.2.826.0.1.3680043.8.498.75384600248630012126841890313149674691,0.6439141,0.34037742,0.59228754,0.432122,0.103204004,0.07952019,0.074054636,0.5548257,0.11964427,0.12863912,0.51794994,0.16254932
1.2.826.0.1.3680043.8.498.75418637314688036152637525301534342254,0.15186903,0.06405333,0.49919602,0.1151117,0.0932729,0.04771253,0.13978644,0.36150482,0.031615496,0.10574666,0.16250168,0.029330833
1.2.826.0.1.3680043.8.498.75419034794059601820999512200601915669,0.07653355,0.05487165,0.57844836,0.13477887,0.69052535,0.3790292,0.7089756,0.49022794,0.1254587,0.3562515,0.089569174,0.034779843
1.2.826.0.1.3680043.8.498.75420186662442688955616630735303321846,0.29652795,0.1169056,0.34592664,0.156721,0.048466176,0.035235956,0.054560695,0.37462232,0.039615557,0.10421028,0.3079021,0.062057853
1.2.826.0.1.3680043.8.498.75427432788337288702609576920198810880,0.681016,0.3905746,0.6942025,0.5374826,0.17279714,0.11676616,0.10587541,0.6538212,0.18028209,0.16114908,0.59969413,0.2170776
1.2.826.0.1.3680043.8.498.75518253718111135068488417046278011303,0.073181815,0.055277,0.07737336,0.040582623,0.029441146,0.026528707,0.089991026,0.12604082,0.027300883,0.07293973,0.084035054,0.035210125
1.2.826.0.1.3680043.8.498.75522002047190283617659083787085821064,0.52387345,0.22851387,0.6056988,0.33013332,0.08496589,0.057513632,0.07156769,0.50428075,0.06730087,0.116648614,0.4499421,0.10878825
1.2.826.0.1.3680043.8.498.75523541256169382504121567002441615798,0.043304585,0.03182088,0.2929815,0.060485743,0.2843327,0.12433845,0.4470727,0.35793358,0.052167762,0.20947838,0.062675044,0.02097663
1.2.826.0.1.3680043.8.498.75547515925579172661099437338637082554,0.40753755,0.18711974,0.6244125,0.2971008,0.12712897,0.0701783,0.114348054,0.59073704,0.08290764,0.154426,0.4296107,0.09575503
1.2.826.0.1.3680043.8.498.75548650589349966221875964542604002971,0.0648381,0.042340837,0.2752872,0.07896973,0.20168464,0.0959342,0.31504405,0.3937002,0.05221474,0.1984413,0.10346949,0.02689779
1.2.826.0.1.3680043.8.498.75577846246542841539613557336025271434,0.06486767,0.054489687,0.06617836,0.036160845,0.03155596,0.028769279,0.09801849,0.10964236,0.030202692,0.075103074,0.0778688,0.038649388
1.2.826.0.1.3680043.8.498.75605038901688937188489854019478082759,0.39442924,0.18576524,0.31046215,0.18799408,0.04258977,0.03900159,0.052234728,0.32682452,0.052791547,0.08670652,0.3154338,0.09020037
1.2.826.0.1.3680043.8.498.75627574440860942023321071382766359827,0.062276922,0.0519786,0.0686784,0.036337,0.033830058,0.030691937,0.114217,0.110380374,0.029414348,0.079642415,0.0739209,0.034641005
1.2.826.0.1.3680043.8.498.75639423607035582240174986752280730347,0.110297985,0.097533405,0.7266846,0.23233692,0.8330966,0.58851445,0.79006445,0.6005836,0.3432777,0.44691896,0.100049034,0.06043936
1.2.826.0.1.3680043.8.498.75670996863043899245632198549551296292,0.06920614,0.04338232,0.1273902,0.045446422,0.040258825,0.028404808,0.10587319,0.18651979,0.02362072,0.08580865,0.092981935,0.025283191
1.2.826.0.1.3680043.8.498.75688484058613633923943882730405145535,0.06480168,0.052775964,0.07244238,0.03707965,0.030465445,0.027879646,0.101122044,0.11412968,0.027852995,0.07627704,0.082137555,0.037817545
1.2.826.0.1.3680043.8.498.75739561647115166735277767560308263446,0.06555723,0.03778153,0.26020482,0.056700926,0.08537412,0.04530975,0.19447924,0.28750855,0.025880037,0.11270258,0.084733665,0.018817145
1.2.826.0.1.3680043.8.498.75742195884147990442829552992649204078,0.04823668,0.035451666,0.35600474,0.07363537,0.3016186,0.1284424,0.47943702,0.3786903,0.05489872,0.21036367,0.06838282,0.021811783
1.2.826.0.1.3680043.8.498.75746520601616488682662195284941583868,0.15824138,0.06370739,0.49403107,0.116951376,0.08437436,0.039345182,0.1271624,0.3845444,0.02684986,0.10204636,0.17196557,0.0279824
1.2.826.0.1.3680043.8.498.75751784078102748563815298069799859542,0.061172005,0.051209792,0.06787945,0.036436398,0.032508966,0.02720521,0.10243987,0.13138025,0.028940229,0.08270205,0.08619027,0.03387916
1.2.826.0.1.3680043.8.498.75760698509105388883811155432691667447,0.17966855,0.07856332,0.3076943,0.09618027,0.038918752,0.027082184,0.06490477,0.2633758,0.025268966,0.07664293,0.19102743,0.039090604
1.2.826.0.1.3680043.8.498.75773447415943537938555952303103557864,0.25713554,0.10854652,0.27181792,0.12433347,0.040726446,0.03088608,0.057988647,0.30935848,0.03420559,0.085685514,0.24429029,0.05387248
1.2.826.0.1.3680043.8.498.75800418125597325281807386716279941068,0.3507166,0.22542764,0.89124525,0.5434031,0.86498964,0.59822416,0.7099869,0.8140291,0.49732125,0.46806788,0.29162645,0.10423706
1.2.826.0.1.3680043.8.498.75893915698353338311947268382839152877,0.100680694,0.055918895,0.64303225,0.15943983,0.40367875,0.15730979,0.42686477,0.6044555,0.084170625,0.23556955,0.11937183,0.02527689
1.2.826.0.1.3680043.8.498.75924957745868212343758911856809118662,0.058865156,0.048175395,0.072617486,0.03593634,0.033869233,0.027574278,0.10425301,0.14104815,0.028052963,0.08576287,0.08646952,0.0314885
1.2.826.0.1.3680043.8.498.75926011938952404257302292495731660728,0.27005893,0.10140522,0.5070124,0.16139,0.07109601,0.040629603,0.084727935,0.39278832,0.035565555,0.09239692,0.24305715,0.04491905
1.2.826.0.1.3680043.8.498.75976388060969166980873144500539735332,0.04532999,0.036977313,0.120715626,0.03605943,0.0876068,0.0569437,0.2616469,0.1649798,0.033037733,0.11542694,0.06166137,0.026064008
1.2.826.0.1.3680043.8.498.75980374267002793040832157122311396174,0.14973643,0.11111424,0.77872545,0.32832897,0.80361915,0.49022612,0.715197,0.7465032,0.36760294,0.42821664,0.14464982,0.05805276
1.2.826.0.1.3680043.8.498.76012896432318288623173593280895772876,0.21953556,0.09182288,0.42767116,0.152311,0.072564505,0.040749364,0.10374464,0.40046892,0.036435153,0.11129808,0.24452329,0.045274492
1.2.826.0.1.3680043.8.498.76027799502777251766328820405966979386,0.2080089,0.0817026,0.6244645,0.17858881,0.13158108,0.05814887,0.1487184,0.50629985,0.04262295,0.15021254,0.25677243,0.038914047
1.2.826.0.1.3680043.8.498.76065434429437758192282562351089010088,0.047146205,0.03909062,0.3279981,0.070400015,0.44894782,0.21776062,0.57869303,0.37732372,0.08562927,0.27132502,0.06415512,0.028371762
1.2.826.0.1.3680043.8.498.76093766204928582819565636658977147523,0.06438923,0.052881338,0.07049151,0.037085846,0.030766577,0.027870018,0.101843454,0.11519838,0.027966788,0.077639304,0.08224478,0.03770665
1.2.826.0.1.3680043.8.498.76107330932071966465869847071480517541,0.10770295,0.06587165,0.66796696,0.19723342,0.51556325,0.23484755,0.44137526,0.67922425,0.14064667,0.3423282,0.1511966,0.035383515
1.2.826.0.1.3680043.8.498.76122127303562588545128053661609574837,0.08856145,0.078013815,0.6430117,0.16588059,0.74830645,0.48234487,0.7429021,0.51000035,0.2363318,0.38151565,0.08557682,0.050378904
1.2.826.0.1.3680043.8.498.76125027090596913549224250979076533606,0.055661008,0.04881548,0.06481656,0.03452471,0.035153218,0.030936629,0.121945195,0.11024635,0.029398719,0.08615797,0.074017204,0.0345371
1.2.826.0.1.3680043.8.498.76167153566894354739332364376483514559,0.2086467,0.080693915,0.374074,0.115418024,0.05043274,0.031688098,0.079105884,0.31941262,0.027464468,0.08301473,0.19961956,0.037244402
1.2.826.0.1.3680043.8.498.76190704217737835083438638928129775625,0.09469908,0.04934776,0.5849189,0.13596556,0.32599163,0.12197653,0.36671054,0.5595505,0.06588293,0.2000978,0.114093065,0.022984259
1.2.826.0.1.3680043.8.498.76222770668660274805993655800271653712,0.068674505,0.05283794,0.08022326,0.038870893,0.029561682,0.026533268,0.09657629,0.12316328,0.02685203,0.07292392,0.0871344,0.036400415
1.2.826.0.1.3680043.8.498.76242245340157474968574926079920787199,0.07014211,0.05737986,0.067926094,0.037889794,0.02963283,0.02783644,0.08945942,0.11315805,0.030138142,0.073476136,0.08198971,0.03989687
1.2.826.0.1.3680043.8.498.76281930374588438789344170829280438697,0.5447172,0.28829873,0.7544082,0.52040577,0.34565213,0.18061832,0.2180566,0.7280958,0.2253889,0.23485573,0.49760482,0.15905666
1.2.826.0.1.3680043.8.498.76344826994380951498651448092980303697,0.065968804,0.054575223,0.0678844,0.036744572,0.030683989,0.028164372,0.094782725,0.11429104,0.029245742,0.075031534,0.08007049,0.037711125
1.2.826.0.1.3680043.8.498.76350662767360412185091180512006419379,0.4595942,0.19185552,0.45505542,0.26186612,0.06831792,0.048959885,0.05691178,0.47089785,0.06315654,0.11895458,0.41565645,0.09734353
1.2.826.0.1.3680043.8.498.76514087677277144682713362609812138150,0.14468361,0.113495,0.7675814,0.3244093,0.84594125,0.5677093,0.7429857,0.75813025,0.43390405,0.47111797,0.1395199,0.06466593
1.2.826.0.1.3680043.8.498.76514504104121634569792846980451896030,0.1926297,0.07328828,0.5091911,0.13452883,0.084248915,0.039279092,0.10991156,0.40402803,0.029697483,0.099249266,0.19771576,0.03239613
1.2.826.0.1.3680043.8.498.76525107909962775502207829870873494024,0.15740792,0.07270443,0.6686486,0.17701891,0.25903812,0.09354653,0.2611455,0.56832916,0.059820686,0.15938985,0.1608936,0.027528705
1.2.826.0.1.3680043.8.498.76538737802277241976971950690663079376,0.3407557,0.18226582,0.87901103,0.46051887,0.6674411,0.30653867,0.48063558,0.77338165,0.2508862,0.29792875,0.29565817,0.07214529
1.2.826.0.1.3680043.8.498.76543241221133987658552440969465372120,0.60643834,0.29556534,0.7129526,0.47909802,0.1788493,0.103763334,0.11876565,0.6622292,0.13929014,0.15931872,0.51965815,0.14185865
1.2.826.0.1.3680043.8.498.76545468257774231281618306952011717992,0.27932873,0.1886001,0.84967804,0.4817737,0.81794035,0.514728,0.6429564,0.8231576,0.50397,0.42513907,0.24478056,0.089435495
1.2.826.0.1.3680043.8.498.76620177268652814425535081607587091903,0.23494795,0.14755264,0.8623509,0.38578075,0.77007294,0.40122744,0.6246852,0.7560714,0.27700445,0.35709393,0.20608705,0.060943432
1.2.826.0.1.3680043.8.498.76651080491383110752977286124044311636,0.28495914,0.12325609,0.33733436,0.1453492,0.041799728,0.032116365,0.05408146,0.32147998,0.03717108,0.08733593,0.27542073,0.05878067
1.2.826.0.1.3680043.8.498.76662146598924492573212477881527658730,0.20111072,0.13291232,0.8209581,0.3863632,0.7907347,0.46423456,0.65889996,0.78113043,0.37947434,0.39307895,0.18052556,0.061116062
1.2.826.0.1.3680043.8.498.76680092665218514711300086707222109323,0.11032645,0.048792373,0.42803162,0.09066662,0.08405151,0.044011537,0.14615034,0.3610081,0.027484745,0.11299789,0.14082791,0.022963772
1.2.826.0.1.3680043.8.498.76742750470853901575934097885382242952,0.2691584,0.1576923,0.8437215,0.42441407,0.6903825,0.35085526,0.5387762,0.78522944,0.2899049,0.3483831,0.2605616,0.070462674
1.2.826.0.1.3680043.8.498.76757251008849492985513280752011229119,0.15233323,0.06469611,0.49853,0.12312973,0.10862728,0.050223522,0.15545422,0.4191814,0.03224175,0.11132829,0.1566704,0.025770888
1.2.826.0.1.3680043.8.498.76772148369531098768751348676329945789,0.50716025,0.2451071,0.4315254,0.27028182,0.05969505,0.05178033,0.060340293,0.40800953,0.071115315,0.10341636,0.40513623,0.11907254
1.2.826.0.1.3680043.8.498.76841077743272729415666709641073096909,0.0893034,0.06464139,0.09711312,0.046911325,0.027044598,0.025113279,0.07461828,0.14670822,0.02829192,0.07326955,0.111090004,0.039341442
1.2.826.0.1.3680043.8.498.76862911430418639277808760660745763387,0.121898755,0.07261899,0.1280133,0.064360484,0.030056415,0.0254961,0.06687922,0.19095251,0.028574387,0.079773255,0.14430568,0.04261361
1.2.826.0.1.3680043.8.498.76903562636417038907113894538863784737,0.050823584,0.040317174,0.079905495,0.034866314,0.043523088,0.032577366,0.1406849,0.14171246,0.026684925,0.09120358,0.06998148,0.026537212
1.2.826.0.1.3680043.8.498.76909970028125318280995002129970165723,0.060986117,0.049507365,0.067213446,0.036169644,0.03322533,0.029344492,0.10650649,0.11902826,0.028650507,0.08144148,0.07680938,0.033665366
1.2.826.0.1.3680043.8.498.76914908131203373740345988718674850939,0.050960336,0.044084087,0.06797884,0.034515504,0.042290397,0.034037635,0.16245776,0.117659174,0.028881015,0.0900715,0.06833289,0.031012319
1.2.826.0.1.3680043.8.498.76950154099427419631807259601983648254,0.2566311,0.19339077,0.8652251,0.4833387,0.90386844,0.6926967,0.80374235,0.78804505,0.54570514,0.53764045,0.22056319,0.103319466
1.2.826.0.1.3680043.8.498.76993922254007307143291254174266755701,0.17514163,0.06962349,0.5114636,0.13510264,0.08444026,0.041732777,0.11272441,0.41902143,0.031816952,0.12204263,0.23075843,0.03298142
1.2.826.0.1.3680043.8.498.77018355356797290743788712046815540223,0.5165933,0.22165029,0.67628366,0.36307964,0.14602904,0.08408606,0.116392724,0.56544,0.084726125,0.15786201,0.47831059,0.108409986
1.2.826.0.1.3680043.8.498.77037121474756969001683126693104350509,0.23957127,0.16694348,0.8273579,0.39405277,0.77623963,0.44310114,0.6367247,0.75023514,0.3625617,0.37806553,0.1936092,0.07161296
1.2.826.0.1.3680043.8.498.77058587552329832558354544874120592826,0.44555792,0.27646238,0.9015864,0.59180623,0.7655307,0.4280173,0.5494538,0.8173809,0.40875557,0.36430252,0.374974,0.11908019
1.2.826.0.1.3680043.8.498.77060858802024387619459645469871885412,0.1474532,0.07172794,0.5812037,0.14221951,0.154489,0.068443865,0.2269984,0.4326162,0.045873974,0.1233777,0.1575716,0.03157509
1.2.826.0.1.3680043.8.498.77061877382110597010150770981465581536,0.0486673,0.033582427,0.28011525,0.059993975,0.2811912,0.13312197,0.45654625,0.28814194,0.04253965,0.20604958,0.072534524,0.02347463
1.2.826.0.1.3680043.8.498.77150650601457686196626648868552167695,0.10679828,0.05129776,0.28525695,0.08739117,0.07153566,0.03791932,0.098009646,0.38165212,0.031442784,0.13244307,0.16223972,0.027515154
1.2.826.0.1.3680043.8.498.77155817997584903787597001328868124855,0.09475786,0.05653971,0.14159523,0.05603644,0.031547807,0.02545964,0.07583431,0.20249888,0.025602771,0.077176295,0.12266933,0.031166071
1.2.826.0.1.3680043.8.498.77164129615096222757740198026718214733,0.27939084,0.120305665,0.77699167,0.3149969,0.31974667,0.12869681,0.27423462,0.64282244,0.1039222,0.16690116,0.25738516,0.048209842
1.2.826.0.1.3680043.8.498.77183368292104509335580564463404842046,0.09535726,0.06377887,0.69481885,0.18278371,0.57740086,0.25994852,0.5527906,0.6297453,0.13692126,0.2869088,0.11252824,0.02996481
1.2.826.0.1.3680043.8.498.77215476384973989055525592556183934827,0.15389234,0.11421849,0.78391236,0.2718007,0.73009163,0.41749746,0.6631732,0.65436095,0.26590416,0.34897283,0.13286793,0.053147744
1.2.826.0.1.3680043.8.498.77244685031928454051409193776790348219,0.043018688,0.032223538,0.14236549,0.038427543,0.10315813,0.058025878,0.26805645,0.22041044,0.031653445,0.12610787,0.061340783,0.020790756
1.2.826.0.1.3680043.8.498.77261014467268552758826551926128217025,0.062225163,0.050955813,0.06492651,0.037151784,0.032743912,0.029822621,0.092004016,0.12372124,0.030414263,0.091438524,0.084049255,0.035820756
1.2.826.0.1.3680043.8.498.77274115607096351160296319533007121044,0.19002697,0.16273965,0.8290499,0.4028083,0.89071476,0.68128717,0.79434466,0.75176626,0.5570119,0.5109567,0.153197,0.09149838
1.2.826.0.1.3680043.8.498.77283213969268676660453937180363826917,0.055459682,0.044435665,0.07464313,0.03370338,0.03797181,0.03332942,0.12868756,0.105443835,0.027977802,0.085078,0.07181959,0.032447446
1.2.826.0.1.3680043.8.498.77283634197289382453511269950488893300,0.09270963,0.08645873,0.65243137,0.20643921,0.8112755,0.5347761,0.7724193,0.60751486,0.311835,0.4214659,0.09076399,0.053952917
1.2.826.0.1.3680043.8.498.77290477043075828139630734968573461136,0.04003363,0.033012673,0.105648674,0.03391184,0.085358895,0.053608026,0.26029408,0.16485794,0.031256527,0.122594014,0.05941588,0.02384501
1.2.826.0.1.3680043.8.498.77299727102400166279263320763707637485,0.06271758,0.055289898,0.05928211,0.037560858,0.032009937,0.029624915,0.112314776,0.10682414,0.030968616,0.080127455,0.077559344,0.039203636
1.2.826.0.1.3680043.8.498.77306755058630855443644908572157134062,0.24326043,0.11193144,0.29347357,0.11729741,0.035314072,0.028719181,0.055895973,0.25632253,0.031342722,0.0763545,0.22994004,0.054807488
1.2.826.0.1.3680043.8.498.77319661699409997424800377883567027839,0.16913372,0.087169744,0.69587505,0.25815958,0.48438525,0.21279706,0.43832964,0.67757994,0.14362508,0.29804724,0.19477522,0.0454936
1.2.826.0.1.3680043.8.498.77362718298550276679350855963451855003,0.3202668,0.12545413,0.36830232,0.156812,0.049054448,0.035390597,0.06283662,0.34057936,0.03804806,0.08496812,0.26997876,0.05730682
1.2.826.0.1.3680043.8.498.77370119801633353780677378448761665685,0.0620578,0.05175768,0.068849884,0.03623237,0.03392994,0.030707885,0.11458377,0.110555425,0.029341854,0.07964049,0.073769264,0.034478746
1.2.826.0.1.3680043.8.498.77378803863827312829317008636359414012,0.29967967,0.18722364,0.88024247,0.45471698,0.7630187,0.4001428,0.5882464,0.7780611,0.32365346,0.35368192,0.25527364,0.074305564
1.2.826.0.1.3680043.8.498.77391801789875882109036004511558148658,0.03811873,0.030508261,0.19112875,0.04572763,0.21649438,0.10409931,0.41450787,0.26863226,0.046337634,0.18641827,0.058383998,0.022533584
1.2.826.0.1.3680043.8.498.77416382267531567401698555072875486512,0.23273605,0.103200376,0.34558684,0.11982086,0.04055036,0.02982692,0.061254587,0.27004403,0.029836578,0.079153866,0.22506763,0.04974505
1.2.826.0.1.3680043.8.498.77421709644087006134426085284321515809,0.17942187,0.09467898,0.68545145,0.25903127,0.45716503,0.2054554,0.42354056,0.6664668,0.13738403,0.29862365,0.21466173,0.050513778
1.2.826.0.1.3680043.8.498.77433065090757862487482575794398458402,0.12701806,0.070903085,0.13119091,0.060007907,0.027995301,0.024699107,0.06499373,0.16649732,0.026778562,0.06828742,0.1282346,0.03985922
1.2.826.0.1.3680043.8.498.77442647074650043391818472068835112806,0.47032008,0.2028025,0.5881952,0.28723648,0.07814641,0.05086439,0.069440976,0.47406524,0.059642784,0.10525871,0.40344805,0.0939081
1.2.826.0.1.3680043.8.498.77498121906981512168120474112422492971,0.060640045,0.04855491,0.072145075,0.03836359,0.033033732,0.02817867,0.114649616,0.12459852,0.027035674,0.08182008,0.08105943,0.033379637
1.2.826.0.1.3680043.8.498.77508762938574470575737016745357126587,0.08822469,0.06502452,0.11336533,0.0492119,0.029638711,0.027936641,0.07897117,0.13814354,0.0301598,0.079443164,0.11307411,0.040442467
1.2.826.0.1.3680043.8.498.77513348456432770689938407624768928320,0.24859972,0.13465065,0.8441199,0.34922475,0.592882,0.2462673,0.47176805,0.7152708,0.17166187,0.2691687,0.22902896,0.052485194
1.2.826.0.1.3680043.8.498.77524507552350448792970399203131998592,0.061705187,0.049628817,0.065055974,0.0370727,0.033040266,0.02948765,0.09252802,0.12839872,0.029975975,0.0916114,0.08471782,0.03485726
1.2.826.0.1.3680043.8.498.77541648519018799027301684184453151471,0.06492437,0.054501634,0.066480726,0.036141157,0.031249978,0.02884276,0.09751026,0.110804416,0.029911421,0.07558794,0.078365386,0.038152147
1.2.826.0.1.3680043.8.498.77546769004367585830455474984769277713,0.30704218,0.18340679,0.8577794,0.47980043,0.76379406,0.4410313,0.5902704,0.79896164,0.40412894,0.35322955,0.26117995,0.08258824
1.2.826.0.1.3680043.8.498.77577135626047243581253857225991426727,0.5069002,0.21723308,0.66310835,0.34970933,0.12808822,0.07540746,0.10714098,0.54261166,0.074671425,0.14690164,0.47982085,0.10880681
1.2.826.0.1.3680043.8.498.77584925163022886785284486387921312146,0.058745082,0.047956917,0.0707932,0.03624314,0.03453613,0.027584976,0.111244574,0.13879123,0.027771374,0.0860386,0.08267069,0.03103203
1.2.826.0.1.3680043.8.498.77593859518024366170735307975173961777,0.17143165,0.15008977,0.79997885,0.39324617,0.89670616,0.69567144,0.8096403,0.7572656,0.56336147,0.5228296,0.15092726,0.087955676
1.2.826.0.1.3680043.8.498.77611073647079414772859496272387571059,0.22627132,0.103040606,0.27647933,0.11535769,0.03635891,0.028770119,0.058781676,0.29005772,0.031860314,0.08663331,0.24504666,0.053019024
1.2.826.0.1.3680043.8.498.77626578713099735143745396709359607445,0.3679032,0.1505624,0.54972845,0.21667656,0.069758885,0.042991605,0.0744266,0.4184634,0.044141516,0.09762559,0.32898176,0.06840262
1.2.826.0.1.3680043.8.498.77628479664122209492622263818114972176,0.04102982,0.03229039,0.23701009,0.05218245,0.2845955,0.14001057,0.4696411,0.29350853,0.05577685,0.2222775,0.06535402,0.02564942
1.2.826.0.1.3680043.8.498.77716260980321491689913730053309892120,0.09489065,0.05408452,0.1756726,0.054347534,0.034348924,0.025294064,0.08349082,0.1768586,0.022149015,0.07218556,0.11371644,0.029867476
1.2.826.0.1.3680043.8.498.77735690782343511872544703464260892488,0.6996165,0.3877547,0.76615256,0.5723324,0.2223479,0.14098166,0.13660038,0.66549504,0.18222359,0.19193925,0.62032425,0.20464763
1.2.826.0.1.3680043.8.498.77740672313593763051900703940745812581,0.66053474,0.35047913,0.58537453,0.45292756,0.107627116,0.08418399,0.074110545,0.58018845,0.1303471,0.13845307,0.54046136,0.17461729
1.2.826.0.1.3680043.8.498.77753753872601674668756777373761660873,0.25271836,0.13599,0.82332534,0.37970114,0.6292997,0.2722534,0.4683312,0.75194085,0.2283352,0.26560187,0.20913324,0.052142512
1.2.826.0.1.3680043.8.498.77760453966349959552328150395676117417,0.1682177,0.07032597,0.61129755,0.16441354,0.19738267,0.08287246,0.24380691,0.47842777,0.04438285,0.17428304,0.19907041,0.033172633
1.2.826.0.1.3680043.8.498.77800740811302686332282410929816056283,0.25669238,0.12738557,0.8401093,0.3399002,0.53208125,0.20953283,0.42151073,0.70881283,0.14208686,0.24110109,0.23783903,0.049382955
1.2.826.0.1.3680043.8.498.77801860555102174958520570751272642387,0.35962847,0.19629672,0.8543471,0.49414253,0.7473263,0.42817765,0.5907631,0.7785194,0.33137137,0.3966491,0.32949448,0.09598863
1.2.826.0.1.3680043.8.498.77823946901144772346251781172043480398,0.5503284,0.29689065,0.83317107,0.585429,0.5011874,0.24398068,0.29590276,0.7911793,0.31039596,0.24620529,0.46980685,0.13815409
1.2.826.0.1.3680043.8.498.77843765997593346714211135369376676497,0.14699294,0.13434418,0.7099739,0.26844928,0.80176,0.53383416,0.743906,0.6229743,0.3474693,0.4406576,0.12674604,0.0766253
1.2.826.0.1.3680043.8.498.77889800516853576877948593628420228178,0.19062708,0.08768866,0.3121395,0.112610474,0.046622034,0.030524602,0.071343444,0.34751624,0.03312478,0.097850926,0.23528042,0.04506758
1.2.826.0.1.3680043.8.498.77893704208186903913532950495036889026,0.07010127,0.060477525,0.06301385,0.037440483,0.030759472,0.029914906,0.10351561,0.10270619,0.031929232,0.07832664,0.0812952,0.04314648
1.2.826.0.1.3680043.8.498.77911973519830915742655727368286737079,0.06284555,0.052555542,0.06967199,0.036278374,0.0324173,0.029238112,0.10517131,0.111952834,0.028950194,0.079607956,0.08043295,0.039038192
1.2.826.0.1.3680043.8.498.77933128806366660573360274958258917742,0.052313063,0.044093214,0.07337063,0.033732653,0.038577322,0.032795466,0.13320616,0.10903701,0.028113622,0.08539374,0.07173165,0.03207713
1.2.826.0.1.3680043.8.498.78003548255041391467292087330671945247,0.07571928,0.059134137,0.07193977,0.04020175,0.027692895,0.026625201,0.086918645,0.12357868,0.029696835,0.07370791,0.08740872,0.03705331
1.2.826.0.1.3680043.8.498.78012314847102407375138809615977711653,0.121724024,0.07285364,0.10823226,0.056211863,0.026270421,0.02475273,0.06416463,0.15354426,0.028273534,0.06795789,0.122867174,0.041264698
1.2.826.0.1.3680043.8.498.78072765790191594685273447833272737429,0.07861276,0.05929269,0.5938082,0.12556075,0.5328546,0.2500722,0.5758253,0.50379556,0.108120084,0.26943153,0.08956961,0.032007184
1.2.826.0.1.3680043.8.498.78079900750417018394321006978343945239,0.03849654,0.030715732,0.14887555,0.04080257,0.15563846,0.07931614,0.33206078,0.24237224,0.040332824,0.16584204,0.06624027,0.02335001
1.2.826.0.1.3680043.8.498.78083057157844664959843364584162587026,0.18769619,0.09785041,0.147718,0.08169276,0.027909545,0.025980353,0.051158324,0.20663211,0.032432213,0.07189539,0.17738514,0.050763384
1.2.826.0.1.3680043.8.498.78084594560404633421210837175859618437,0.4263664,0.16974111,0.61885595,0.27890855,0.116023965,0.06550384,0.10682602,0.50867313,0.059637047,0.14130515,0.41361025,0.08250045
1.2.826.0.1.3680043.8.498.78119223228067919465880137763593966456,0.08084551,0.041257255,0.21415651,0.05370773,0.049407206,0.032009922,0.124279104,0.19890392,0.019854693,0.090092935,0.107616365,0.022843536
1.2.826.0.1.3680043.8.498.78188863861812651079751164964756388411,0.31174576,0.12221458,0.57460105,0.20861161,0.07825847,0.044456452,0.08300438,0.46392396,0.04229288,0.11862796,0.34272283,0.057796832
1.2.826.0.1.3680043.8.498.78198993378521219839327914679211902952,0.047766563,0.03360566,0.29571727,0.0582723,0.23499702,0.10823255,0.4171383,0.33007765,0.045946643,0.17091352,0.06264362,0.02047053
1.2.826.0.1.3680043.8.498.78236036694398253902871510456985685293,0.3735627,0.18249622,0.3374351,0.17924425,0.044575214,0.040304076,0.062016383,0.3172423,0.051575746,0.08950982,0.32612205,0.0933775
1.2.826.0.1.3680043.8.498.78238394512811614973689011297363399053,0.3383961,0.15315332,0.65665525,0.29566976,0.20621881,0.097219914,0.1863516,0.62021583,0.09773928,0.19508046,0.3660119,0.07828715
1.2.826.0.1.3680043.8.498.78282552802075313852355443512555224586,0.037567724,0.030540157,0.17712551,0.042576235,0.20352636,0.09987628,0.4083417,0.2500926,0.044252925,0.17898983,0.05719487,0.02280652
1.2.826.0.1.3680043.8.498.78286395605671977872377352305890466464,0.07524508,0.06640551,0.57783514,0.124342464,0.6281812,0.37076417,0.6767094,0.4410151,0.15935889,0.32758734,0.0811592,0.042161923
1.2.826.0.1.3680043.8.498.78296478954955171036523274995555716268,0.055533696,0.035169616,0.3628785,0.07424317,0.22968173,0.10007244,0.387924,0.3777866,0.046538748,0.17098624,0.0726727,0.019407963
1.2.826.0.1.3680043.8.498.78420763928408680447797586163977368190,0.05961746,0.041191116,0.47802737,0.09707584,0.43419558,0.18893053,0.54450047,0.47402167,0.07674681,0.27072704,0.083595216,0.025218561
1.2.826.0.1.3680043.8.498.78465765647012043478539489340002371960,0.13148595,0.07955719,0.7001313,0.23627193,0.6296271,0.29460654,0.56611294,0.7017642,0.20435786,0.31760055,0.14390711,0.04019974
1.2.826.0.1.3680043.8.498.78475145549489837635803968565380247517,0.07208046,0.041036457,0.14693019,0.05117701,0.047605302,0.030770747,0.091576114,0.25041223,0.026083512,0.10808516,0.11323507,0.02535842
1.2.826.0.1.3680043.8.498.78476873086705419136436170130940915568,0.3821387,0.17451218,0.33058906,0.18277422,0.040967736,0.036527734,0.053500388,0.3228337,0.04725317,0.085109256,0.3324811,0.08997519
1.2.826.0.1.3680043.8.498.78512215519177850923279235346968676828,0.21522646,0.12434742,0.8427486,0.35806078,0.7785514,0.43997493,0.6742891,0.72680885,0.25786898,0.38613164,0.20140053,0.055043295
1.2.826.0.1.3680043.8.498.78521396404736679127326025240279747196,0.5066196,0.2532915,0.5167183,0.3045553,0.080246046,0.0592535,0.073674925,0.46332252,0.081999294,0.111063026,0.41401336,0.12206947
1.2.826.0.1.3680043.8.498.78574437345603052437892513165832297960,0.09597696,0.05145305,0.23862956,0.07232167,0.06326704,0.038914286,0.12221675,0.29567358,0.030139858,0.11382317,0.14226854,0.02949175
1.2.826.0.1.3680043.8.498.78646473961447523033955716877524794707,0.4430373,0.1799491,0.5070372,0.24758758,0.06691405,0.04740049,0.06427837,0.4402367,0.053469367,0.097202435,0.35937986,0.07982571
1.2.826.0.1.3680043.8.498.78657055734742806687703707756153505756,0.07150186,0.057006817,0.08211908,0.040154222,0.029962964,0.025761798,0.08481066,0.11486997,0.027503857,0.07117485,0.0867791,0.038098887
1.2.826.0.1.3680043.8.498.78667999747216717251638754803697959701,0.22034608,0.1043409,0.29893085,0.11196523,0.03657135,0.0302939,0.058539353,0.2609333,0.032772664,0.084775336,0.24117032,0.053957235
1.2.826.0.1.3680043.8.498.78674598286586525734293563394409166190,0.04317539,0.034346946,0.30712432,0.064047605,0.38063645,0.17438543,0.5237091,0.3642194,0.06962305,0.23957364,0.061675955,0.024183387
1.2.826.0.1.3680043.8.498.78685661415919658264222803849222055515,0.26344883,0.1251344,0.21278863,0.12376892,0.033930898,0.029012766,0.053703792,0.27158618,0.036862113,0.080408335,0.24648343,0.06669914
1.2.826.0.1.3680043.8.498.78757011872917563830995996191850541453,0.078032136,0.05638449,0.095476896,0.043460287,0.02922637,0.024663156,0.078737386,0.12855595,0.025502827,0.069798,0.09452917,0.035796937
1.2.826.0.1.3680043.8.498.78765525474890094481249498938657540052,0.07697583,0.04234556,0.39618555,0.08904811,0.18451795,0.0866646,0.27613336,0.42895013,0.046077855,0.17721781,0.11612492,0.024852261
1.2.826.0.1.3680043.8.498.78800983923143929298359366572020370031,0.066091314,0.051026575,0.07467781,0.039212853,0.031317525,0.027910847,0.0832239,0.13527252,0.029068872,0.09049421,0.09206143,0.035032105
1.2.826.0.1.3680043.8.498.78808320605816811006382053060951793555,0.067506954,0.05770691,0.06788751,0.03723806,0.030160597,0.028098406,0.09999802,0.11149957,0.029878369,0.073648974,0.08259827,0.040848173
1.2.826.0.1.3680043.8.498.78812661021494224637586904573732040856,0.1861432,0.106922664,0.814178,0.3297356,0.6853553,0.336183,0.5722059,0.73273176,0.24855371,0.30127466,0.17163847,0.046291195
1.2.826.0.1.3680043.8.498.78853931928960361455025737444267199231,0.08043333,0.053405296,0.103056625,0.044471577,0.030318746,0.024657723,0.08369569,0.16779241,0.025570298,0.07961639,0.10818574,0.03245459
1.2.826.0.1.3680043.8.498.78968420394708302953391711477016139949,0.071444996,0.055790003,0.5986196,0.13022725,0.5523124,0.2698073,0.6310181,0.47052255,0.119838625,0.264182,0.07969519,0.030743668
1.2.826.0.1.3680043.8.498.78972123731732056524948076388825106061,0.07480898,0.044797152,0.38733634,0.074184895,0.14210261,0.06848068,0.2538536,0.3327888,0.035609562,0.1349309,0.0971806,0.022727875
1.2.826.0.1.3680043.8.498.79021499290691125513421477204330532755,0.06918925,0.045596123,0.5331447,0.115231656,0.573057,0.282391,0.62780637,0.46597704,0.08942881,0.30200356,0.0899794,0.028547848
1.2.826.0.1.3680043.8.498.79038153803632889185429988483097161887,0.052999783,0.04610963,0.14677626,0.043672595,0.12914008,0.08931529,0.3733465,0.15900818,0.048539568,0.15651724,0.071725525,0.037719656
1.2.826.0.1.3680043.8.498.79077219037094025366585138112899760966,0.05159305,0.039698847,0.101090476,0.037348818,0.044817787,0.032051,0.15651892,0.1511212,0.02518807,0.091415,0.075048745,0.025458908
1.2.826.0.1.3680043.8.498.79080521163097116147379189510104170611,0.29199013,0.12395307,0.40412852,0.15719584,0.04708538,0.03430697,0.059341338,0.34591907,0.0371558,0.093359694,0.30164182,0.059194863
1.2.826.0.1.3680043.8.498.79087227780630716132147615846840128474,0.06585424,0.053057533,0.076327555,0.038224045,0.030658077,0.027416842,0.103656545,0.11140376,0.027973797,0.075968996,0.082728505,0.03753253
1.2.826.0.1.3680043.8.498.79117047831806895544174734229992359986,0.09298331,0.05779798,0.10116795,0.051850405,0.029126665,0.02554822,0.0651439,0.17151558,0.027959274,0.08552475,0.12189238,0.037491083
1.2.826.0.1.3680043.8.498.79122189963582241618519333445055548347,0.24655929,0.093265444,0.59659487,0.18158397,0.09787118,0.047739428,0.106543146,0.47209623,0.039116826,0.12514769,0.283831,0.042711265
1.2.826.0.1.3680043.8.498.79165531588966776246377098630025444815,0.6637668,0.35224244,0.59454256,0.4678565,0.117914245,0.090159625,0.07930777,0.5940132,0.13780954,0.146278,0.5516466,0.18205272
1.2.826.0.1.3680043.8.498.79224785668205420138951103045759609475,0.052712776,0.035916727,0.36782816,0.083773226,0.3048609,0.13889071,0.34691682,0.47898412,0.0666858,0.26849458,0.09627798,0.023794862
1.2.826.0.1.3680043.8.498.79225094031423353857449795712402404317,0.15769012,0.09969991,0.79362684,0.29104143,0.80869734,0.49611312,0.7347995,0.695813,0.25179866,0.42514554,0.15808056,0.049443472
1.2.826.0.1.3680043.8.498.79245771997885598399203314109623928718,0.14730422,0.07450521,0.6299198,0.19182596,0.3259292,0.13258792,0.34981096,0.61195546,0.08806687,0.24015237,0.19034542,0.036384404
1.2.826.0.1.3680043.8.498.79247871688929479411597859576284194165,0.047151852,0.041118264,0.2211148,0.050092004,0.20349145,0.1171791,0.4594264,0.20747434,0.05087567,0.17642505,0.06739665,0.031795826
1.2.826.0.1.3680043.8.498.79258497507223824227830886693749460348,0.13417685,0.07149142,0.21137628,0.072268106,0.03140015,0.025898643,0.0644316,0.20891505,0.025941486,0.0778257,0.16727737,0.03866234
1.2.826.0.1.3680043.8.498.79267465462008228906382361587050826784,0.2819602,0.12721561,0.6599438,0.27783176,0.23837492,0.10604613,0.21965255,0.612495,0.09336137,0.19415586,0.30746314,0.06330432
1.2.826.0.1.3680043.8.498.79274948549030940175536603063980168192,0.22760135,0.09786398,0.36030823,0.11990501,0.04223565,0.03015283,0.066876136,0.28242385,0.028476678,0.08133904,0.22295788,0.047531936
1.2.826.0.1.3680043.8.498.79290157182784080975822485697879660942,0.6918476,0.38077095,0.66277415,0.5059851,0.13648064,0.099337354,0.088170014,0.6111925,0.15182136,0.14768691,0.5628366,0.18564606
1.2.826.0.1.3680043.8.498.79292862882980756453890778996691993351,0.0921521,0.058806255,0.12101865,0.052212063,0.028611809,0.024334207,0.07572462,0.17209487,0.025008691,0.077526525,0.11973257,0.0340929
1.2.826.0.1.3680043.8.498.79326627674334637493320764205397279674,0.15937628,0.06363316,0.51057965,0.119246095,0.093653835,0.04659536,0.12940063,0.3777655,0.03168441,0.10093051,0.16357496,0.027944056
1.2.826.0.1.3680043.8.498.79341955397030543255969676347554165142,0.16097113,0.070641585,0.5375806,0.13768925,0.10402291,0.047060404,0.14361994,0.424567,0.0367587,0.10148852,0.18624187,0.031710036
1.2.826.0.1.3680043.8.498.79505118958475739396320647697583979079,0.07010127,0.060477525,0.06301385,0.037440483,0.030759472,0.029914906,0.10351561,0.10270619,0.031929232,0.07832664,0.0812952,0.04314648
1.2.826.0.1.3680043.8.498.79524312100988116256514335064057385347,0.06629682,0.05444081,0.07141555,0.037960656,0.032203805,0.027882831,0.09559422,0.106503546,0.028515715,0.07578935,0.07949718,0.037889156
1.2.826.0.1.3680043.8.498.79551456190098389081551755482042135791,0.07199705,0.042481173,0.37259123,0.07236821,0.117422596,0.05883248,0.25797808,0.3127257,0.031162433,0.11951046,0.09628799,0.02121119
1.2.826.0.1.3680043.8.498.79560170727391465844958390474997798803,0.44750163,0.21946073,0.8722973,0.52262324,0.61282986,0.29848596,0.43591636,0.7657653,0.24687448,0.29555565,0.3953848,0.09702975
1.2.826.0.1.3680043.8.498.79565393323323007178523850093527250842,0.117500685,0.063512884,0.13818744,0.06309634,0.030873327,0.025540732,0.05867879,0.20602468,0.028018458,0.08885004,0.15201543,0.03835581
1.2.826.0.1.3680043.8.498.79582457162604674356422857305405255763,0.06743417,0.054435764,0.072084114,0.03763936,0.030315973,0.027313178,0.09087538,0.117856115,0.028522562,0.07389314,0.0823897,0.03746318
1.2.826.0.1.3680043.8.498.79609204436595306110253502961172135807,0.07117396,0.047831357,0.102124885,0.043834943,0.032792244,0.025632875,0.10047168,0.14710978,0.024180284,0.0780782,0.09304031,0.0299325
1.2.826.0.1.3680043.8.498.79636443202100988025435536780567446582,0.053546734,0.048041325,0.061017692,0.03509839,0.037334405,0.032129154,0.13881318,0.10899542,0.030263206,0.08742412,0.07336492,0.03482625
1.2.826.0.1.3680043.8.498.79648517065511897282938523065537768426,0.26135358,0.10061486,0.54969424,0.18187408,0.104682386,0.054223187,0.12165011,0.4389226,0.039693553,0.12863988,0.28201443,0.047474172
1.2.826.0.1.3680043.8.498.79672421957132993896448375311641998688,0.043714885,0.038499013,0.25056186,0.05331413,0.34240162,0.17467847,0.56280994,0.24317837,0.06486789,0.2183428,0.057116307,0.03124629
1.2.826.0.1.3680043.8.498.79725520325008084984331823107016254775,0.09941439,0.06792193,0.09611838,0.050903056,0.026712835,0.02497438,0.0716034,0.13746162,0.028424742,0.070709,0.115727566,0.04420635
1.2.826.0.1.3680043.8.498.79741629769872115526056483024289600492,0.12449645,0.060561452,0.19037591,0.06920224,0.035480026,0.025515765,0.07237354,0.22106923,0.024083823,0.08002532,0.14538561,0.0328294
1.2.826.0.1.3680043.8.498.79798779812052605703861699094268016306,0.061397143,0.050240442,0.06734757,0.036290854,0.0327791,0.029135875,0.10602428,0.1172454,0.028676527,0.080882885,0.07678705,0.03419003
1.2.826.0.1.3680043.8.498.79829033430619597320769579608450393290,0.08784212,0.05790572,0.4665635,0.10533492,0.26864144,0.12224022,0.3759713,0.43219796,0.062048428,0.18938601,0.101207405,0.02759491
1.2.826.0.1.3680043.8.498.79977436705480715175480363175316375576,0.19506794,0.09285536,0.7868764,0.27917844,0.4567863,0.18669195,0.40272585,0.68066674,0.11292459,0.27359554,0.23428448,0.04347806
1.2.826.0.1.3680043.8.498.79991838737793096019496013540529642900,0.43529567,0.20735045,0.37753895,0.21515748,0.05067925,0.042538397,0.057336383,0.36444566,0.059557512,0.093064085,0.36296672,0.10823608
1.2.826.0.1.3680043.8.498.80058869639900582578987760750483296668,0.05026534,0.040703278,0.4133895,0.08595603,0.5390118,0.26774585,0.63742846,0.41317868,0.09760001,0.30788228,0.06960473,0.030284395
1.2.826.0.1.3680043.8.498.80100785345864355815698147663964005920,0.3587322,0.1432009,0.5273994,0.20764744,0.064064406,0.040375754,0.06763293,0.40800613,0.041355006,0.09331337,0.31970006,0.06482183
1.2.826.0.1.3680043.8.498.80146250663015309456767479960653638934,0.11001307,0.083257206,0.70273983,0.22031546,0.8243364,0.5387197,0.7757034,0.603793,0.24190435,0.44064498,0.11240225,0.048497222
1.2.826.0.1.3680043.8.498.80161127293548940216292842707683784128,0.18616107,0.16322042,0.8131341,0.40548363,0.90599453,0.73099166,0.8245196,0.74660367,0.59525067,0.54849756,0.15239526,0.10141204
1.2.826.0.1.3680043.8.498.80180578697901833764761405542790185180,0.049160928,0.040940247,0.41132137,0.08178216,0.48780552,0.22754136,0.5943147,0.40329665,0.08857774,0.2611397,0.06471836,0.027661227
1.2.826.0.1.3680043.8.498.80192355832283305029770183988436644845,0.18037996,0.13720441,0.8269791,0.34831044,0.8467734,0.53347147,0.7466819,0.72404134,0.3407298,0.43740568,0.15660456,0.06712633
1.2.826.0.1.3680043.8.498.80207056225476761432712249807198836187,0.048372615,0.036812454,0.11085225,0.034530964,0.064457454,0.045751337,0.20305555,0.13798828,0.0259048,0.10617783,0.07130682,0.02499721
1.2.826.0.1.3680043.8.498.80247974926646352443043954025450139721,0.05890175,0.05396525,0.4126602,0.08613468,0.5591462,0.32822993,0.69312894,0.32838517,0.124927536,0.30310753,0.06739165,0.04287299
1.2.826.0.1.3680043.8.498.80275294885165896124489476449616436102,0.06337332,0.05333649,0.064908884,0.035838287,0.033291217,0.030554466,0.10942892,0.10647437,0.030151203,0.07971052,0.07438345,0.03746732
1.2.826.0.1.3680043.8.498.80284846390295834578273590480193235798,0.06492437,0.054501634,0.066480726,0.036141157,0.031249978,0.02884276,0.09751026,0.110804416,0.029911421,0.07558794,0.078365386,0.038152147
1.2.826.0.1.3680043.8.498.80290749690597272632725356393056746299,0.07842179,0.050906718,0.5769992,0.12275686,0.4485195,0.19150506,0.50269836,0.5358674,0.086599454,0.24343558,0.09103113,0.025729828
1.2.826.0.1.3680043.8.498.80292580287849976694993628109721422478,0.061935708,0.052705128,0.069064535,0.036220837,0.03207009,0.028768916,0.10842531,0.11154769,0.029124096,0.07630649,0.07971558,0.03930637
1.2.826.0.1.3680043.8.498.80312559977515578735238310472949287111,0.41618255,0.1646419,0.5562694,0.24493767,0.071767434,0.044933807,0.070567854,0.4479151,0.046652947,0.103569105,0.36459953,0.0767698
1.2.826.0.1.3680043.8.498.80313580693550912024103221258669390487,0.16984354,0.09470537,0.7624325,0.27503657,0.59135866,0.24792495,0.4922259,0.7223283,0.1753387,0.2755199,0.1697914,0.038975045
1.2.826.0.1.3680043.8.498.80319546205646617603546887163539306146,0.04322761,0.032852042,0.29171002,0.060658384,0.32914704,0.14681296,0.5010611,0.3486109,0.05948638,0.22475134,0.059654213,0.022703
1.2.826.0.1.3680043.8.498.80325205657974094483016625702390834774,0.054047808,0.048776112,0.060201,0.034800015,0.038598042,0.0329992,0.14374588,0.10919517,0.030412909,0.08728643,0.07119891,0.034778498
1.2.826.0.1.3680043.8.498.80391378873630377472192017862302619947,0.11990165,0.059214752,0.20260505,0.06914408,0.040216524,0.029784024,0.08438607,0.22096248,0.023640564,0.087969474,0.14985622,0.033051047
1.2.826.0.1.3680043.8.498.80433141990021472112645841723991584182,0.44700527,0.17698991,0.5569223,0.25771576,0.07935196,0.05251159,0.078482695,0.45213744,0.05280894,0.11985123,0.41931924,0.088057525
1.2.826.0.1.3680043.8.498.80458507774711142534182397228254444268,0.06934938,0.05368135,0.075172774,0.038322635,0.030434096,0.02865991,0.09701442,0.10662684,0.028402986,0.07554709,0.08256672,0.03628251
1.2.826.0.1.3680043.8.498.80492324225032367918842505447056622561,0.039864402,0.031247921,0.23270181,0.04996048,0.2712479,0.12837166,0.46898684,0.2933128,0.05240882,0.20773342,0.058342177,0.02343227
1.2.826.0.1.3680043.8.498.80514754572353458107286859773300865138,0.08501805,0.06176225,0.078611575,0.043461245,0.027380852,0.026463311,0.08144173,0.12593484,0.028490482,0.07059282,0.09070976,0.03773257
1.2.826.0.1.3680043.8.498.80556515221794602430701573588498144286,0.15785772,0.06742052,0.28755426,0.09345096,0.047515307,0.03058364,0.08028023,0.3049144,0.02691619,0.08168725,0.16026409,0.030611916
1.2.826.0.1.3680043.8.498.80557835452734362083552169469427388003,0.045322135,0.04149202,0.07727611,0.033955593,0.059443112,0.04401863,0.22422138,0.121499255,0.031999443,0.1073106,0.06530003,0.031051526
1.2.826.0.1.3680043.8.498.80589796918823112368758999678369292754,0.05971493,0.038173642,0.14292236,0.046729755,0.05279624,0.03388696,0.108774774,0.24650614,0.027070662,0.11776734,0.10165948,0.023366092
1.2.826.0.1.3680043.8.498.80612964209397056653334784776523875647,0.51224047,0.3065791,0.88549906,0.6285465,0.7489133,0.4547026,0.5437482,0.81091005,0.4357148,0.38773078,0.44949707,0.15926038
1.2.826.0.1.3680043.8.498.80627605463642274852766102874822833365,0.073294275,0.056410015,0.08652578,0.04075427,0.029514698,0.025627282,0.083244495,0.11770807,0.0268258,0.07209431,0.089720346,0.03696789
1.2.826.0.1.3680043.8.498.80629565747112614845746475820152813307,0.37764773,0.14950667,0.5776921,0.22842675,0.07432673,0.044742126,0.07770629,0.43801156,0.044076715,0.102270484,0.34099463,0.06721822
1.2.826.0.1.3680043.8.498.80642348849062865125509773837278900750,0.06683992,0.058126073,0.06261618,0.03613703,0.03125792,0.03021882,0.10548545,0.10119887,0.031138483,0.077406265,0.07960666,0.042205013
1.2.826.0.1.3680043.8.498.80643480554795312280333659144941545925,0.06001086,0.053992186,0.057877433,0.036229737,0.03354165,0.030891642,0.12331605,0.10367871,0.031210119,0.08284167,0.075452715,0.0383389
1.2.826.0.1.3680043.8.498.80651977424179089141346174053751183506,0.1917702,0.14359348,0.83759445,0.35775325,0.8431499,0.52613074,0.72937346,0.73140824,0.34627807,0.42464927,0.1640244,0.067455254
1.2.826.0.1.3680043.8.498.80661392139668653552110941896475066204,0.04177148,0.029877422,0.182986,0.04180138,0.11877905,0.062672116,0.28837016,0.242053,0.031198103,0.13831303,0.06257585,0.019169977
1.2.826.0.1.3680043.8.498.80671597537348112977780954910198682272,0.0468069,0.040990066,0.3192951,0.065179,0.44218007,0.21249291,0.5828922,0.33487263,0.07997455,0.24990092,0.060894202,0.030104421
1.2.826.0.1.3680043.8.498.80698510014594772882040509716764819716,0.047236927,0.039793193,0.31329572,0.07336739,0.48546523,0.22988644,0.59843874,0.37296063,0.09335902,0.27998543,0.06612909,0.030647894
1.2.826.0.1.3680043.8.498.80726797831040227285328789648680519664,0.13753885,0.10762067,0.7947172,0.30134296,0.80210006,0.48143974,0.7106001,0.72470057,0.31156597,0.41639435,0.13952231,0.052817576
1.2.826.0.1.3680043.8.498.80735285867775404153100236162962472952,0.25008664,0.10340758,0.29639277,0.11730944,0.037513442,0.030057887,0.059266884,0.26431614,0.02915966,0.08120133,0.24657768,0.05088159
1.2.826.0.1.3680043.8.498.80741358365199721720335324482078866565,0.51415354,0.2206739,0.66066855,0.3484522,0.10420598,0.06258861,0.08444964,0.5367717,0.06893597,0.12200401,0.44033727,0.10273767
1.2.826.0.1.3680043.8.498.80758336123908522542787716219939751704,0.111836225,0.059755426,0.12504037,0.059385918,0.03145129,0.026658235,0.06250088,0.1966459,0.028233143,0.08581961,0.1329759,0.035590786
1.2.826.0.1.3680043.8.498.80851365368114686105558347899990395309,0.45383206,0.20501779,0.4702922,0.28219047,0.07931414,0.05384232,0.07591684,0.49057335,0.06858576,0.11650004,0.41105533,0.101945885
1.2.826.0.1.3680043.8.498.80861108320341696163987804408524915999,0.07301729,0.05640106,0.08566063,0.040671118,0.029506855,0.025441613,0.08260658,0.119269304,0.026935212,0.07064636,0.08998944,0.03726017
1.2.826.0.1.3680043.8.498.80876235930771882271600826613593202364,0.19798787,0.099943295,0.23401013,0.09695563,0.031040166,0.028198667,0.055566244,0.22099976,0.03194008,0.08050295,0.21595682,0.05414339
1.2.826.0.1.3680043.8.498.80878057166752747059190481131529937715,0.044412963,0.030479124,0.22751191,0.047799043,0.14853975,0.07084095,0.31432557,0.27319637,0.03320038,0.14782067,0.06613715,0.019699326
1.2.826.0.1.3680043.8.498.80886525412417948114478368374120704834,0.18848379,0.16542414,0.8206409,0.40699598,0.9045198,0.73010445,0.827422,0.73709637,0.5930614,0.5401064,0.15441868,0.1016396
1.2.826.0.1.3680043.8.498.80931292574057303692838531323879513417,0.36343524,0.14277852,0.49854073,0.23077899,0.080433495,0.04855907,0.06931325,0.50143605,0.054188613,0.12911141,0.37398443,0.0711777
1.2.826.0.1.3680043.8.498.81012548926053584036386949658594985125,0.12391281,0.06300145,0.290203,0.08949432,0.06112002,0.034968548,0.102058336,0.34005564,0.031962678,0.10894722,0.17537788,0.03229163
1.2.826.0.1.3680043.8.498.81018911907787774214591206085583545057,0.1897677,0.085964724,0.6956241,0.23182495,0.30278525,0.116897374,0.28310838,0.638407,0.08239952,0.2102632,0.20666088,0.035977487
1.2.826.0.1.3680043.8.498.81024897463656728358703040759074583549,0.34139627,0.13829239,0.49834052,0.19124396,0.058974523,0.03821943,0.06792455,0.38553837,0.03940414,0.0933169,0.3082536,0.06411802
1.2.826.0.1.3680043.8.498.81031057654953109295788159826841315360,0.10570192,0.05374642,0.48198336,0.12399677,0.17027535,0.07301413,0.18152606,0.5310414,0.05118531,0.19240701,0.16636151,0.027074168
1.2.826.0.1.3680043.8.498.81096597169632636454986988944050298701,0.22272539,0.1026413,0.32197362,0.11585886,0.03886834,0.030496601,0.061463807,0.2807025,0.031797614,0.086596906,0.24155036,0.050506555
1.2.826.0.1.3680043.8.498.81103809943451790668501089584752866199,0.050441798,0.041791398,0.071845256,0.03333683,0.04192025,0.03352181,0.14305776,0.12546653,0.027766312,0.09071327,0.06907559,0.028647395
1.2.826.0.1.3680043.8.498.81109405367395078564887780335570099673,0.18467505,0.09246128,0.47655052,0.1766909,0.16852252,0.08632701,0.19684479,0.5158962,0.07377567,0.19532983,0.24750763,0.054628477
1.2.826.0.1.3680043.8.498.81142440700884513521007992957945568924,0.2517681,0.09652356,0.48878828,0.1657596,0.07735156,0.042917654,0.09026104,0.4273743,0.038136315,0.10989923,0.26442182,0.047497865
1.2.826.0.1.3680043.8.498.81248820934296461385324385812581970340,0.04177181,0.036144987,0.11778198,0.034445334,0.10216109,0.063546576,0.3079175,0.14499323,0.03389889,0.12128101,0.05847548,0.027136162
1.2.826.0.1.3680043.8.498.81269884425000228604280521306949721859,0.06258811,0.053022336,0.06619849,0.037062388,0.03116449,0.02802002,0.101493046,0.1184146,0.029240407,0.08180306,0.08199936,0.035715286
1.2.826.0.1.3680043.8.498.81327951282145199298572980264557740321,0.34097266,0.12791647,0.5369268,0.20553334,0.07861522,0.043653987,0.0819389,0.44644585,0.041705023,0.09510112,0.28323185,0.051527105
1.2.826.0.1.3680043.8.498.81342416992724702402763591633702802359,0.14106175,0.069414504,0.67256445,0.18277065,0.31244487,0.1173884,0.3354556,0.59098375,0.0700958,0.18670788,0.15346871,0.027839834
1.2.826.0.1.3680043.8.498.81347841116019279082226143308588516787,0.053979736,0.047892597,0.06151258,0.035798218,0.038487673,0.032782782,0.14607556,0.11229239,0.030227639,0.087173976,0.0711035,0.03396706
1.2.826.0.1.3680043.8.498.81351574724227319632426427855692606694,0.16204073,0.07526009,0.70730186,0.21826427,0.45076555,0.19549368,0.44955856,0.6011978,0.09038903,0.26617122,0.18413863,0.036548432
1.2.826.0.1.3680043.8.498.81407504276375197122586620633759174421,0.13855918,0.067194924,0.21768987,0.08956118,0.048813995,0.032214932,0.0703723,0.3262338,0.03306112,0.11663838,0.19327159,0.038146935
1.2.826.0.1.3680043.8.498.81462603621780919719466264356289554669,0.06629682,0.05444081,0.07141555,0.037960656,0.032203805,0.027882831,0.09559422,0.106503546,0.028515715,0.07578935,0.07949718,0.037889156
1.2.826.0.1.3680043.8.498.81464322239381998685473520085495957135,0.050898544,0.040217552,0.08695828,0.03343136,0.045229957,0.035337795,0.14934912,0.12188441,0.024268428,0.09042851,0.07259251,0.027288608
1.2.826.0.1.3680043.8.498.81466575994184158172641823163654418018,0.05236332,0.035932172,0.42393556,0.08456777,0.34080002,0.14674039,0.45567775,0.4413758,0.062217947,0.22416528,0.07579614,0.020810217
1.2.826.0.1.3680043.8.498.81475058647553697318837239968139077272,0.27202404,0.11559277,0.40983212,0.14793842,0.04615236,0.03478829,0.06327957,0.3279678,0.035153095,0.09358477,0.28943014,0.057158567
1.2.826.0.1.3680043.8.498.81495303185504163367736663647489556517,0.04122099,0.034170326,0.10975236,0.035220686,0.08663684,0.053445473,0.2549075,0.17064843,0.032246534,0.116002135,0.05826606,0.023136824
1.2.826.0.1.3680043.8.498.81540134120507822899514611863725372563,0.20017052,0.09397686,0.27776265,0.10291577,0.03346784,0.027754612,0.05603644,0.2589487,0.02961796,0.08400096,0.23151365,0.04877164
1.2.826.0.1.3680043.8.498.81567030584250750745410094870790052181,0.5240142,0.24006058,0.42608634,0.28884366,0.06666262,0.052592304,0.058455262,0.4761099,0.07664771,0.11079444,0.4368709,0.11933966
1.2.826.0.1.3680043.8.498.81590494282169434250974061642267472166,0.10108115,0.064707026,0.10148317,0.05368809,0.026708756,0.02400309,0.073115185,0.1496715,0.026990863,0.072463125,0.11922069,0.039961256
1.2.826.0.1.3680043.8.498.81629704995225424568187579791704967233,0.06537166,0.05396964,0.06603179,0.03728629,0.031530406,0.029263064,0.09950964,0.10952961,0.029996842,0.076782346,0.07941602,0.036574323
1.2.826.0.1.3680043.8.498.81631925197682464058124413934958934086,0.17773195,0.090925224,0.22707573,0.08689791,0.031294987,0.026040196,0.058043834,0.20322199,0.028284784,0.07110922,0.18328932,0.047518395
1.2.826.0.1.3680043.8.498.81651132686162360431299931833372141617,0.044112258,0.034556437,0.15568061,0.037292536,0.102021255,0.061426252,0.27545515,0.18532793,0.032496903,0.12319785,0.06243553,0.024042966
1.2.826.0.1.3680043.8.498.81651455914141365028015556083080638757,0.055459682,0.044435665,0.07464313,0.03370338,0.03797181,0.03332942,0.12868756,0.105443835,0.027977802,0.085078,0.07181959,0.032447446
1.2.826.0.1.3680043.8.498.81692996137620934043276253858381812472,0.16377494,0.066998646,0.50051993,0.14406443,0.12191379,0.054987483,0.15526482,0.47297603,0.04003572,0.12811701,0.17794022,0.029043958
1.2.826.0.1.3680043.8.498.81698411330214788362326470979160431674,0.08219934,0.060794316,0.07539055,0.043148473,0.027048483,0.026036737,0.07846836,0.13233116,0.029566292,0.07344072,0.097001664,0.03885607
1.2.826.0.1.3680043.8.498.81738571920712657790861120957086010772,0.14144479,0.06764698,0.19203298,0.08124409,0.03874114,0.02747527,0.061657526,0.27943313,0.028909449,0.100275725,0.180142,0.037038725
1.2.826.0.1.3680043.8.498.81740348974208459068937862799489495782,0.049663674,0.045723252,0.0668449,0.033665147,0.046582874,0.03786722,0.18204258,0.10950821,0.0317535,0.09820668,0.06901758,0.03445182
1.2.826.0.1.3680043.8.498.81790990482142045640192729399175106255,0.2188795,0.15709668,0.8523028,0.42053434,0.8848783,0.6393603,0.78219324,0.7621131,0.44993973,0.48953488,0.191877,0.077933416
1.2.826.0.1.3680043.8.498.81793454171031578492222004629265937656,0.058053717,0.042672932,0.44520363,0.101380885,0.5280239,0.25263712,0.59116125,0.48891762,0.11158697,0.30134037,0.081158094,0.029421734
1.2.826.0.1.3680043.8.498.81796385087779065457668769443782458844,0.05532993,0.04674258,0.4194121,0.098392054,0.6212959,0.31805244,0.67939,0.43986592,0.13059002,0.33753312,0.06699827,0.033993464
1.2.826.0.1.3680043.8.498.81797437102217585216278133168092577952,0.056232687,0.043710858,0.08701169,0.037881896,0.03692515,0.029016593,0.12866834,0.13865678,0.025114609,0.085380316,0.08002276,0.028321546
1.2.826.0.1.3680043.8.498.81819209302731920404237374320026807282,0.095170036,0.08139693,0.6522184,0.20921731,0.81500155,0.5312018,0.7749645,0.62206197,0.29719415,0.44761884,0.1025296,0.05361128
1.2.826.0.1.3680043.8.498.81822709772232914298414700148454511661,0.11467686,0.0764409,0.10563814,0.053481013,0.025209753,0.025227722,0.065843135,0.13813192,0.029122952,0.066991016,0.12665433,0.04842395
1.2.826.0.1.3680043.8.498.81832287065207835637503039077685315236,0.17833821,0.0850328,0.26538122,0.093817085,0.03359196,0.0266604,0.05875137,0.24720702,0.027819267,0.082904845,0.21486169,0.044214033
1.2.826.0.1.3680043.8.498.81892104897856100357169774214718573167,0.043296073,0.03447996,0.13004926,0.0356848,0.09666344,0.06024972,0.27613977,0.1574162,0.028257063,0.12503937,0.06511785,0.024247928
1.2.826.0.1.3680043.8.498.81927409938015158663782061022054347955,0.20327468,0.07753488,0.65297824,0.19241807,0.22148748,0.09183762,0.24069838,0.52112687,0.049253345,0.18103041,0.21772577,0.034337603
1.2.826.0.1.3680043.8.498.81957447654112577010261210572986132211,0.16059764,0.11286346,0.80899334,0.31010455,0.84450275,0.55703926,0.76844096,0.6985349,0.3024372,0.44209856,0.15312287,0.05551754
1.2.826.0.1.3680043.8.498.81964000393640770822199916465038759069,0.4301805,0.21718755,0.8555104,0.50808865,0.6124992,0.3088705,0.45346382,0.7664659,0.25667283,0.3225333,0.40132564,0.10399779
1.2.826.0.1.3680043.8.498.81974732979506931694079719601760393277,0.06980099,0.06484058,0.50605273,0.11720275,0.69380355,0.43757528,0.7478305,0.39423305,0.18171999,0.3568324,0.07337507,0.049343437
1.2.826.0.1.3680043.8.498.81981151447274200345866874172324295172,0.27824625,0.12245225,0.75420755,0.3071958,0.36702225,0.15444148,0.32681096,0.6333075,0.100489415,0.23621942,0.29140353,0.056232102
1.2.826.0.1.3680043.8.498.81984200870681776955493738987078746894,0.11210186,0.06313145,0.13242665,0.05789815,0.029608328,0.025339866,0.05957354,0.18650116,0.02792899,0.085083455,0.14323476,0.03844298
1.2.826.0.1.3680043.8.498.82012532783011843175172575198326783678,0.078490734,0.05877806,0.09081508,0.04324199,0.028618291,0.02490949,0.077778175,0.12245779,0.026465476,0.06948794,0.09413017,0.037563488
1.2.826.0.1.3680043.8.498.82053853036886620816821481139413594407,0.12430943,0.051366404,0.45744005,0.10135717,0.113080226,0.052903883,0.17805378,0.36325845,0.027433602,0.12904985,0.15434454,0.024233982
1.2.826.0.1.3680043.8.498.82074883987134049971242727164506046476,0.17784858,0.11741512,0.80350626,0.3306749,0.72828263,0.38085046,0.629136,0.7349421,0.27901012,0.349488,0.16192734,0.051407266
1.2.826.0.1.3680043.8.498.82143276307898132314496735515204481508,0.20224625,0.13702053,0.8332175,0.3284839,0.72556484,0.36395058,0.6164633,0.7008554,0.23303035,0.33843094,0.18405719,0.058031492
1.2.826.0.1.3680043.8.498.82144602300666174450721045102799681426,0.13473833,0.06258797,0.2892849,0.07862249,0.043564282,0.029612811,0.089637436,0.22505905,0.024024671,0.07598751,0.1439275,0.033214547
1.2.826.0.1.3680043.8.498.82157293611630605740641187215639204974,0.36799017,0.15229768,0.5451191,0.26917845,0.1176847,0.06504615,0.09200242,0.5585407,0.071307965,0.16153696,0.3842182,0.07918777
1.2.826.0.1.3680043.8.498.82166943552764439138333504456139890254,0.24187803,0.1750851,0.8344122,0.4035954,0.7931815,0.47636184,0.645258,0.7571416,0.4020659,0.3881608,0.19344348,0.07536888
1.2.826.0.1.3680043.8.498.82169173362972793731001247413129649263,0.07144041,0.055577718,0.5069114,0.12267667,0.696576,0.41018856,0.7334023,0.4325443,0.13123818,0.37200028,0.08534378,0.03964248
1.2.826.0.1.3680043.8.498.82272793832748838882752586678639564181,0.037730623,0.03171618,0.11969838,0.035335,0.11269098,0.06467113,0.30384558,0.18340465,0.034127455,0.13659826,0.056916617,0.023142181
1.2.826.0.1.3680043.8.498.82355456395534835058857499033494900716,0.057903558,0.042709474,0.11166161,0.038160313,0.036155768,0.028811764,0.1052346,0.14228071,0.025274383,0.083425395,0.08873059,0.02845637
1.2.826.0.1.3680043.8.498.82414828460683289235183375457850096746,0.05670669,0.03691378,0.38738358,0.08365368,0.32155845,0.14909926,0.4306274,0.39656204,0.0549727,0.24366477,0.09501808,0.025974585
1.2.826.0.1.3680043.8.498.82440268452598207215458064865523988222,0.13855067,0.060865298,0.37300575,0.10388833,0.0676021,0.036374375,0.12358585,0.34076896,0.027317764,0.103909835,0.16645977,0.02973761
1.2.826.0.1.3680043.8.498.82447100001417065190678617013741085481,0.059686873,0.044210866,0.4571795,0.09001225,0.402852,0.17958614,0.5137628,0.43271938,0.073104456,0.22887217,0.074364856,0.02541106
1.2.826.0.1.3680043.8.498.82481056562260046738834822905709207128,0.06668612,0.054162357,0.06677779,0.0372701,0.03047505,0.02821218,0.095184065,0.11463942,0.029544143,0.07707216,0.08139194,0.03635195
1.2.826.0.1.3680043.8.498.82498616123349854719801627024073383874,0.4831111,0.2044746,0.5919036,0.29966587,0.081575304,0.05278403,0.07190737,0.48612386,0.05904954,0.112013936,0.42012858,0.09667747
1.2.826.0.1.3680043.8.498.82523073559792523830827952754346276051,0.14781007,0.074512176,0.15543304,0.07158461,0.029218279,0.026137521,0.053977907,0.20570397,0.029177407,0.08559193,0.17113471,0.04385279
1.2.826.0.1.3680043.8.498.82548251499640077572026404183402934330,0.05840447,0.042481743,0.4860121,0.09023819,0.49707866,0.21313335,0.5890556,0.4159174,0.07327551,0.23314756,0.069614336,0.026629427
1.2.826.0.1.3680043.8.498.82548952153746644951736669119607083230,0.06960826,0.05266246,0.5344425,0.13409254,0.65613425,0.33405125,0.67016214,0.53891903,0.15377183,0.33532977,0.086332224,0.036820516
1.2.826.0.1.3680043.8.498.82579118531566493365068788437906656162,0.08445391,0.061480515,0.11040672,0.046252035,0.02984713,0.027920142,0.080950744,0.13114877,0.028431404,0.07707517,0.107557684,0.038715422
1.2.826.0.1.3680043.8.498.82582558624896662901163827145277490232,0.07314741,0.06073978,0.5748449,0.13272485,0.6913965,0.37320176,0.69134325,0.49854162,0.16125453,0.33170182,0.07543089,0.038140096
1.2.826.0.1.3680043.8.498.82587763533601760002619014353812074700,0.044552173,0.035307564,0.24951172,0.06283925,0.3400134,0.16648951,0.51478887,0.3352215,0.072117984,0.23296152,0.06424963,0.028173883
1.2.826.0.1.3680043.8.498.82591599611540849522609405219902904134,0.06775351,0.05169367,0.07310155,0.039758958,0.030905291,0.027515475,0.08124061,0.13727975,0.028621446,0.08955524,0.09309552,0.03580569
1.2.826.0.1.3680043.8.498.82655005222804459605894403147145992714,0.065329336,0.053412333,0.068947665,0.036484815,0.031109136,0.028149026,0.09551185,0.11523897,0.028872304,0.075179234,0.08002579,0.037414037
1.2.826.0.1.3680043.8.498.82731606763525898032678680051515732914,0.10451213,0.07987128,0.68797624,0.22607596,0.78458774,0.4616027,0.7264876,0.6718822,0.270495,0.4187773,0.11635254,0.048359316
1.2.826.0.1.3680043.8.498.82744514729782879778828512295184306538,0.06234655,0.040014543,0.47267306,0.09193626,0.45951968,0.21295606,0.56427926,0.39451417,0.061518785,0.2667123,0.08516957,0.024921909
1.2.826.0.1.3680043.8.498.82757616216788919181323176147396770758,0.16321304,0.08002462,0.72741,0.19539854,0.30566296,0.1100779,0.31850523,0.5664812,0.06414096,0.1715696,0.17306726,0.032334402
1.2.826.0.1.3680043.8.498.82858981777405241601610241542173548956,0.089623794,0.08009534,0.637828,0.17708617,0.79758483,0.5451134,0.7826276,0.5160504,0.27232915,0.4141632,0.08534518,0.056327738
1.2.826.0.1.3680043.8.498.82902769135373284012762237744774967400,0.14552647,0.08390768,0.7752964,0.22943987,0.6014461,0.2565368,0.55115825,0.6513642,0.13022758,0.27547044,0.14761257,0.036609147
1.2.826.0.1.3680043.8.498.82925474533853765570570726554869886925,0.045432616,0.03274357,0.20207492,0.054146096,0.18205225,0.094451375,0.34692913,0.29068807,0.04228895,0.1850346,0.07644656,0.02322954
1.2.826.0.1.3680043.8.498.82967086493280898295669930903240677729,0.08909182,0.07932493,0.67386436,0.18404277,0.7495733,0.46078375,0.75436157,0.5309408,0.22718476,0.36515456,0.08716781,0.047691334
1.2.826.0.1.3680043.8.498.83000639623679673469640458882929412717,0.09870069,0.056933794,0.20150483,0.057928246,0.044882815,0.034657944,0.10803791,0.19190487,0.026859228,0.08557293,0.11356864,0.031445537
1.2.826.0.1.3680043.8.498.83028939839767027342482365275441078777,0.30770215,0.13287415,0.3467622,0.1604528,0.047310118,0.0355344,0.062595844,0.36290926,0.04011714,0.10034858,0.30653113,0.067073666
1.2.826.0.1.3680043.8.498.83030371526667747898709613600825477966,0.7057973,0.41483617,0.7975477,0.62548965,0.32160512,0.19691001,0.19579603,0.7111347,0.2513945,0.23935176,0.631989,0.2386857
1.2.826.0.1.3680043.8.498.83054899303871276184985881638619543362,0.13608737,0.08529693,0.76012504,0.2571825,0.7676436,0.43641707,0.7069756,0.6591124,0.20213385,0.39520878,0.14681472,0.04542298
1.2.826.0.1.3680043.8.498.83055401642066749019091368358783700783,0.37573242,0.14865181,0.5025079,0.21308328,0.060676508,0.03990722,0.065699965,0.403647,0.040799703,0.09691422,0.3355317,0.071285605
1.2.826.0.1.3680043.8.498.83061811791652434833797599835671351097,0.07392398,0.054898944,0.07572069,0.041733667,0.029271642,0.027013542,0.075965896,0.13785459,0.029150533,0.08704338,0.098387495,0.03718547
1.2.826.0.1.3680043.8.498.83108474538388106770920972885900596508,0.0394308,0.030118128,0.12850903,0.03523142,0.095344946,0.056860372,0.2672244,0.184141,0.030582048,0.13322641,0.06549181,0.022679085
1.2.826.0.1.3680043.8.498.83121378128521985713113311344685112825,0.6071963,0.29950035,0.7853081,0.51902163,0.28100425,0.14996137,0.18287471,0.6759088,0.15894327,0.20658755,0.55164766,0.15429041
1.2.826.0.1.3680043.8.498.83152040259754415849193046299744699239,0.09386328,0.05645247,0.11055072,0.05346378,0.03150326,0.025921918,0.06655742,0.19755161,0.028020594,0.09286984,0.12865074,0.034347296
1.2.826.0.1.3680043.8.498.83220896521302064187926748035734200732,0.061351757,0.04969255,0.06760832,0.03738864,0.032858405,0.029236922,0.09107091,0.12745653,0.029947309,0.092408895,0.085742354,0.035015505
1.2.826.0.1.3680043.8.498.83235374118671754689663732057314083332,0.07319003,0.041433852,0.19316159,0.054793593,0.05566774,0.032899976,0.12878898,0.24693252,0.024605041,0.099706285,0.106835954,0.022677071
1.2.826.0.1.3680043.8.498.83237706274929081175032033288272528919,0.6155488,0.3308539,0.5727858,0.4106824,0.10015791,0.07499541,0.072179206,0.54325867,0.1174358,0.12179223,0.51063895,0.16651739
1.2.826.0.1.3680043.8.498.83253778356746892201320443660102495790,0.21528356,0.09729969,0.20998819,0.09947216,0.033659235,0.027246825,0.05519813,0.2543853,0.03075138,0.07335545,0.19372302,0.04730058
1.2.826.0.1.3680043.8.498.83271280040777227673434567660749430744,0.22142076,0.09743062,0.76342314,0.27415055,0.43911886,0.1833346,0.40891483,0.64033145,0.09671594,0.2627506,0.24117024,0.044301428
1.2.826.0.1.3680043.8.498.83376388091077619281568190257019735638,0.043665197,0.034439743,0.259139,0.060083512,0.33670086,0.15141955,0.48982662,0.3371328,0.06501827,0.22082378,0.06573701,0.025683783
1.2.826.0.1.3680043.8.498.83384018761005700404957421316476952190,0.06715021,0.05569289,0.5338034,0.121276245,0.66297704,0.3480433,0.6852248,0.50953,0.15205549,0.34232375,0.076053046,0.034530263
1.2.826.0.1.3680043.8.498.83456649088980869429062498344457162631,0.13190798,0.06353757,0.21222523,0.07604666,0.03926702,0.028195236,0.06633074,0.26835045,0.028078303,0.097651094,0.17469761,0.035680577
1.2.826.0.1.3680043.8.498.83465081013175989426506371406463660936,0.09374256,0.052667096,0.51485443,0.13897477,0.2939933,0.12665814,0.28720745,0.58073044,0.07820089,0.2622609,0.15110786,0.029393574
1.2.826.0.1.3680043.8.498.83495448827553002152296206085110883602,0.36163995,0.1451475,0.4587316,0.19769272,0.05590906,0.038023204,0.062074576,0.39521787,0.040533777,0.09610389,0.33475617,0.067758635
1.2.826.0.1.3680043.8.498.83509478059288902959149676250911654986,0.065968804,0.054575223,0.0678844,0.036744572,0.030683989,0.028164372,0.094782725,0.11429104,0.029245742,0.075031534,0.08007049,0.037711125
1.2.826.0.1.3680043.8.498.83569065014916050100714967945484998462,0.07249964,0.045412414,0.12523182,0.04792982,0.037155606,0.027451888,0.10797244,0.1703123,0.023322392,0.08209067,0.09615945,0.027587412
1.2.826.0.1.3680043.8.498.83602205818477323486169938182117122488,0.048157617,0.03182939,0.20955078,0.048079614,0.09643486,0.0503564,0.22697541,0.26197553,0.027217256,0.12523386,0.07644242,0.019542743
1.2.826.0.1.3680043.8.498.83691358175810149975084604975065122220,0.4274786,0.18197963,0.4039985,0.22584462,0.055364642,0.042522777,0.05695478,0.4181374,0.05365581,0.094469465,0.35784626,0.08318382
1.2.826.0.1.3680043.8.498.83740112248863750162633901687556705057,0.07370563,0.05631418,0.08003261,0.040715422,0.028869286,0.025540061,0.086954564,0.1406782,0.028011478,0.07693497,0.09557014,0.035332657
1.2.826.0.1.3680043.8.498.83747418172021065605877274971789603771,0.12122829,0.091855995,0.77561975,0.25493088,0.7565705,0.44059315,0.7121478,0.65306175,0.2642355,0.3568311,0.111600004,0.044831954
1.2.826.0.1.3680043.8.498.83847285247209768917850605454140194088,0.05238385,0.039722726,0.0819223,0.035485376,0.042074345,0.03198452,0.13296384,0.14648259,0.026705805,0.09445209,0.07641233,0.02724285
1.2.826.0.1.3680043.8.498.83956129905762530953192730040209719910,0.056442313,0.045346018,0.07640854,0.03486573,0.038038556,0.031698156,0.122450866,0.11286703,0.025845313,0.08552901,0.07545376,0.031039033
1.2.826.0.1.3680043.8.498.84007436672323587547274248257117331532,0.09908781,0.08961633,0.67704874,0.2046597,0.8263379,0.58238024,0.7957286,0.5560572,0.31684622,0.43729776,0.09149308,0.060946118
1.2.826.0.1.3680043.8.498.84047134932018909998648460546980598926,0.040583503,0.035257827,0.22055207,0.05076258,0.3003075,0.14547151,0.5099923,0.27716714,0.0589602,0.21878159,0.057679523,0.026801432
1.2.826.0.1.3680043.8.498.84059077072076289248966490696872414783,0.71072334,0.4266916,0.62656283,0.5195207,0.13623317,0.10906952,0.0857786,0.60946023,0.1832562,0.15450342,0.58121026,0.22321028
1.2.826.0.1.3680043.8.498.84062602050757262792437893691591415560,0.099805854,0.056522734,0.14810044,0.05903776,0.03438237,0.025655428,0.08725493,0.19253941,0.024143895,0.076617755,0.119389445,0.031679016
1.2.826.0.1.3680043.8.498.84062980592611347665739105270731842220,0.2482355,0.09370891,0.52474177,0.16221179,0.08464985,0.04358234,0.103120506,0.41586754,0.035653,0.095759675,0.2244214,0.038780052
1.2.826.0.1.3680043.8.498.84069767112794890061709127671908414399,0.30212855,0.20801105,0.88747436,0.4933545,0.8352682,0.5200519,0.6716697,0.7945614,0.43446624,0.41584483,0.24842577,0.0881376
1.2.826.0.1.3680043.8.498.84123495463663584148839831457665741488,0.26152712,0.105617106,0.4335021,0.15845484,0.056295358,0.035881553,0.06802209,0.38649806,0.03613942,0.106229424,0.29897964,0.052722704
1.2.826.0.1.3680043.8.498.84230432137191939390680841389370206819,0.06694779,0.053984914,0.0717866,0.03782216,0.031658687,0.028883444,0.1029766,0.11457493,0.028727174,0.07658987,0.07747489,0.03563342
1.2.826.0.1.3680043.8.498.84238814030979264404768702945290704724,0.07225312,0.04034824,0.23275259,0.062340163,0.066355094,0.036020897,0.15628229,0.27307382,0.024664424,0.103738256,0.101495326,0.021739006
1.2.826.0.1.3680043.8.498.84292569246911697141902796190329671261,0.1180886,0.062720664,0.70285124,0.18321118,0.5611878,0.25193733,0.56469864,0.5846199,0.09651252,0.29513875,0.13802688,0.031070914
1.2.826.0.1.3680043.8.498.84347051904829814300575579670995018991,0.068863645,0.039953444,0.4797272,0.087819785,0.24639352,0.10062073,0.36001426,0.43761003,0.04503051,0.16871393,0.08703686,0.02007977
1.2.826.0.1.3680043.8.498.84419297518873367123595080276985526259,0.075160556,0.05678878,0.5493657,0.14645778,0.68277127,0.35764733,0.6719949,0.57663554,0.17399926,0.36751997,0.09371511,0.036819007
1.2.826.0.1.3680043.8.498.84477198486144701928775090913243250655,0.08949903,0.060738135,0.6517212,0.15074098,0.6166219,0.27414355,0.62574226,0.53206676,0.10574182,0.28168797,0.097249545,0.03329814
1.2.826.0.1.3680043.8.498.84483080389344581106129884869678629612,0.45015308,0.20126246,0.8476842,0.4594703,0.39841285,0.160347,0.2604492,0.7293584,0.14934772,0.20772384,0.39632308,0.08330851
1.2.826.0.1.3680043.8.498.84486787871353595019134028899317143475,0.19123904,0.09194736,0.18672556,0.08998607,0.030334417,0.026856422,0.05436792,0.21676567,0.030612484,0.073149525,0.18185958,0.048736207
1.2.826.0.1.3680043.8.498.84612593835203397696029057940345763682,0.064646296,0.05153913,0.06714974,0.037679832,0.032009162,0.029328238,0.08829824,0.12248157,0.030124485,0.08899932,0.085049905,0.036140338
1.2.826.0.1.3680043.8.498.84630493975910180537831353884518764364,0.038522273,0.030460708,0.1656442,0.043321095,0.17764714,0.090399235,0.35959747,0.24978897,0.044007964,0.1751003,0.065132774,0.024217766
1.2.826.0.1.3680043.8.498.84646554968523210021448483220679710652,0.15314744,0.07899639,0.18249384,0.074529655,0.028953176,0.02490542,0.058218807,0.19190326,0.026350984,0.06921728,0.15936248,0.041934863
1.2.826.0.1.3680043.8.498.84661341697154104963062177064495044195,0.039564956,0.033194397,0.20659557,0.047441415,0.25876293,0.12472464,0.46890384,0.26413453,0.051557697,0.19913942,0.057028845,0.025026364
1.2.826.0.1.3680043.8.498.84709539128629951937294117586370340042,0.076508954,0.05495585,0.082574025,0.04262761,0.029408887,0.026290672,0.07395103,0.14247794,0.0290174,0.086509414,0.10351497,0.036799192
1.2.826.0.1.3680043.8.498.84720476187201404764508451536959273676,0.06970729,0.055050988,0.07505615,0.03824608,0.029397741,0.02709089,0.09179279,0.11789672,0.028206332,0.07498988,0.0841061,0.035621315
1.2.826.0.1.3680043.8.498.84748479740284893375192048321707057482,0.05510167,0.045525804,0.0724885,0.03498088,0.036032774,0.031584717,0.125347,0.10636404,0.028098043,0.085121825,0.0726732,0.03252892
1.2.826.0.1.3680043.8.498.84827027113422423894439539536275453132,0.18126637,0.07747415,0.34055594,0.10486711,0.04346748,0.02956088,0.067687206,0.30553117,0.027173853,0.09106116,0.22026742,0.038181838
1.2.826.0.1.3680043.8.498.84855341377363129926967387137216814518,0.2526142,0.09995962,0.68978953,0.23283218,0.21222545,0.0918577,0.21492548,0.54376096,0.058414936,0.17678572,0.27275434,0.045241307
1.2.826.0.1.3680043.8.498.84857368518703570476541203284655412396,0.06449891,0.055746797,0.06143597,0.03825386,0.030906865,0.028577711,0.10796978,0.10806978,0.030335741,0.078677826,0.07984185,0.03815825
1.2.826.0.1.3680043.8.498.84896756080952941537556818257863912066,0.075352974,0.0642919,0.562153,0.13638332,0.70193607,0.4019071,0.7017524,0.52467006,0.189205,0.35691306,0.08194231,0.038692567
1.2.826.0.1.3680043.8.498.84982310626395569925821771375535259394,0.08788826,0.06936505,0.6225227,0.15877391,0.65939254,0.3441285,0.65736425,0.55893576,0.16230051,0.3255971,0.09342304,0.038090866
1.2.826.0.1.3680043.8.498.85004373913191467860228868467924401547,0.060137585,0.05263202,0.059259314,0.03713744,0.033404354,0.030148547,0.11929548,0.10742072,0.030627545,0.08209107,0.0753277,0.03771126
1.2.826.0.1.3680043.8.498.85031127696558971105465423134104223548,0.59042746,0.29909873,0.5464372,0.37186554,0.0846793,0.06808792,0.06661567,0.5115581,0.0986188,0.11801071,0.48652366,0.14593382
1.2.826.0.1.3680043.8.498.85036616529391787087213173897728060798,0.12781128,0.06723195,0.1379008,0.064298086,0.030132588,0.025526829,0.05682063,0.2020623,0.028379986,0.08687213,0.1548747,0.04043179
1.2.826.0.1.3680043.8.498.85095389649021071892478435298763928925,0.08602395,0.06215993,0.079865254,0.044626307,0.026432665,0.025466809,0.07425592,0.13987885,0.029302545,0.07153167,0.10028461,0.039656606
1.2.826.0.1.3680043.8.498.85108719393967663738580518985514195538,0.1351328,0.105805844,0.7305472,0.22613105,0.67852867,0.39822417,0.6519853,0.5910324,0.22895505,0.34761578,0.12725212,0.05285262
1.2.826.0.1.3680043.8.498.85137704768728261642637391657270006448,0.35196605,0.13727678,0.4086326,0.18285483,0.054973137,0.0382695,0.061917905,0.39442205,0.040367924,0.08921214,0.2907986,0.059485223
1.2.826.0.1.3680043.8.498.85194002080793317087210934629814349622,0.18706547,0.08669398,0.19313166,0.0900704,0.03435294,0.027050842,0.05883087,0.24985477,0.029763924,0.07942336,0.18602884,0.04519599
1.2.826.0.1.3680043.8.498.85212353344613461454490252928274988058,0.061000902,0.049244907,0.06871855,0.03634031,0.033021294,0.028934581,0.10547511,0.12097056,0.028334219,0.08143396,0.07731837,0.03328914
1.2.826.0.1.3680043.8.498.85294435004325211584698794441083866921,0.041566532,0.036862355,0.1852329,0.047820065,0.23356177,0.12346317,0.49447727,0.21705727,0.053068735,0.19331922,0.05967154,0.030650157
1.2.826.0.1.3680043.8.498.85326542895076582985200613540648336047,0.13640626,0.10815603,0.79518497,0.3001941,0.818876,0.53340566,0.758017,0.69131887,0.35769406,0.40763816,0.12330394,0.055388145
1.2.826.0.1.3680043.8.498.85333821516157983299252782678788406019,0.0719791,0.044513475,0.11768382,0.046580013,0.037102554,0.027344778,0.081669025,0.20153432,0.025335358,0.09995409,0.112368345,0.028284054
1.2.826.0.1.3680043.8.498.85341019006931436802294963713199308935,0.071000025,0.043296043,0.51343226,0.114979066,0.3155722,0.13448283,0.3238558,0.55777293,0.06998699,0.25397733,0.11738165,0.023698753
1.2.826.0.1.3680043.8.498.85347263026430684291021533170619978114,0.15945661,0.086233355,0.16588022,0.0735289,0.027011601,0.024332972,0.054664895,0.1766922,0.028076377,0.066756584,0.16118073,0.047480207
1.2.826.0.1.3680043.8.498.85391052076760686301971262244561025345,0.060908806,0.047247298,0.07422671,0.036580205,0.033697654,0.028490689,0.10611632,0.12711518,0.02712771,0.08103495,0.078292735,0.031232635
1.2.826.0.1.3680043.8.498.85397267100597758920280635204297906286,0.31047228,0.16356938,0.8550022,0.38866216,0.54822,0.22420463,0.4123431,0.71506757,0.17045437,0.24937263,0.27155724,0.06296717
1.2.826.0.1.3680043.8.498.85416107585703628549041626609272707431,0.084867686,0.07840847,0.61118317,0.18000966,0.7840385,0.49946496,0.76895255,0.55909204,0.26190394,0.40933928,0.084897414,0.050970875
1.2.826.0.1.3680043.8.498.85431902914673414035492907270636012892,0.043100014,0.031402163,0.19627525,0.043842476,0.17968076,0.0930674,0.37350723,0.21798287,0.03266072,0.16466394,0.066315256,0.022011425
1.2.826.0.1.3680043.8.498.85454884397223412543050876117416146750,0.18388818,0.08874019,0.7843083,0.25127178,0.45527917,0.16844295,0.40692455,0.6615034,0.09826466,0.22634505,0.18794203,0.035067357
1.2.826.0.1.3680043.8.498.85464150757448712711832350617010924327,0.20115525,0.09752593,0.25001237,0.09761726,0.032290123,0.027162177,0.056838274,0.22466592,0.029457454,0.07329718,0.19924924,0.04984412
1.2.826.0.1.3680043.8.498.85475892602877115812059264719695919613,0.20817652,0.09844968,0.27466938,0.12297663,0.050405312,0.035833012,0.0757438,0.33843055,0.038422704,0.105089314,0.24049649,0.05376152
1.2.826.0.1.3680043.8.498.85499036441349866810703945289793057098,0.2828069,0.1963699,0.86348605,0.50371176,0.84547794,0.55538636,0.6729314,0.819584,0.5235713,0.42408156,0.23301265,0.08745629
1.2.826.0.1.3680043.8.498.85545102350084131396266710667808696561,0.13458696,0.06284376,0.22273058,0.082102604,0.04234984,0.028603015,0.065710716,0.2949154,0.027802298,0.10313996,0.18433361,0.03478806
1.2.826.0.1.3680043.8.498.85566900782101872452970957532250214590,0.037598487,0.029523049,0.18499394,0.04652788,0.19607094,0.102746196,0.31544453,0.3095616,0.046323437,0.2040481,0.069820054,0.022747725
1.2.826.0.1.3680043.8.498.85602291032341007550376696695283794665,0.04139455,0.03037219,0.21697564,0.050489835,0.15838157,0.081186295,0.2513622,0.34545037,0.0419108,0.18937925,0.07937131,0.020619767
1.2.826.0.1.3680043.8.498.85624441072689653093363046226467141762,0.2537631,0.16541183,0.84921294,0.45013443,0.8019536,0.48347476,0.64180976,0.80770975,0.4305013,0.4165192,0.22000945,0.075035915
1.2.826.0.1.3680043.8.498.85646781189339988389190891868001374533,0.0743271,0.048543297,0.103794225,0.043024205,0.032784,0.026069304,0.0902528,0.15846567,0.024328582,0.07889272,0.09460205,0.028982395
1.2.826.0.1.3680043.8.498.85649172620970194090967653766415467836,0.30442047,0.21045364,0.88753,0.49316213,0.8327259,0.5102179,0.66727823,0.7950571,0.42847613,0.41745088,0.25343576,0.08941059
1.2.826.0.1.3680043.8.498.85663162480758065951465617999516770647,0.09644355,0.046116903,0.49215022,0.099345125,0.14235738,0.058350462,0.22456789,0.39993492,0.029353084,0.13007236,0.12358661,0.021726856
1.2.826.0.1.3680043.8.498.85687351346612079711706269264454944647,0.08915177,0.08047385,0.6410778,0.17428121,0.78981817,0.5356902,0.77987236,0.51134115,0.26865745,0.4108687,0.08476411,0.054829735
1.2.826.0.1.3680043.8.498.85715956158218184426400151797364834203,0.04468997,0.033795983,0.28489017,0.05523445,0.29857865,0.13467999,0.4895157,0.28430608,0.04730288,0.19138707,0.06301267,0.024882833
1.2.826.0.1.3680043.8.498.85719235937472088594405415004352845221,0.25060672,0.10562047,0.72618085,0.27366027,0.28096697,0.10851626,0.2533059,0.63215077,0.08717811,0.17401916,0.23730488,0.04450064
1.2.826.0.1.3680043.8.498.85728170022176096748897349447671687164,0.1291648,0.107897826,0.7524422,0.2787694,0.8267579,0.5373076,0.75086004,0.68965715,0.36801872,0.42888027,0.1122426,0.058052354
1.2.826.0.1.3680043.8.498.85735729179216019275685564112535593988,0.069108605,0.053759582,0.07904759,0.039842233,0.029245248,0.026531639,0.09238291,0.12569886,0.027840462,0.07878497,0.089004636,0.034771133
1.2.826.0.1.3680043.8.498.85748882309364598407865143890978767674,0.05022881,0.03340243,0.32239553,0.063813075,0.18648908,0.08435795,0.37151965,0.3301115,0.037684157,0.1645521,0.0716592,0.019918267
1.2.826.0.1.3680043.8.498.85760360279564672425828346507309104394,0.51150125,0.23767956,0.6521199,0.36058086,0.121499,0.07065382,0.09610415,0.6022279,0.0934453,0.14129567,0.48170924,0.11599928
1.2.826.0.1.3680043.8.498.85849908712977285006159496192673293501,0.051355958,0.043972872,0.07813355,0.032703757,0.042630672,0.033832762,0.15431169,0.10569483,0.028950017,0.08836082,0.070714064,0.034236543
1.2.826.0.1.3680043.8.498.85870577082315172424837183881210532800,0.06301671,0.049474947,0.07247136,0.03802162,0.03166841,0.027317408,0.10918761,0.11838495,0.027196653,0.07923836,0.08079979,0.033744473
1.2.826.0.1.3680043.8.498.85879572979834912642178551098379145607,0.2077519,0.09935834,0.3163119,0.11339688,0.042089894,0.028509181,0.064314835,0.32766896,0.03238879,0.08993738,0.24991322,0.048270345
1.2.826.0.1.3680043.8.498.85882078780717905717989373451578844863,0.062164072,0.034947656,0.24692711,0.05361874,0.06958287,0.03931335,0.14859995,0.26667163,0.023836061,0.11579471,0.10769565,0.020989913
1.2.826.0.1.3680043.8.498.85883562680953255833567595509408888410,0.099054754,0.048887145,0.35291058,0.09491933,0.098817654,0.04795003,0.12559722,0.4345498,0.036452293,0.15177214,0.15685378,0.025560291
1.2.826.0.1.3680043.8.498.85890890545815190189345870912381925290,0.060764547,0.047754593,0.079269245,0.03827044,0.03429465,0.027876675,0.11011128,0.12610231,0.026778117,0.08082311,0.082832985,0.033754043
1.2.826.0.1.3680043.8.498.85932495800565018166769303205378781707,0.053818785,0.04772117,0.062021893,0.034975108,0.037545122,0.03196974,0.1427511,0.108898506,0.029593619,0.08674929,0.071698174,0.03394872
1.2.826.0.1.3680043.8.498.85943737587102032370951456635167782343,0.05380526,0.03905025,0.11764678,0.03933689,0.0453953,0.03058347,0.12392605,0.19029897,0.025734399,0.094544664,0.08885783,0.02461885
1.2.826.0.1.3680043.8.498.85970222049966384156120176704985355996,0.22015236,0.10074284,0.26391265,0.10471361,0.033439226,0.027998596,0.057113107,0.23908636,0.029745629,0.07477447,0.2119959,0.050585862
1.2.826.0.1.3680043.8.498.85976668143927055109184433855426232055,0.08233823,0.05239423,0.10882394,0.04445615,0.030148031,0.026368333,0.08677544,0.13021845,0.02456108,0.073020965,0.09694074,0.033101212
1.2.826.0.1.3680043.8.498.85992037603186775437749979929724514304,0.36284006,0.14886545,0.5288235,0.2084792,0.065104745,0.04166477,0.071682714,0.3997536,0.042394895,0.096329495,0.32026312,0.067832686
1.2.826.0.1.3680043.8.498.85992651772359515416050249463715355943,0.24044101,0.096698396,0.57355136,0.16710387,0.09505371,0.048880696,0.114746496,0.42789322,0.038815927,0.10213311,0.22675222,0.040872656
1.2.826.0.1.3680043.8.498.86020966816754359840982061252012700091,0.052786108,0.038529646,0.117911115,0.03558168,0.0545371,0.04117867,0.17480023,0.13455147,0.02702409,0.09231213,0.06972867,0.0260319
1.2.826.0.1.3680043.8.498.86029947807373604003071651721618330827,0.04061804,0.03461537,0.2474285,0.05445141,0.34793022,0.1648929,0.531349,0.30604082,0.064656,0.23240969,0.058349207,0.02615883
1.2.826.0.1.3680043.8.498.86042942187650835661744645315369706668,0.52283573,0.22630875,0.58946395,0.33264545,0.09557238,0.06114251,0.076917864,0.53609264,0.07456483,0.11689722,0.4363643,0.1006186
1.2.826.0.1.3680043.8.498.86067849233330188988240710585112183308,0.06876272,0.054722995,0.073358074,0.039702866,0.0291545,0.025790751,0.08828595,0.137883,0.02874742,0.07909642,0.09250376,0.03479526
1.2.826.0.1.3680043.8.498.86082522186055358984181640226529351801,0.056564663,0.044390544,0.4066159,0.09737315,0.56513804,0.2768277,0.62204486,0.4628366,0.11818972,0.3195986,0.07820043,0.033003543
1.2.826.0.1.3680043.8.498.86117639434986594266345773277419881144,0.045540586,0.03862325,0.102506824,0.034163658,0.07405672,0.05034591,0.23616895,0.14763315,0.03251604,0.11067339,0.063513935,0.027333168
1.2.826.0.1.3680043.8.498.86142930956005716169649168306759482915,0.11731933,0.05730496,0.5833735,0.14422703,0.22649218,0.08815765,0.27965233,0.53374076,0.052202493,0.18508638,0.14279,0.024752393
1.2.826.0.1.3680043.8.498.86216155858324761845740646421500394797,0.07505196,0.063326895,0.57939243,0.15415697,0.74454445,0.42090347,0.7237747,0.58795583,0.22348793,0.38169515,0.082154386,0.040177077
1.2.826.0.1.3680043.8.498.86239793008693746155478763153154040128,0.09157187,0.06776718,0.077220745,0.04505007,0.025611743,0.025481902,0.07192877,0.1298671,0.030552024,0.06984599,0.10079446,0.042338237
1.2.826.0.1.3680043.8.498.86251314013737658351649446042801810374,0.0838855,0.07520816,0.5912187,0.17018686,0.7847007,0.48427033,0.76247567,0.55530614,0.24775524,0.41943812,0.0836983,0.050106775
1.2.826.0.1.3680043.8.498.86263264208309369957750915520115390972,0.46844304,0.19142072,0.6373636,0.33995005,0.12437765,0.06664556,0.097204074,0.57699883,0.07686799,0.12320476,0.39406002,0.07982192
1.2.826.0.1.3680043.8.498.86273853115722509980053190345047859057,0.10605518,0.06965476,0.70631474,0.20723571,0.6423771,0.30168042,0.5926455,0.6702891,0.17676605,0.32693917,0.1159757,0.03364446
1.2.826.0.1.3680043.8.498.86280033511814602594654628677479528508,0.05553843,0.03892785,0.45029756,0.08835254,0.40775067,0.17572144,0.512511,0.45625845,0.07258289,0.24878258,0.071292825,0.021844162
1.2.826.0.1.3680043.8.498.86285715293767810771609523819042157072,0.10421411,0.06889192,0.70906997,0.20131548,0.602449,0.2648091,0.5795514,0.6504679,0.1469246,0.30075258,0.12142945,0.033869766
1.2.826.0.1.3680043.8.498.86315835011470465506843590014408831373,0.10729013,0.060907543,0.18434888,0.0629174,0.030520003,0.024503049,0.06859131,0.1960683,0.024243806,0.07987603,0.1502561,0.03427836
1.2.826.0.1.3680043.8.498.86332035495941070455209594003499488889,0.098506875,0.07437542,0.7001369,0.18846059,0.75278485,0.3991115,0.71502274,0.5858193,0.16741891,0.35558245,0.101798244,0.041602973
1.2.826.0.1.3680043.8.498.86341139705884690862568425859303870601,0.34742627,0.19518086,0.8836684,0.47104603,0.667911,0.30737302,0.4841011,0.7629981,0.25079688,0.29992902,0.30164534,0.07633084
1.2.826.0.1.3680043.8.498.86351141114604781108401133410934252655,0.42240798,0.17971905,0.55016464,0.28793108,0.09554434,0.056717634,0.09317625,0.517965,0.06427754,0.12777285,0.39694023,0.0879592
1.2.826.0.1.3680043.8.498.86405969333062807387894608315897106350,0.048052505,0.04185739,0.24275546,0.052221626,0.20826074,0.11527609,0.45056787,0.22422914,0.05217367,0.17188394,0.06675828,0.03082943
1.2.826.0.1.3680043.8.498.86409878732405036646840908998274047391,0.3654413,0.159116,0.50147384,0.20706342,0.06231492,0.043052442,0.070871376,0.3767101,0.045463044,0.09667002,0.31949046,0.07404243
1.2.826.0.1.3680043.8.498.86416984885007871128151024515780322767,0.2767677,0.09789691,0.55747163,0.17791872,0.099648446,0.04920963,0.11464814,0.43387532,0.03575607,0.119331375,0.2689853,0.042077553
1.2.826.0.1.3680043.8.498.86422343639522250286002195622435564347,0.34200466,0.21139869,0.84554464,0.5106566,0.7469389,0.42978626,0.5543968,0.82112783,0.43826488,0.3848284,0.30483595,0.102628015
1.2.826.0.1.3680043.8.498.86435271359723045834079326733478538148,0.20370401,0.10232058,0.23468083,0.098909296,0.030981462,0.02715056,0.05977097,0.21948956,0.030904228,0.0728651,0.21399716,0.05752789
1.2.826.0.1.3680043.8.498.86435890312227285216810145658548164773,0.0644165,0.054852434,0.064814836,0.03696361,0.031458225,0.027789153,0.10170443,0.11960453,0.02985124,0.0806896,0.08297058,0.03643036
1.2.826.0.1.3680043.8.498.86516555757334047240474191101770683543,0.055325154,0.044366933,0.0743932,0.033590317,0.038253848,0.033633213,0.12974684,0.10480319,0.02815895,0.08560566,0.07155318,0.032526117
1.2.826.0.1.3680043.8.498.86532643576908316499388520854820002133,0.046376858,0.036628716,0.08760547,0.03344922,0.05033484,0.035791643,0.16424888,0.14787854,0.027161218,0.10121906,0.07103044,0.025559405
1.2.826.0.1.3680043.8.498.86566584776908143877603164704838586097,0.06529754,0.05216727,0.07637987,0.038219392,0.030843554,0.026233409,0.095211536,0.13874346,0.028433662,0.08005254,0.08861942,0.03271982
1.2.826.0.1.3680043.8.498.86583531066383395270546012510184348251,0.06629682,0.05444081,0.07141555,0.037960656,0.032203805,0.027882831,0.09559422,0.106503546,0.028515715,0.07578935,0.07949718,0.037889156
1.2.826.0.1.3680043.8.498.86625876521226465945114246972542881955,0.51437247,0.26097193,0.43228963,0.27682698,0.062473778,0.05479278,0.0619625,0.41100186,0.07878997,0.10834474,0.4103041,0.13071628
1.2.826.0.1.3680043.8.498.86651345701812229172985086531423369421,0.11611739,0.06639497,0.1280482,0.056767747,0.027517566,0.024269044,0.0648736,0.16719098,0.02616451,0.07077128,0.1271619,0.03865909
1.2.826.0.1.3680043.8.498.86715997235054599024919893656486735623,0.039532192,0.032593265,0.112635,0.03313155,0.08750204,0.054650187,0.26339084,0.16700312,0.031076163,0.12615767,0.06455377,0.024607776
1.2.826.0.1.3680043.8.498.86733565200815744326667230375642936291,0.07371435,0.055592697,0.07874404,0.04083185,0.029026385,0.026827775,0.08750637,0.1250217,0.027942365,0.0721885,0.084757656,0.035365928
1.2.826.0.1.3680043.8.498.86876540394528304678398111135600894869,0.2224089,0.14774,0.83683497,0.41147232,0.78915465,0.46040627,0.6437789,0.7971397,0.3875712,0.4127612,0.20174268,0.06694621
1.2.826.0.1.3680043.8.498.86881633316011036335786865282908198831,0.34315166,0.12788963,0.68161374,0.2477937,0.12097246,0.05587044,0.113985166,0.51623815,0.047103725,0.11855541,0.3102852,0.055157717
1.2.826.0.1.3680043.8.498.86968600239724310678905311244945464037,0.63445085,0.33909172,0.5648039,0.41026798,0.09649627,0.0778481,0.07109946,0.5297777,0.11999761,0.12536083,0.5079184,0.16813086
1.2.826.0.1.3680043.8.498.86974853023888933977090539174537083409,0.35536033,0.14913571,0.47498992,0.1929902,0.054892868,0.03854501,0.06421384,0.3686484,0.04095136,0.092402846,0.3172922,0.069077365
1.2.826.0.1.3680043.8.498.87009029107490862793898457518597022930,0.07129504,0.056904573,0.07714473,0.03975127,0.030020103,0.026178412,0.08624617,0.11235472,0.028047191,0.07204384,0.08524876,0.03848396
1.2.826.0.1.3680043.8.498.87018440624359538250658207994111333051,0.1443769,0.062202077,0.30697674,0.10196311,0.063388996,0.035581563,0.08101107,0.38712403,0.0328671,0.123743914,0.19750161,0.033811957
1.2.826.0.1.3680043.8.498.87046380372347615219261898797043742937,0.056447256,0.050772134,0.10616968,0.0396092,0.06965298,0.054346938,0.24763307,0.13169846,0.03867027,0.11759188,0.07709022,0.038488623
1.2.826.0.1.3680043.8.498.87064372531225943854092598173945043861,0.40108195,0.22983551,0.79812753,0.5058773,0.6077822,0.32610968,0.43161497,0.78481483,0.35057032,0.35353786,0.38215828,0.12900726
1.2.826.0.1.3680043.8.498.87101276883427329522365304528449003589,0.12269294,0.06598626,0.666682,0.18969579,0.41047418,0.15740302,0.41272095,0.6246307,0.09454419,0.23367508,0.14486992,0.02993376
1.2.826.0.1.3680043.8.498.87102698749288269439517333660896096520,0.12667765,0.0628353,0.6980953,0.18910609,0.5111996,0.2166239,0.5092572,0.5866953,0.08876533,0.27538002,0.1433056,0.028177666
1.2.826.0.1.3680043.8.498.87185817772180109135714642184874643715,0.30281714,0.116500445,0.57014436,0.19255303,0.08807912,0.048907936,0.09452016,0.42857227,0.043342583,0.09733635,0.26195806,0.049270675
1.2.826.0.1.3680043.8.498.87198191797585172912979594638355685739,0.042949777,0.032146897,0.27774057,0.05835248,0.3095207,0.14802256,0.48847383,0.31876,0.055540208,0.22186342,0.069015354,0.02483567
1.2.826.0.1.3680043.8.498.87208714421237491643915928765740747633,0.0651735,0.05294897,0.07312182,0.037471127,0.032429732,0.029102484,0.10696472,0.11558457,0.028470997,0.076842874,0.076440655,0.034836266
1.2.826.0.1.3680043.8.498.87214831397290763080243320084625847148,0.15625693,0.071758576,0.5199388,0.15233757,0.16677104,0.07449916,0.20622946,0.5202481,0.05700623,0.17341791,0.20545243,0.03613318
1.2.826.0.1.3680043.8.498.87222653734797522858506220026427900177,0.042609565,0.033135425,0.15833622,0.038918734,0.14386748,0.081192344,0.3534732,0.17897822,0.03162055,0.14811514,0.06289051,0.024107875
1.2.826.0.1.3680043.8.498.87223930502803944549504594723314220105,0.04768811,0.03636575,0.12815847,0.03870536,0.07817046,0.05030512,0.23793268,0.18331797,0.029235477,0.1111349,0.06329843,0.022927249
1.2.826.0.1.3680043.8.498.87241650441242408799533998101943024283,0.1181526,0.06537923,0.18163216,0.06446531,0.029669942,0.025342962,0.064744,0.18719545,0.025382798,0.07840379,0.15207674,0.03727128
1.2.826.0.1.3680043.8.498.87253761427012478584873622994909841751,0.17644,0.15343656,0.81596965,0.3773549,0.89516926,0.679536,0.80674416,0.73457813,0.5183,0.50627726,0.14422996,0.088253506
1.2.826.0.1.3680043.8.498.87262205711949358943515326577886508585,0.26329824,0.12851325,0.24782012,0.12364611,0.03483777,0.028182209,0.05244924,0.30218506,0.037888225,0.08506364,0.2704158,0.06573913
1.2.826.0.1.3680043.8.498.87267658933515453963224923798100651549,0.04509089,0.037560325,0.27558005,0.05370652,0.3104465,0.15261114,0.51751304,0.28587836,0.058382638,0.19768895,0.05887409,0.02687884
1.2.826.0.1.3680043.8.498.87338030934656808032044071206920470285,0.040891577,0.03604094,0.08725336,0.03357055,0.07885188,0.049546286,0.2321979,0.15489325,0.033298507,0.12404466,0.06829708,0.027166443
1.2.826.0.1.3680043.8.498.87404730020015145302086817782843205171,0.04541095,0.039532337,0.23281692,0.05006419,0.29868236,0.15870914,0.5272543,0.22840051,0.061743267,0.19981664,0.056484915,0.031760573
1.2.826.0.1.3680043.8.498.87413924318793242918916384453755054267,0.051562183,0.04486813,0.3849771,0.08430805,0.57092774,0.28727007,0.6575397,0.40254933,0.11367395,0.30740637,0.06367591,0.03311551
1.2.826.0.1.3680043.8.498.87415625824966124550466651648244553892,0.052589666,0.035900444,0.20846167,0.04510196,0.08703715,0.050802782,0.22195366,0.22372408,0.028331831,0.11051404,0.07386505,0.021720236
1.2.826.0.1.3680043.8.498.87465202523430400780596885230492167155,0.050557654,0.042077877,0.08280366,0.03317476,0.045266733,0.0349129,0.15240143,0.1304412,0.028538281,0.09145054,0.06939506,0.028635807
1.2.826.0.1.3680043.8.498.87476514600989622078259281213313867927,0.06902809,0.05851367,0.06571463,0.038403586,0.029756913,0.028807597,0.09593758,0.11334395,0.031241255,0.076882124,0.0799469,0.037925184
1.2.826.0.1.3680043.8.498.87516159856486535118712846576943170757,0.41741502,0.16432966,0.67489624,0.30211774,0.15392569,0.08107574,0.13823688,0.5415605,0.067003,0.16325362,0.40919712,0.07993351
1.2.826.0.1.3680043.8.498.87550037046735743504446944390018580426,0.058623493,0.04147354,0.3167254,0.08503591,0.31626132,0.15014705,0.4251421,0.42585382,0.07602206,0.24082027,0.092084534,0.02926326
1.2.826.0.1.3680043.8.498.87560916423885591029120178291827033868,0.08369022,0.045117736,0.18046615,0.055501226,0.044289052,0.028971516,0.101697095,0.22636156,0.023098042,0.087829,0.108191535,0.024461119
1.2.826.0.1.3680043.8.498.87563449504927531224663601218159863518,0.7051568,0.41083592,0.6546897,0.52702606,0.14681354,0.10581198,0.08832929,0.6246196,0.17579727,0.1486933,0.5834173,0.21294144
1.2.826.0.1.3680043.8.498.87645071186049036230936726742129446188,0.079182036,0.04423181,0.4860583,0.09646893,0.18946347,0.07761088,0.30994377,0.39775974,0.039851896,0.13693006,0.099080175,0.021225445
1.2.826.0.1.3680043.8.498.87650297321648368205324227429768256110,0.14991482,0.058918603,0.3968547,0.09895324,0.0700209,0.038803663,0.11551266,0.3120693,0.023584116,0.104359515,0.17248642,0.028735645
1.2.826.0.1.3680043.8.498.87679606849449562627719676100773778015,0.07299836,0.055229448,0.09165568,0.041741915,0.028670006,0.025126904,0.0942001,0.12805475,0.026651705,0.07250294,0.09474358,0.036166284
1.2.826.0.1.3680043.8.498.87680825247567493080163504511649789348,0.061823923,0.037012186,0.3437988,0.0740805,0.16407612,0.069155626,0.30532888,0.37279138,0.035641734,0.14516893,0.08322976,0.018713595
1.2.826.0.1.3680043.8.498.87742737485142445536023876862256284839,0.09034992,0.065912485,0.6759248,0.17245963,0.669821,0.3502671,0.64726245,0.6039035,0.17845903,0.33518606,0.095578566,0.03422192
1.2.826.0.1.3680043.8.498.87761573479019057997334508266888503487,0.05879663,0.047996372,0.471313,0.10640294,0.62692213,0.31383538,0.66657937,0.48442733,0.13296607,0.33713096,0.07042467,0.031621717
1.2.826.0.1.3680043.8.498.87769640167791104899516835133527936885,0.068412594,0.057934392,0.07240572,0.037671622,0.031433616,0.029898444,0.10712051,0.1079765,0.03082967,0.07716611,0.08274217,0.04232359
1.2.826.0.1.3680043.8.498.87797202230328868466634480198668365648,0.23276742,0.11585922,0.20270514,0.10472613,0.030878687,0.027494153,0.053479467,0.23716576,0.035050735,0.07393579,0.22340225,0.06316002
1.2.826.0.1.3680043.8.498.87799106106199445436621174506197684035,0.0428059,0.03248414,0.1399955,0.03576537,0.09570657,0.056559432,0.26160225,0.16164248,0.025943799,0.117892504,0.06490061,0.022442743
1.2.826.0.1.3680043.8.498.87845297884497964690686366000533570840,0.05123619,0.046780627,0.064565554,0.033883248,0.04316449,0.03565594,0.16982375,0.10727457,0.030879138,0.09384757,0.06970024,0.034260217
1.2.826.0.1.3680043.8.498.87876800169766592603600598167358214111,0.089935705,0.056700453,0.18766107,0.056034725,0.03833195,0.030406248,0.095874496,0.18682869,0.026401656,0.08952889,0.12980926,0.032716483
1.2.826.0.1.3680043.8.498.87900330305833722536121052961334699743,0.562747,0.26394597,0.7263612,0.4435884,0.2013091,0.11507229,0.1466307,0.6256602,0.121529445,0.18777293,0.5251673,0.13961743
1.2.826.0.1.3680043.8.498.87998832540756872371878613339628615880,0.07944354,0.059540603,0.09476595,0.043682117,0.028481381,0.025126563,0.078474894,0.1226479,0.026576389,0.069439106,0.09535344,0.03714779
1.2.826.0.1.3680043.8.498.88022456207467042544403752144674777523,0.097147115,0.06511101,0.11507797,0.050861724,0.027282843,0.023935707,0.06715596,0.13755485,0.026323425,0.066536576,0.11212383,0.038659487
1.2.826.0.1.3680043.8.498.88064086448060280325724227239585797761,0.07342766,0.058409702,0.08284915,0.040703334,0.02958218,0.025846615,0.083479285,0.11460396,0.027726255,0.07102507,0.08847245,0.038235843
1.2.826.0.1.3680043.8.498.88070896604159829163161019117970440189,0.08310194,0.055182006,0.111224785,0.05289185,0.039777506,0.031351,0.097457744,0.20967892,0.0300468,0.0907859,0.11120281,0.031913783
1.2.826.0.1.3680043.8.498.88074618626471004030644935418777151905,0.06080787,0.049955774,0.0670397,0.03616422,0.033029515,0.029153781,0.106862456,0.117342345,0.028719712,0.081574686,0.076656684,0.034024853
1.2.826.0.1.3680043.8.498.88077418639301174409926781329613570435,0.24175833,0.15655148,0.8550645,0.4330268,0.8644401,0.58713263,0.7481727,0.77332294,0.40741372,0.47248814,0.22009332,0.07687989
1.2.826.0.1.3680043.8.498.88114918358665488269761388157480523350,0.2428618,0.11370346,0.23789153,0.119126,0.034958333,0.028899135,0.057941876,0.27964425,0.03317288,0.08395329,0.24899338,0.05980393
1.2.826.0.1.3680043.8.498.88189503151202366936330411627291827689,0.06629682,0.05444081,0.07141555,0.037960656,0.032203805,0.027882831,0.09559422,0.106503546,0.028515715,0.07578935,0.07949718,0.037889156
1.2.826.0.1.3680043.8.498.88211355128040927831407007101167868685,0.06629682,0.05444081,0.07141555,0.037960656,0.032203805,0.027882831,0.09559422,0.106503546,0.028515715,0.07578935,0.07949718,0.037889156
1.2.826.0.1.3680043.8.498.88274753211076645976496220746740420894,0.047483865,0.04225151,0.22191124,0.049727272,0.22904584,0.1311882,0.5049181,0.20770252,0.05782431,0.1906679,0.063576445,0.034026474
1.2.826.0.1.3680043.8.498.88368930449171804348215887291291274615,0.03781477,0.031853538,0.14487159,0.039842043,0.17485087,0.09226111,0.38638034,0.21046863,0.041364785,0.1747109,0.061754074,0.025853034
1.2.826.0.1.3680043.8.498.88439732365857773633852840383740478214,0.050969537,0.043094363,0.08478646,0.034376357,0.049607385,0.037791446,0.16866674,0.13479145,0.029298302,0.09513606,0.06787208,0.028445546
1.2.826.0.1.3680043.8.498.88457076333783710706782784856816112502,0.06786805,0.054306444,0.06975418,0.038283594,0.03032824,0.02605423,0.09290573,0.13129494,0.028600462,0.079732105,0.08896245,0.03528248
1.2.826.0.1.3680043.8.498.88466268868654468582661984391239692466,0.07274865,0.064532034,0.57989526,0.13483009,0.7296686,0.44093442,0.7446829,0.46590155,0.19335207,0.35885724,0.073653206,0.04474537
1.2.826.0.1.3680043.8.498.88480827968231439729532202780922145132,0.09607937,0.07548475,0.69276154,0.20718321,0.75763,0.4346497,0.6905159,0.6714765,0.2701751,0.39316761,0.09941417,0.041306976
1.2.826.0.1.3680043.8.498.88505044370271842163477475980178015566,0.3476603,0.15046573,0.3240742,0.17479531,0.045734726,0.036784664,0.05447285,0.3740493,0.046367384,0.09065817,0.3050055,0.071251266
1.2.826.0.1.3680043.8.498.88523737187772411911621088333701306485,0.12708218,0.10692364,0.74976534,0.28372586,0.84456015,0.56008357,0.7617268,0.7249621,0.40395984,0.4603793,0.12132974,0.059434716
1.2.826.0.1.3680043.8.498.88565389747258713872180859306907392080,0.10356905,0.052064374,0.20357722,0.06265083,0.043281324,0.03019673,0.095025845,0.21333073,0.022279013,0.08777341,0.13397737,0.028857188
1.2.826.0.1.3680043.8.498.88570871026022705696415758052703394453,0.060392685,0.046998244,0.08236136,0.03722481,0.033433527,0.027673865,0.10449462,0.13364577,0.026618239,0.0809021,0.083670825,0.030341526
1.2.826.0.1.3680043.8.498.88571985843649843469694556575325271560,0.069110304,0.05334997,0.5155769,0.115375295,0.67842114,0.37317047,0.7118438,0.43198857,0.114382185,0.33878165,0.07953945,0.03516616
1.2.826.0.1.3680043.8.498.88574487918084130981335189023288704909,0.08166589,0.058943905,0.5746059,0.13848336,0.514884,0.23858553,0.57506573,0.5213928,0.118911356,0.26631626,0.08817762,0.030435715
1.2.826.0.1.3680043.8.498.88609906210780568637209291182572648571,0.5472117,0.2567459,0.66799164,0.4090922,0.14330353,0.08887586,0.10083875,0.60591674,0.10478659,0.17050266,0.5217433,0.13578707
1.2.826.0.1.3680043.8.498.88620225126852321191690360547272730103,0.13773774,0.06259289,0.4181311,0.122024976,0.10069505,0.048879735,0.11334254,0.4777743,0.041249588,0.1518687,0.20234133,0.031982984
1.2.826.0.1.3680043.8.498.88653085234639096911379842849193874077,0.048259854,0.04085961,0.08624645,0.033230692,0.055102047,0.04107569,0.20052198,0.119585186,0.030341549,0.10318224,0.068231806,0.031320624
1.2.826.0.1.3680043.8.498.88655485247489827200671636011965281184,0.28386047,0.11971582,0.78385216,0.28504747,0.26393223,0.0989736,0.22353208,0.6188402,0.074478,0.16257949,0.26785532,0.046021633
1.2.826.0.1.3680043.8.498.88679328523895187500714090963655363787,0.04284189,0.03325298,0.11972454,0.038897052,0.08152659,0.051730923,0.17525032,0.2332676,0.033362105,0.1467618,0.07842449,0.023548344
1.2.826.0.1.3680043.8.498.88682169866098509464628948503453852928,0.24761586,0.1111085,0.24322443,0.10865859,0.032672822,0.029144928,0.052218437,0.24136873,0.032486368,0.074785426,0.23050596,0.055232275
1.2.826.0.1.3680043.8.498.88687994744258163246685527273559741656,0.18510832,0.07766818,0.5425761,0.16095176,0.113247946,0.05007594,0.15684804,0.45708242,0.03937466,0.11868835,0.20010193,0.033312324
1.2.826.0.1.3680043.8.498.88711356400820562340756013729440417015,0.58125305,0.28623623,0.8040367,0.5182865,0.31447044,0.16283408,0.20925148,0.6971902,0.17206945,0.21752423,0.5355086,0.14758661
1.2.826.0.1.3680043.8.498.88726804476694411363564819498296119763,0.18542136,0.111347914,0.82385826,0.29441145,0.683082,0.30942166,0.5833002,0.69653493,0.18012728,0.30386147,0.17448182,0.0456181
1.2.826.0.1.3680043.8.498.88752039058074948027322975455607258941,0.06157886,0.054789346,0.5055531,0.10469057,0.54829144,0.2906852,0.6758102,0.39071745,0.11558705,0.2751464,0.070533335,0.03597698
1.2.826.0.1.3680043.8.498.88753415430913291809543943690942744997,0.08372381,0.06691368,0.59667563,0.17495076,0.7672702,0.44992015,0.737899,0.5998621,0.23274912,0.4050126,0.09432025,0.04468938
1.2.826.0.1.3680043.8.498.88801151487634957068752641200383474212,0.28241977,0.113762125,0.4084669,0.1716083,0.0637662,0.039120693,0.064669006,0.44200742,0.04346159,0.11958996,0.31833392,0.058770448
1.2.826.0.1.3680043.8.498.88827276474694165071267273766912871459,0.14686657,0.06634768,0.20581521,0.080532886,0.038194045,0.027654827,0.060221054,0.2698604,0.028165001,0.09340856,0.17718863,0.036809936
1.2.826.0.1.3680043.8.498.88845193477394064535233691626377077328,0.07569473,0.070176005,0.5421596,0.13040142,0.72608864,0.4648232,0.7575005,0.43127853,0.20302181,0.37334925,0.07533561,0.050464552
1.2.826.0.1.3680043.8.498.88872155446935518174304990308380906112,0.51313484,0.2557831,0.8195905,0.5207511,0.4461158,0.22313465,0.31037536,0.72810054,0.21142693,0.27821183,0.4837464,0.13512953
1.2.826.0.1.3680043.8.498.88874647535130028956725641820977918615,0.05882365,0.047476016,0.07153016,0.037018113,0.034228873,0.028413892,0.121155694,0.12251351,0.026813008,0.08198097,0.078724265,0.03189309
1.2.826.0.1.3680043.8.498.88896246957673838955012057210098034177,0.06356376,0.044629466,0.09760902,0.0391707,0.03630966,0.029376922,0.10946162,0.13373663,0.023031995,0.08328237,0.08577456,0.028094226
1.2.826.0.1.3680043.8.498.88899519473612920868099376939780201067,0.73487824,0.44830185,0.66546714,0.5612434,0.15743853,0.121817835,0.0935735,0.63512534,0.2056458,0.16345297,0.6084276,0.23877296
1.2.826.0.1.3680043.8.498.88962401400598535739494671683916272476,0.07690043,0.060023136,0.07171056,0.040782087,0.027387345,0.026505081,0.08454345,0.12167042,0.029733725,0.072878,0.088719636,0.038231708
1.2.826.0.1.3680043.8.498.88964371740619947193957393682095448256,0.35893443,0.16412185,0.31089145,0.16757631,0.03967063,0.034663543,0.05060571,0.3141805,0.045712497,0.08277055,0.30088502,0.0815607
1.2.826.0.1.3680043.8.498.89026102874017923932934673207699042800,0.5248646,0.2457406,0.44620496,0.2949424,0.064341545,0.05236311,0.058350716,0.46139762,0.073889665,0.106150635,0.43148232,0.1211834
1.2.826.0.1.3680043.8.498.89045629523485194086986785222960864883,0.3763719,0.15413639,0.47105956,0.2385115,0.07953539,0.049732987,0.06736539,0.49854535,0.05847335,0.1328799,0.3845343,0.07938968
1.2.826.0.1.3680043.8.498.89048907638162719840222508855779172366,0.075899996,0.06788633,0.58648276,0.13935268,0.73243046,0.45585167,0.75554615,0.46001372,0.20363005,0.3683169,0.07649962,0.047200497
1.2.826.0.1.3680043.8.498.89074359486713340585710357399403393294,0.046774462,0.033738535,0.12340692,0.03722437,0.06259477,0.039141417,0.18007834,0.18705903,0.025595723,0.10382314,0.067317046,0.021099014
1.2.826.0.1.3680043.8.498.89110271437785174288044757208973128908,0.13084695,0.056865733,0.24996051,0.07431891,0.04253498,0.029292421,0.08040363,0.23851877,0.024123983,0.07643152,0.13693525,0.029630182
1.2.826.0.1.3680043.8.498.89123035099342878362576960682354791116,0.06629682,0.05444081,0.07141555,0.037960656,0.032203805,0.027882831,0.09559422,0.106503546,0.028515715,0.07578935,0.07949718,0.037889156
1.2.826.0.1.3680043.8.498.89190511197564127079697151213577962649,0.10464439,0.06224831,0.69267154,0.1764447,0.49068785,0.21217857,0.49511045,0.5952584,0.11694894,0.2208004,0.107476026,0.027864313
1.2.826.0.1.3680043.8.498.89204062904097086723738217311755833877,0.25803447,0.10198681,0.46498847,0.15064937,0.05510267,0.033959284,0.07328244,0.35504603,0.03094992,0.08808741,0.25084963,0.046680577
1.2.826.0.1.3680043.8.498.89240184178186399632216878563608101260,0.29852498,0.11655787,0.3961154,0.15833318,0.053969584,0.03536197,0.0645753,0.38901013,0.037481368,0.08812262,0.27169788,0.05114607
1.2.826.0.1.3680043.8.498.89247482662611898098489676481780144186,0.14025418,0.071916535,0.7262337,0.20025809,0.33647215,0.13139567,0.36913204,0.55239934,0.07403432,0.17347448,0.1516027,0.029624972
1.2.826.0.1.3680043.8.498.89302191571937190529967168726521003428,0.091178074,0.07219912,0.6225622,0.14420742,0.51361805,0.26952204,0.60386443,0.46022347,0.12867412,0.2615623,0.09485636,0.037751354
1.2.826.0.1.3680043.8.498.89307235192406983202868051697765144920,0.074235015,0.05674397,0.5979997,0.13200882,0.6737066,0.33128023,0.68430215,0.49276856,0.12083165,0.30040258,0.07998711,0.034682494
1.2.826.0.1.3680043.8.498.89326347774248795083360112232993521530,0.11467827,0.0549358,0.56435406,0.1371153,0.21323057,0.08367799,0.28337225,0.49803525,0.050039865,0.15507245,0.1275402,0.023496347
1.2.826.0.1.3680043.8.498.89332108074590559691047812196991368746,0.2161981,0.10044468,0.228579,0.103557035,0.033407014,0.027031152,0.054183405,0.27390632,0.031832688,0.076250754,0.2118636,0.04737705
1.2.826.0.1.3680043.8.498.89346975863478164334871204856160071946,0.046643227,0.040826883,0.11482702,0.03653263,0.08310286,0.058110256,0.2778222,0.14137582,0.036460932,0.122057505,0.0685199,0.031350806
1.2.826.0.1.3680043.8.498.89350648596674998203116057439419132072,0.059993595,0.048160467,0.07234564,0.035940118,0.033877626,0.030277682,0.11239308,0.11128062,0.027968265,0.08156336,0.07533015,0.032738604
1.2.826.0.1.3680043.8.498.89357823844365374776758395347764601030,0.2460829,0.14969175,0.84030294,0.422675,0.74697655,0.4033357,0.58177733,0.7949047,0.3477692,0.36834505,0.22210619,0.065041505
1.2.826.0.1.3680043.8.498.89416235692252764852783739140428958560,0.064900115,0.054650582,0.0657511,0.03632163,0.031027127,0.028347826,0.09827076,0.11284425,0.029649198,0.076044954,0.079023786,0.037876617
1.2.826.0.1.3680043.8.498.89423600201830685256510321877396547497,0.62740886,0.32244316,0.55798274,0.4180214,0.09607219,0.07414427,0.0702141,0.55493075,0.11231202,0.12972231,0.53045434,0.16713685
1.2.826.0.1.3680043.8.498.89445342796957655182687412965056270903,0.22711217,0.15688983,0.85573924,0.389174,0.80607593,0.47277525,0.67263836,0.7438763,0.33213785,0.3928364,0.19229107,0.06841378
1.2.826.0.1.3680043.8.498.89464179959474561696319051639748844244,0.06150413,0.055147197,0.058527146,0.036266584,0.03323917,0.030916635,0.121046394,0.10273949,0.03143461,0.08238816,0.07592018,0.03905255
1.2.826.0.1.3680043.8.498.89569762088162031469299314053759758927,0.24546407,0.096485876,0.7529919,0.24807584,0.27580354,0.11186448,0.27172634,0.57005715,0.062977195,0.18670978,0.2540044,0.040949713
1.2.826.0.1.3680043.8.498.89576499383950909889665633610791093334,0.051315706,0.0435011,0.07987363,0.03254402,0.051174078,0.03947352,0.19054504,0.11115053,0.031177618,0.09911072,0.07074399,0.03414701
1.2.826.0.1.3680043.8.498.89584627944947813918297925813120247226,0.3669021,0.15911257,0.42663577,0.18930867,0.04944661,0.037594516,0.058124077,0.3448959,0.042809702,0.089329384,0.31760034,0.075662024
1.2.826.0.1.3680043.8.498.89590880980421560369495600204866789646,0.048943758,0.044019826,0.19951673,0.048895963,0.1801974,0.10764616,0.44826314,0.20158628,0.04916136,0.16935083,0.067922726,0.032563422
1.2.826.0.1.3680043.8.498.89720428711655200442262503508409163392,0.074852236,0.05762522,0.07485755,0.041162442,0.028531352,0.024831489,0.08187913,0.14245403,0.028921645,0.07629729,0.097439475,0.035986308
1.2.826.0.1.3680043.8.498.89729486637365590877469535082675069395,0.0631532,0.045699008,0.08743681,0.039224118,0.03433957,0.027955983,0.08757898,0.15563338,0.026937677,0.095033884,0.09515664,0.030966548
1.2.826.0.1.3680043.8.498.89746004948304570186940283501211828475,0.4897957,0.20246288,0.78653824,0.41300756,0.2196271,0.09685739,0.15503463,0.6497206,0.094700865,0.16051123,0.43065766,0.08837974
1.2.826.0.1.3680043.8.498.89829843399218627892046362324057240535,0.46991834,0.20850785,0.6808078,0.38182423,0.19368817,0.09852598,0.14415523,0.6346512,0.11002753,0.17613949,0.42014557,0.098929696
1.2.826.0.1.3680043.8.498.89842390998700046088751402253903762827,0.14184779,0.11871922,0.76455593,0.3285008,0.8643494,0.60744506,0.7816198,0.7348829,0.4556826,0.48668116,0.13131261,0.07050566
1.2.826.0.1.3680043.8.498.89857801102910604766959864464865910585,0.666386,0.37285313,0.591104,0.4517857,0.11115388,0.08874906,0.07687543,0.5549021,0.1409718,0.13714437,0.53066236,0.1874076
1.2.826.0.1.3680043.8.498.89935384074170571164295050203650829722,0.2312223,0.09244529,0.70341533,0.23708643,0.27815154,0.11717624,0.277981,0.5803005,0.06961563,0.20482372,0.2510658,0.04330732
1.2.826.0.1.3680043.8.498.89943815722422273305517145510644432987,0.16123757,0.088695236,0.12746216,0.06960017,0.026090177,0.025343247,0.054781176,0.17514963,0.03164827,0.067754,0.1502088,0.0494795
1.2.826.0.1.3680043.8.498.89953731420879076053772747816096629231,0.062939905,0.04899798,0.07133879,0.037495695,0.03231757,0.02879394,0.08820185,0.13181669,0.02877835,0.09061252,0.08831422,0.03519124
1.2.826.0.1.3680043.8.498.89967772422936726289461201791871771011,0.20961945,0.11523584,0.81073856,0.33542347,0.6056788,0.26951137,0.488981,0.7452559,0.19803503,0.30123177,0.20056503,0.04663275
1.2.826.0.1.3680043.8.498.89987866402625167201267936974120824712,0.17291172,0.080806136,0.51303333,0.17546114,0.15495144,0.070595026,0.14758068,0.5573644,0.061273593,0.19208722,0.2441789,0.042237397
1.2.826.0.1.3680043.8.498.90003472003278237920648198243464374280,0.17017682,0.07024287,0.38455716,0.10369975,0.05137118,0.03087766,0.0813583,0.30738568,0.025225077,0.08256464,0.18118143,0.033088516
1.2.826.0.1.3680043.8.498.90037507233074511524602897439257102032,0.04612968,0.037278175,0.08237368,0.03299268,0.051055644,0.037700586,0.17173392,0.13930114,0.027549064,0.09857643,0.065426424,0.025516136
1.2.826.0.1.3680043.8.498.90057130466053377217652879986591534745,0.15411742,0.08393213,0.77679247,0.2574428,0.69152594,0.3532494,0.6336098,0.6654011,0.16436408,0.35005343,0.16018431,0.03904239
1.2.826.0.1.3680043.8.498.90103210546658057701715546323552886913,0.25461274,0.09739365,0.44203138,0.15660004,0.06777185,0.038283605,0.083241165,0.4162986,0.035775457,0.10295474,0.2474114,0.043286767
1.2.826.0.1.3680043.8.498.90159195278632080234412316065469499332,0.06530544,0.054032885,0.06741742,0.036415473,0.03099392,0.0284606,0.09594759,0.11367003,0.029355396,0.0753402,0.07932536,0.037606824
1.2.826.0.1.3680043.8.498.90170179734833731758923964833173536172,0.066483125,0.055984978,0.06520012,0.036734052,0.030883852,0.028654309,0.095392905,0.110043764,0.030557094,0.07528263,0.07899742,0.03920793
1.2.826.0.1.3680043.8.498.90172333170788218623219231170360850947,0.25991082,0.15252507,0.8423636,0.4253706,0.7161877,0.36963835,0.55287945,0.7903984,0.31797096,0.35511446,0.23612912,0.06418041
1.2.826.0.1.3680043.8.498.90193654806390401129887447441469319421,0.040402833,0.03613976,0.09880037,0.035212032,0.08941476,0.05705817,0.29533637,0.15039803,0.034175444,0.12423224,0.06092323,0.027480278
1.2.826.0.1.3680043.8.498.90206716031776606956011363950625953310,0.68749195,0.38226432,0.5883205,0.47732756,0.123374246,0.09585263,0.079530776,0.6027279,0.15839791,0.14769568,0.56850857,0.20227414
1.2.826.0.1.3680043.8.498.90223492515368389331845681759355261030,0.35365427,0.14186527,0.3984976,0.19782712,0.057225775,0.04088681,0.055263877,0.42412958,0.047496,0.11145484,0.34461373,0.0717504
1.2.826.0.1.3680043.8.498.90227414485305096825508911050013279704,0.046327185,0.03657757,0.24618979,0.05036726,0.2679646,0.13918798,0.48643142,0.23483367,0.043749332,0.19915648,0.06551736,0.026923578
1.2.826.0.1.3680043.8.498.90251533154603802045666102095577144628,0.044162937,0.037726957,0.08080467,0.032415666,0.057102464,0.04133707,0.1977947,0.13018753,0.029127534,0.1067,0.06614719,0.027600694
1.2.826.0.1.3680043.8.498.90264300606047579088362539636050224478,0.042920686,0.03491239,0.103349745,0.033244096,0.08050486,0.053242404,0.25250813,0.1360956,0.028467627,0.117404945,0.06338056,0.025548993
1.2.826.0.1.3680043.8.498.90268709354762000249148795667759483876,0.058673862,0.047352083,0.47555083,0.10138167,0.6012046,0.30403447,0.65528226,0.48237276,0.13414918,0.30860114,0.06811292,0.030469913
1.2.826.0.1.3680043.8.498.90274711315692820326973277297753398634,0.193633,0.09513151,0.28079608,0.09991272,0.03600167,0.030024976,0.06288801,0.24484797,0.03074269,0.08687695,0.21941483,0.04964916
1.2.826.0.1.3680043.8.498.90283565381042081768587894596970552767,0.073088884,0.06510997,0.5458034,0.12862033,0.67378885,0.40028042,0.7184509,0.47429547,0.19377041,0.33837897,0.073535495,0.04151463
1.2.826.0.1.3680043.8.498.90288598546566291188788375261370919222,0.43318018,0.18040505,0.5261006,0.27482274,0.07787912,0.050742514,0.0656286,0.49894863,0.058684897,0.12506008,0.4139002,0.089220814
1.2.826.0.1.3680043.8.498.90299615112155255774026824400461236845,0.1407756,0.07404748,0.18817864,0.07811643,0.039687652,0.028362293,0.07441045,0.27696878,0.030527161,0.09131822,0.17814465,0.039637998
1.2.826.0.1.3680043.8.498.90313529150165069133283531436628039942,0.052479774,0.03572799,0.13014533,0.03808176,0.05561369,0.03672709,0.16379288,0.16198428,0.021414572,0.09563716,0.0774753,0.022005355
1.2.826.0.1.3680043.8.498.90331082101665002495739626395247831768,0.2463242,0.18889363,0.8304667,0.47945598,0.86378086,0.62247115,0.7233619,0.8130847,0.58377576,0.50512177,0.2224034,0.104569845
1.2.826.0.1.3680043.8.498.90340114291852810896219650388952790164,0.051037576,0.043180205,0.3839433,0.08361931,0.5500439,0.26992318,0.6411174,0.40981546,0.1096426,0.29682788,0.06399069,0.030602384
1.2.826.0.1.3680043.8.498.90342120331229511020327052213821820086,0.24087891,0.20444533,0.843648,0.49269447,0.904943,0.7135258,0.79455775,0.80698156,0.64994574,0.55230296,0.20255382,0.118188135
1.2.826.0.1.3680043.8.498.90433488790413321102007716267340900056,0.058480028,0.044663463,0.48103794,0.11248577,0.5068143,0.25238618,0.49545282,0.54792494,0.114695616,0.34640637,0.09305974,0.028933654
1.2.826.0.1.3680043.8.498.90446842983860370183814559926724769347,0.4904655,0.196159,0.71329606,0.3582318,0.16870657,0.08798855,0.13444352,0.58139324,0.07897197,0.1643755,0.44345763,0.090052724
1.2.826.0.1.3680043.8.498.90466423642678253933409966898120881010,0.17286934,0.08975246,0.1913987,0.0810543,0.028339135,0.02473748,0.053567108,0.18930927,0.02809559,0.068543844,0.17453925,0.04859736
1.2.826.0.1.3680043.8.498.90483774039833567637730989859822082272,0.106282875,0.06479871,0.7116409,0.17042881,0.54735136,0.22783758,0.5518145,0.57914025,0.09843793,0.25170216,0.1156369,0.030877428
1.2.826.0.1.3680043.8.498.90490891782778285565462083536468192410,0.06817514,0.05862567,0.060817145,0.03939834,0.029838087,0.028078867,0.100410484,0.110474706,0.031017119,0.07740921,0.08223673,0.040216044
1.2.826.0.1.3680043.8.498.90508461713737190527021531642732695353,0.10528056,0.06705925,0.141879,0.056144744,0.028214507,0.024126409,0.068402566,0.15178147,0.02554461,0.06970542,0.12522314,0.038252927
1.2.826.0.1.3680043.8.498.90514150380296346197442897381548735293,0.09799296,0.059131738,0.66772556,0.17287849,0.5577659,0.2317189,0.5471631,0.6290682,0.12531936,0.2696368,0.10571705,0.027690094
1.2.826.0.1.3680043.8.498.90551187439998209641370107095424494085,0.24982387,0.097913615,0.51648164,0.17435132,0.08191486,0.044477765,0.09214467,0.45171794,0.038894165,0.12592237,0.2945543,0.047443602
1.2.826.0.1.3680043.8.498.90573769367031841574114648773801425781,0.041100305,0.030353716,0.21737456,0.04642704,0.19921936,0.09544475,0.38767523,0.27888706,0.03886684,0.17312396,0.06346985,0.021025363
1.2.826.0.1.3680043.8.498.90629760164319310375909187696899268080,0.17242928,0.14603364,0.81434125,0.38730985,0.88410664,0.6699719,0.80330485,0.7475977,0.53502804,0.4930451,0.14791533,0.08431107
1.2.826.0.1.3680043.8.498.90668646188784648688693620159738574680,0.3400439,0.12905218,0.4505863,0.18370727,0.061245143,0.039553843,0.06782163,0.39484802,0.040296767,0.08757854,0.27771068,0.055339854
1.2.826.0.1.3680043.8.498.90679199017361780574384378857945322240,0.14832668,0.075191274,0.2694188,0.09494754,0.05187198,0.03384816,0.08689995,0.32634342,0.033181805,0.10664988,0.20279844,0.039389983
1.2.826.0.1.3680043.8.498.90751504670572401790063555695835439317,0.3025529,0.14360109,0.74583375,0.3442544,0.37847897,0.16674806,0.29861236,0.6647081,0.14556697,0.2090649,0.28258377,0.063999645
1.2.826.0.1.3680043.8.498.90758414832541790868268922794274257839,0.095273025,0.08551377,0.668345,0.19314887,0.81053764,0.56234396,0.7868553,0.53881013,0.29608092,0.42512578,0.08899594,0.056795504
1.2.826.0.1.3680043.8.498.90764713690393618577990540005126771712,0.5168951,0.23952341,0.46382654,0.30392548,0.06789179,0.051231645,0.06200504,0.47075367,0.07120786,0.10897096,0.43660778,0.11859251
1.2.826.0.1.3680043.8.498.90771070773751767226565553195436971014,0.06658947,0.0562815,0.065541536,0.03681787,0.030861283,0.028640196,0.09584079,0.11013917,0.030548282,0.07523853,0.07906947,0.038991086
1.2.826.0.1.3680043.8.498.90858397443821905121918628339486070979,0.05470878,0.046344,0.07518057,0.03385365,0.039306074,0.032886937,0.13591857,0.11351095,0.028399704,0.08401224,0.07053485,0.032064125
1.2.826.0.1.3680043.8.498.90893882071188409362296099956462540506,0.31734645,0.1307486,0.35251105,0.15284795,0.046102855,0.035735015,0.059399094,0.32034296,0.038802903,0.082937695,0.26139832,0.06008119
1.2.826.0.1.3680043.8.498.90976227335921831531105845602655777296,0.059354886,0.048927017,0.067215115,0.035811644,0.03373165,0.029433222,0.10924896,0.11910692,0.028598309,0.082503594,0.075933166,0.033395026
1.2.826.0.1.3680043.8.498.90985037792656682958281230441654772668,0.06339161,0.05083229,0.067417406,0.037272565,0.03247289,0.029245585,0.09014286,0.123202935,0.029931575,0.08901915,0.084387,0.035615217
1.2.826.0.1.3680043.8.498.91064647744940506223536204418057554573,0.06292817,0.046102855,0.08266651,0.03773498,0.033848066,0.027808957,0.10328524,0.13685532,0.025712386,0.081194595,0.08091229,0.029854126
1.2.826.0.1.3680043.8.498.91106275065657355304239097295699332135,0.3144363,0.13611898,0.26887736,0.1394298,0.038327184,0.03345753,0.05397923,0.29466572,0.039818574,0.07931602,0.2549896,0.06642317
1.2.826.0.1.3680043.8.498.91122873808284731048016330734204992698,0.0769872,0.045221705,0.14626092,0.049024448,0.039929338,0.027854102,0.10145672,0.2007372,0.023050956,0.08405216,0.100358635,0.025017234
1.2.826.0.1.3680043.8.498.91124979914013108948829704350601987380,0.07975564,0.05318451,0.09612386,0.046314273,0.030234821,0.025816089,0.07098158,0.16441888,0.027408566,0.08991477,0.11227358,0.034239743
1.2.826.0.1.3680043.8.498.91125742927944703615970502025043944089,0.1312725,0.10725295,0.7663166,0.2669512,0.7769966,0.48068836,0.729838,0.63242704,0.29407024,0.38319817,0.11590444,0.05547555
1.2.826.0.1.3680043.8.498.91139126799820974665417903552066103454,0.5000141,0.22778428,0.44606873,0.27391192,0.06254722,0.04992799,0.059350412,0.4346712,0.067476325,0.097995795,0.38860688,0.102839
1.2.826.0.1.3680043.8.498.91168270990167204047014161851340054645,0.0699511,0.058961406,0.0660665,0.037782386,0.029903127,0.028738469,0.09678153,0.108086675,0.03083442,0.07623888,0.08575587,0.04366763
1.2.826.0.1.3680043.8.498.91206973544724011503639050238118945528,0.041627377,0.034099977,0.21133299,0.04426301,0.18562716,0.098904826,0.43678728,0.22339892,0.045313112,0.15764214,0.059415948,0.025053522
1.2.826.0.1.3680043.8.498.91220255464004258635083940797356822178,0.22381291,0.09200344,0.28410724,0.1198179,0.044279136,0.0310216,0.05575357,0.33724296,0.034026213,0.10235214,0.24989407,0.049092595
1.2.826.0.1.3680043.8.498.91230059913252604666971822137553690811,0.076170534,0.05806754,0.0785345,0.042670164,0.02855962,0.025669778,0.08335508,0.13340364,0.027496602,0.07561875,0.0942939,0.037051935
1.2.826.0.1.3680043.8.498.91237082716839283641165609666644466929,0.71450794,0.4377043,0.7829593,0.64869463,0.30692065,0.18764696,0.17020199,0.7377884,0.28283975,0.2167032,0.626468,0.24441776
1.2.826.0.1.3680043.8.498.91262503278090288446189575519187653125,0.5716542,0.27454513,0.53876996,0.3722148,0.09930544,0.07046067,0.07504315,0.5588099,0.0994704,0.13532856,0.48738974,0.13997701
1.2.826.0.1.3680043.8.498.91323765268136520804399328350809179765,0.35799277,0.17539872,0.8109854,0.43990287,0.4923664,0.2106791,0.3649565,0.74779534,0.20299922,0.2584864,0.33151674,0.0796891
1.2.826.0.1.3680043.8.498.91328985601265188961626433080766431089,0.18526028,0.15968661,0.8179248,0.39652902,0.9009245,0.724311,0.8223166,0.73419327,0.581533,0.53239655,0.15010653,0.097354926
1.2.826.0.1.3680043.8.498.91346221361264140052760282748336176394,0.24701352,0.11282579,0.29042527,0.11695587,0.034716845,0.028907709,0.05509468,0.24946405,0.031763747,0.07648881,0.23178457,0.056004304
1.2.826.0.1.3680043.8.498.91361379904133499492465873800011777365,0.5471713,0.2603487,0.5477289,0.3535916,0.08514394,0.06348701,0.07044229,0.5246021,0.08588454,0.12900598,0.49467292,0.13764177
1.2.826.0.1.3680043.8.498.91380337141071062166571333367919885984,0.24594277,0.14474952,0.8450335,0.4143318,0.7189377,0.38919982,0.5693714,0.76069444,0.3166602,0.31512946,0.21147352,0.062125556
1.2.826.0.1.3680043.8.498.91385694666101904780012335954322545042,0.038609445,0.029750101,0.16253632,0.03975432,0.13868785,0.071805045,0.3199315,0.23700476,0.03493528,0.15169159,0.05894582,0.020511612
1.2.826.0.1.3680043.8.498.91391446167553025113367459399831345295,0.06565227,0.05173533,0.07583447,0.037388578,0.033438783,0.030121932,0.106154256,0.10909803,0.027031127,0.078587726,0.08024385,0.033976063
1.2.826.0.1.3680043.8.498.91431012289716035498822977054491790785,0.045507103,0.036136895,0.31374064,0.07127363,0.41213664,0.18949078,0.5748474,0.3623286,0.07770684,0.24592076,0.061072685,0.026594922
1.2.826.0.1.3680043.8.498.91468214041781427810665883790357021637,0.040619504,0.032409485,0.23462732,0.050545696,0.28194913,0.13410181,0.47571295,0.2860239,0.05221675,0.19477446,0.057340927,0.023117866
1.2.826.0.1.3680043.8.498.91497176426480836856097456438014037999,0.065329336,0.053412333,0.068947665,0.036484815,0.031109136,0.028149026,0.09551185,0.11523897,0.028872304,0.075179234,0.08002579,0.037414037
1.2.826.0.1.3680043.8.498.91499489440453244654238202136675083579,0.28769714,0.22065267,0.870631,0.5136672,0.86655366,0.6372825,0.72863495,0.8057992,0.6065593,0.45214936,0.22088817,0.100560665
1.2.826.0.1.3680043.8.498.91581717063042044543371480238854954692,0.038602106,0.030950224,0.15174235,0.03735789,0.13759524,0.07229545,0.30473685,0.2326331,0.03901585,0.1436039,0.06383132,0.022624265
1.2.826.0.1.3680043.8.498.91606395836371290680039618164703651751,0.3309596,0.15410554,0.26350656,0.15035535,0.038249437,0.033863153,0.051245596,0.3006673,0.04583367,0.08123573,0.26991794,0.074358046
1.2.826.0.1.3680043.8.498.91611403539216247154562810076063878924,0.08049298,0.04267681,0.29679018,0.06493473,0.07692322,0.042792566,0.1663482,0.28565726,0.025990289,0.10491342,0.099313736,0.020464608
1.2.826.0.1.3680043.8.498.91660278231317256353374962767408532443,0.083800755,0.054456335,0.122888245,0.048499994,0.028874476,0.024778927,0.07360263,0.15649813,0.024822708,0.077930115,0.11565088,0.033469062
1.2.826.0.1.3680043.8.498.91686669332744972709173289374472094988,0.08870995,0.053497456,0.3825797,0.12088859,0.2978218,0.1504682,0.36911047,0.49467877,0.09009425,0.24142186,0.12307799,0.034391664
1.2.826.0.1.3680043.8.498.91727248305411866145131034915485728037,0.10814358,0.07123085,0.11021179,0.0521401,0.02584782,0.025212998,0.07057336,0.14166544,0.028461669,0.06679019,0.12067245,0.045654114
1.2.826.0.1.3680043.8.498.91742054227008690570256869200116133922,0.12965083,0.055345234,0.53690803,0.11883888,0.12648879,0.0544451,0.17166953,0.42897663,0.03344784,0.12276654,0.14628579,0.023348762
1.2.826.0.1.3680043.8.498.91744384920314309659802891351055961910,0.3945485,0.19600685,0.6186263,0.35741982,0.24293233,0.12991564,0.18815373,0.63407403,0.13990343,0.21156673,0.38352823,0.10670771
1.2.826.0.1.3680043.8.498.91839696756303525362262251587171486273,0.047762856,0.033462297,0.35456926,0.061268453,0.26681492,0.12518716,0.44577897,0.3221192,0.04862838,0.18851201,0.06576493,0.021280078
1.2.826.0.1.3680043.8.498.91860013313252950044036077977399321593,0.19406779,0.09555651,0.59069985,0.22197244,0.25081143,0.11525909,0.25606018,0.5831776,0.08431073,0.21983238,0.23517649,0.049884386
1.2.826.0.1.3680043.8.498.91883829404782805058767342767479130421,0.45560157,0.19466798,0.74707156,0.39247653,0.2231224,0.100068614,0.15862393,0.66586983,0.10865695,0.16251224,0.4079218,0.08548296
1.2.826.0.1.3680043.8.498.91897419008563027309752122760214275182,0.055543438,0.037259478,0.13854334,0.04458497,0.054812245,0.033713233,0.1624021,0.19512397,0.024097914,0.09781928,0.07984389,0.02221426
1.2.826.0.1.3680043.8.498.91910585599088493175245713843727208369,0.07232552,0.038899887,0.3002828,0.068381935,0.08906484,0.043566182,0.19282201,0.3053004,0.026602194,0.11284304,0.097795054,0.020619402
1.2.826.0.1.3680043.8.498.91913894091933783677568170210064807665,0.07010127,0.060477525,0.06301385,0.037440483,0.030759472,0.029914906,0.10351561,0.10270619,0.031929232,0.07832664,0.0812952,0.04314648
1.2.826.0.1.3680043.8.498.91940000162714863613139612302783091395,0.08652695,0.06516348,0.6410824,0.17496227,0.6498496,0.32683447,0.6458619,0.5998587,0.17665865,0.32307717,0.09207062,0.033230044
1.2.826.0.1.3680043.8.498.91979363712708769014277114061159398016,0.49921292,0.21372066,0.5376139,0.31293258,0.08482868,0.05664031,0.071518466,0.5179431,0.06974197,0.113187715,0.41940475,0.09813595
1.2.826.0.1.3680043.8.498.91991985280680856830060431668414014465,0.16959278,0.076653056,0.49469584,0.16129889,0.14116935,0.06408219,0.13591826,0.5423523,0.055965986,0.18065114,0.23743255,0.04000679
1.2.826.0.1.3680043.8.498.92030581934838097812004394123949263069,0.06022709,0.04879522,0.0733637,0.037387613,0.032681886,0.028123355,0.10414976,0.1236075,0.027570026,0.08083211,0.07966856,0.03324318
1.2.826.0.1.3680043.8.498.92063841381005962285592592672311044745,0.19117491,0.07589738,0.49586877,0.13769716,0.08585434,0.042177014,0.11928457,0.41986167,0.03214879,0.102950744,0.18850522,0.029823005
1.2.826.0.1.3680043.8.498.92071199603599654827155753204585082303,0.2799048,0.11333477,0.5473043,0.21779644,0.118950285,0.05959891,0.13691002,0.4988277,0.052530203,0.1416221,0.28764072,0.0549009
1.2.826.0.1.3680043.8.498.92126358259118823397932994812520542494,0.22838646,0.13380772,0.84629166,0.34450763,0.67462003,0.30757067,0.55168223,0.72019565,0.20100711,0.3023532,0.20805344,0.054035764
1.2.826.0.1.3680043.8.498.92127426417720107708158713612888411025,0.16322662,0.07031026,0.42830077,0.13101098,0.10157314,0.05040693,0.14034235,0.43498874,0.038458575,0.13364115,0.1859766,0.03283828
1.2.826.0.1.3680043.8.498.92222956609345084635188178384706987675,0.15071212,0.06620234,0.6564385,0.17218561,0.22258015,0.088348955,0.2457286,0.5536603,0.051743515,0.1900893,0.2012036,0.030611375
1.2.826.0.1.3680043.8.498.92249560662718438332916289759028859881,0.06655928,0.038431052,0.25462836,0.05571128,0.072105974,0.03804337,0.16142227,0.28810227,0.02494109,0.102392614,0.09256098,0.019622125
1.2.826.0.1.3680043.8.498.92285140961160393284537044926797259671,0.14745468,0.12868084,0.77379996,0.3277518,0.8900868,0.69137216,0.820168,0.68862844,0.4863109,0.5124881,0.12260427,0.08032411
1.2.826.0.1.3680043.8.498.92301915122994899889226415477164044164,0.0641106,0.04247656,0.13610533,0.050343532,0.05074334,0.034071743,0.10886905,0.22836484,0.027641695,0.11550662,0.10762297,0.025473585
1.2.826.0.1.3680043.8.498.92326467051364762529119362944559591665,0.06102959,0.04058008,0.35388574,0.0899794,0.3249221,0.14794745,0.4353491,0.4366938,0.07199278,0.24469796,0.09512242,0.027970288
1.2.826.0.1.3680043.8.498.92386519544130078776672685639580497728,0.25597477,0.1745287,0.8704317,0.42280096,0.8060763,0.46789178,0.660483,0.7671031,0.35595798,0.39059055,0.21664906,0.07327145
1.2.826.0.1.3680043.8.498.92407834172018110142589158281575319154,0.09113981,0.08261466,0.6472447,0.17956129,0.8010536,0.5535524,0.78466403,0.5190766,0.28055683,0.41583675,0.085877106,0.057349276
1.2.826.0.1.3680043.8.498.92410537691481397330646029810090178745,0.113621004,0.101346254,0.71634626,0.24741344,0.855056,0.62490004,0.8059714,0.61371446,0.37842456,0.46826366,0.1018508,0.066363215
1.2.826.0.1.3680043.8.498.92445779773398371452908052305534240654,0.12809965,0.06969331,0.20497715,0.07428059,0.036617503,0.026084822,0.07036042,0.26729012,0.028529556,0.085929774,0.17598231,0.036631882
1.2.826.0.1.3680043.8.498.92449204325697143336618138322280397765,0.06509798,0.05401314,0.06739199,0.036452904,0.031009102,0.028410202,0.095885925,0.113884,0.029326275,0.07564144,0.07968428,0.037573308
1.2.826.0.1.3680043.8.498.92455257597708674644536154732642099964,0.51195097,0.24746692,0.7258768,0.44702312,0.22068948,0.11643607,0.15897255,0.64518124,0.13915066,0.16971414,0.4695398,0.1293605
1.2.826.0.1.3680043.8.498.92581137608969847756039955144478716506,0.04688056,0.03185232,0.14727259,0.04002021,0.074240305,0.044546027,0.20027454,0.20447896,0.02590227,0.117387086,0.07336041,0.020918442
1.2.826.0.1.3680043.8.498.92597065276819676534178545455668171085,0.19515748,0.08116819,0.3558981,0.1261017,0.058831964,0.034309365,0.06867018,0.40186834,0.035277765,0.11431482,0.24570602,0.041008282
1.2.826.0.1.3680043.8.498.92602515666185999130675702469977883616,0.34518352,0.16885695,0.26640645,0.15389176,0.03644363,0.0340485,0.050242502,0.28056505,0.047579102,0.081271715,0.2880193,0.08521666
1.2.826.0.1.3680043.8.498.92621720172216795135762712303124932801,0.06767957,0.0377603,0.28817108,0.063792266,0.087285876,0.04242985,0.20380487,0.27150804,0.025329322,0.10814944,0.094901666,0.020350793
1.2.826.0.1.3680043.8.498.92626490033376759309712417622692944095,0.2679839,0.09860656,0.63928115,0.20806116,0.1511808,0.06824351,0.15845852,0.49451113,0.045068517,0.14867106,0.27476546,0.043749552
1.2.826.0.1.3680043.8.498.92650426727723557280117118587545413917,0.061344802,0.05168104,0.069755666,0.03530395,0.032432985,0.029200649,0.11122272,0.11042929,0.028721217,0.076855,0.078376636,0.037778802
1.2.826.0.1.3680043.8.498.92655291659311409459093330375014445330,0.04434568,0.032127924,0.20820414,0.043768957,0.114900045,0.063340634,0.29517838,0.21232377,0.031379152,0.12773296,0.06593998,0.021533504
1.2.826.0.1.3680043.8.498.92682287574388138675492893420192905780,0.061613977,0.0494023,0.43921632,0.09300958,0.59954274,0.3263588,0.6872882,0.36287782,0.0950559,0.3199758,0.07541367,0.034954622
1.2.826.0.1.3680043.8.498.92715232057122971236003034574127234433,0.15405536,0.06465633,0.37646213,0.1131707,0.073341854,0.038390417,0.08815727,0.42670125,0.03446964,0.12632935,0.21362175,0.03348009
1.2.826.0.1.3680043.8.498.92722393862174380736027353110424417588,0.28719056,0.1190969,0.43338904,0.19548732,0.084035754,0.04695875,0.07613111,0.48337322,0.0516656,0.13707364,0.3146208,0.059876632
1.2.826.0.1.3680043.8.498.92758635328468215409701857842011454608,0.43246508,0.18206128,0.61844504,0.27353668,0.08597595,0.05195935,0.07991974,0.47584528,0.05548156,0.10801199,0.37935942,0.08117737
1.2.826.0.1.3680043.8.498.92839397144213404004277739877191283401,0.11222253,0.066688456,0.6972531,0.20569678,0.5451741,0.24849233,0.4863595,0.66767776,0.13311994,0.33800218,0.1456975,0.033392623
1.2.826.0.1.3680043.8.498.92854445271746966212168817610305595078,0.05418304,0.040296625,0.4469039,0.09867999,0.47597995,0.238311,0.4814456,0.51751053,0.1026255,0.32778057,0.08798617,0.026760817
1.2.826.0.1.3680043.8.498.92902692647544828045768164058889405369,0.048443034,0.04128049,0.24887864,0.052802153,0.25589803,0.14612521,0.519619,0.23129229,0.06250053,0.1969038,0.06413004,0.032377973
1.2.826.0.1.3680043.8.498.92925901047699000727725798824992891055,0.068412594,0.057934392,0.07240572,0.037671622,0.031433616,0.029898444,0.10712051,0.1079765,0.03082967,0.07716611,0.08274217,0.04232359
1.2.826.0.1.3680043.8.498.93026010065162534828966791702007067882,0.049520485,0.036088362,0.37562346,0.08155486,0.37372777,0.18053618,0.4160133,0.47512212,0.07732199,0.28182706,0.08547897,0.02465412
1.2.826.0.1.3680043.8.498.93054327536380380487760790221613186305,0.27603206,0.13909125,0.6975594,0.2964473,0.3186507,0.14439999,0.28747737,0.6678796,0.13515417,0.24089657,0.31901777,0.07392479
1.2.826.0.1.3680043.8.498.93062749017302143105207135454940053142,0.10299051,0.05967564,0.12443114,0.05432099,0.030128589,0.025671953,0.06415809,0.18095131,0.02741538,0.08741678,0.1349267,0.03726642
1.2.826.0.1.3680043.8.498.93096918345463865518663434763610016449,0.15065394,0.07910685,0.14970352,0.06923574,0.027641714,0.024633568,0.060137928,0.18873435,0.028025087,0.07100036,0.15501527,0.042867746
1.2.826.0.1.3680043.8.498.93104685852024334015651558514195715956,0.046369802,0.036675405,0.34773645,0.07291328,0.44711468,0.20753549,0.5738059,0.3901237,0.08099391,0.26791623,0.06256959,0.025791591
1.2.826.0.1.3680043.8.498.93141871723058796160969424330424882014,0.13925508,0.12567155,0.7655514,0.32941908,0.8847552,0.6593772,0.813993,0.7114405,0.4722322,0.5081996,0.12418634,0.07762631
1.2.826.0.1.3680043.8.498.93177444420568709574758402836371200945,0.06638,0.05261464,0.07299224,0.03795853,0.030851496,0.028031617,0.100003645,0.12388529,0.028366892,0.078212544,0.08166242,0.033727627
1.2.826.0.1.3680043.8.498.93182602591865019295859776146674822677,0.04604886,0.03590269,0.34196267,0.07137224,0.44233724,0.20421718,0.59063625,0.3627071,0.07796596,0.2611076,0.06474574,0.027257044
1.2.826.0.1.3680043.8.498.93188773180403601524488403580611534053,0.18497276,0.16222496,0.8162267,0.39258564,0.8984827,0.7223226,0.8203374,0.7314498,0.5846962,0.5305733,0.14914198,0.09849985
1.2.826.0.1.3680043.8.498.93222021909191248270818335069738080963,0.274591,0.18980414,0.84313196,0.4946178,0.8313872,0.5465636,0.68660814,0.81015563,0.50186104,0.44835374,0.23853728,0.09498201
1.2.826.0.1.3680043.8.498.93230313557251171119475173996942942855,0.069968045,0.04865177,0.08996249,0.041855603,0.0334474,0.027176278,0.09530874,0.15249245,0.025674695,0.08121921,0.08958436,0.030134622
1.2.826.0.1.3680043.8.498.93301337627536436086612556500687157032,0.06758991,0.055568013,0.068249926,0.037311494,0.030242551,0.028068218,0.09204724,0.1148921,0.02940389,0.07420393,0.08105557,0.038221654
1.2.826.0.1.3680043.8.498.93318293884671598055223778443354732793,0.10578218,0.06966038,0.09498995,0.051428363,0.025948057,0.024943389,0.067471884,0.14345278,0.028538723,0.067931555,0.110991664,0.040771775
1.2.826.0.1.3680043.8.498.93344237572402384894445814841725878706,0.09347681,0.050835125,0.19506006,0.056328572,0.03748704,0.025574308,0.08620381,0.19433463,0.021837398,0.073568575,0.1150536,0.027281057
1.2.826.0.1.3680043.8.498.93359387652821116106937882388838959209,0.076474994,0.044298775,0.16062436,0.054445583,0.044467878,0.028947204,0.08640845,0.25529337,0.02596661,0.10866487,0.12710476,0.02664299
1.2.826.0.1.3680043.8.498.93385433312281352893457225415812880948,0.11407733,0.06562298,0.14944974,0.0629198,0.033114552,0.02635306,0.075551435,0.19435805,0.026729172,0.07869888,0.14056316,0.03820471
1.2.826.0.1.3680043.8.498.93478919245462741704531324128061533679,0.040009007,0.03552968,0.09644145,0.03516936,0.09054361,0.057243407,0.29798445,0.15029137,0.033773243,0.1251941,0.05979929,0.027539624
1.2.826.0.1.3680043.8.498.93555726419626687118723083838655757151,0.08387142,0.067441456,0.6037949,0.17866395,0.76210344,0.44433734,0.72879297,0.60497737,0.22781225,0.4063137,0.0976366,0.04488226
1.2.826.0.1.3680043.8.498.93623421864452751381778712192879121271,0.26070502,0.13042611,0.18698442,0.11171096,0.030140873,0.028468505,0.047742046,0.24590328,0.039716784,0.073462956,0.2286629,0.06738405
1.2.826.0.1.3680043.8.498.93653421810951484288813767943453706233,0.5006986,0.2423267,0.7507255,0.44541606,0.2370582,0.114395745,0.16673121,0.6736604,0.1385583,0.16605076,0.4600768,0.11764817
1.2.826.0.1.3680043.8.498.93655619137163635289231840294252859840,0.11953254,0.07089774,0.674029,0.2169667,0.6010821,0.27342728,0.5391559,0.6953544,0.18559763,0.3090074,0.13160954,0.036052883
1.2.826.0.1.3680043.8.498.93718451128867963123946970296603639068,0.100298226,0.062090255,0.66809225,0.16749038,0.5451123,0.23156135,0.54492366,0.61774623,0.11754849,0.27331638,0.109619744,0.0288002
1.2.826.0.1.3680043.8.498.93719148934772792523193842156217224487,0.2981607,0.20610194,0.8547017,0.50756973,0.82865804,0.53953135,0.6515449,0.82801473,0.54223937,0.43955997,0.25894818,0.10032691
1.2.826.0.1.3680043.8.498.93722352425168280299901366261374293722,0.06777929,0.057086486,0.54682744,0.118529506,0.55059075,0.2775724,0.6543132,0.4340236,0.118530735,0.27489027,0.07663646,0.03396207
1.2.826.0.1.3680043.8.498.93728117237268000947508816107096388086,0.09447691,0.0544688,0.54642713,0.13958365,0.37249902,0.1547671,0.42079327,0.56351393,0.090682626,0.23841844,0.12630399,0.029912991
1.2.826.0.1.3680043.8.498.93747304211180517979657679136059719120,0.13473833,0.06258797,0.2892849,0.07862249,0.043564282,0.029612811,0.089637436,0.22505905,0.024024671,0.07598751,0.1439275,0.033214547
1.2.826.0.1.3680043.8.498.93774667493652492119129601342627338680,0.049318146,0.037818156,0.1209255,0.03576178,0.062331356,0.041082397,0.18763547,0.17281982,0.027545204,0.09892755,0.068198785,0.023656702
1.2.826.0.1.3680043.8.498.93848205752465320137433228658870667418,0.03865386,0.03182248,0.13071713,0.036377493,0.12306323,0.06944201,0.32275146,0.1963202,0.03532417,0.14246327,0.057694644,0.023176378
1.2.826.0.1.3680043.8.498.93902628119199416703899320994283313812,0.066039935,0.05495595,0.06647445,0.037142105,0.03064027,0.02818881,0.09514205,0.11513516,0.02940697,0.075877875,0.08010805,0.0376669
1.2.826.0.1.3680043.8.498.93921993164883084178408030385007465064,0.29326838,0.17760277,0.87697834,0.43881506,0.73428494,0.37131962,0.57070434,0.76989216,0.29138955,0.33880892,0.25466293,0.07020753
1.2.826.0.1.3680043.8.498.93976819306514730278115540117878688308,0.17396243,0.08107283,0.36493704,0.13558343,0.08193751,0.04597559,0.096907124,0.43971646,0.044060305,0.14696838,0.2412801,0.04430781
1.2.826.0.1.3680043.8.498.93985093305024344873337249433396141838,0.074048586,0.061463475,0.57096374,0.14646724,0.7451891,0.4304845,0.74138474,0.53348494,0.18549946,0.39854735,0.08420266,0.04174312
1.2.826.0.1.3680043.8.498.94002633501154835018549300667479350401,0.079310164,0.049403664,0.5991153,0.13126346,0.5903115,0.2932561,0.63500905,0.49611288,0.0929242,0.31239843,0.09670836,0.028543351
1.2.826.0.1.3680043.8.498.94027547274004055924993074754507802303,0.52634114,0.24677454,0.58236945,0.37298957,0.12946133,0.0833549,0.10170716,0.57882833,0.10434494,0.15889111,0.46891677,0.13174517
1.2.826.0.1.3680043.8.498.94030816415316308210133175314873817171,0.057783395,0.04600491,0.10007666,0.036724664,0.046615,0.036703624,0.14882322,0.13467084,0.029035173,0.08968328,0.074506246,0.029555602
1.2.826.0.1.3680043.8.498.94069670011071682445520414370532541612,0.05545429,0.041266724,0.44233832,0.10406797,0.5091791,0.25656784,0.5201265,0.52591604,0.108295195,0.35135284,0.08770597,0.027847718
1.2.826.0.1.3680043.8.498.94117540970936035429846288243624086693,0.11412413,0.07639182,0.69667405,0.22925213,0.73159176,0.39196494,0.65019584,0.7119962,0.26341534,0.36583564,0.11836634,0.04090207
1.2.826.0.1.3680043.8.498.94244885518758327449236878653096161475,0.35089993,0.16208223,0.67877704,0.3151616,0.22566162,0.10475155,0.19582435,0.6436883,0.110853456,0.1988964,0.3773628,0.08214162
1.2.826.0.1.3680043.8.498.94252884278314596961426629318911909075,0.043355323,0.034775287,0.27704751,0.058736667,0.28860313,0.13593483,0.50062346,0.30393198,0.056920245,0.20003852,0.05932485,0.02403673
1.2.826.0.1.3680043.8.498.94255124739558547668304022649099251744,0.06530544,0.054032885,0.06741742,0.036415473,0.03099392,0.0284606,0.09594759,0.11367003,0.029355396,0.0753402,0.07932536,0.037606824
1.2.826.0.1.3680043.8.498.94274898137310893945218731717226819541,0.08195494,0.059052974,0.113473654,0.04717826,0.030087512,0.027216874,0.08211796,0.14130403,0.027808892,0.08044681,0.10901577,0.03666292
1.2.826.0.1.3680043.8.498.94296943940827583101208235208463322140,0.3204101,0.22593655,0.8937164,0.52350354,0.8495255,0.5478805,0.68310285,0.8069767,0.47647363,0.43503022,0.26419693,0.09659911
1.2.826.0.1.3680043.8.498.94328216642444410827846344286227627425,0.18075566,0.089568526,0.28832853,0.096943,0.036800824,0.030589372,0.066290356,0.24226321,0.03010354,0.08674806,0.2122047,0.046996605
1.2.826.0.1.3680043.8.498.94335780236370744781443631231792792083,0.059821054,0.048687164,0.067963645,0.03594754,0.033832695,0.029502792,0.10915348,0.11985958,0.028403433,0.08225769,0.076225355,0.033129904
1.2.826.0.1.3680043.8.498.94381282809153270156987123429739805206,0.1730282,0.07241005,0.5204861,0.14953195,0.15378541,0.07411755,0.20198227,0.44333005,0.042842977,0.16929282,0.21192263,0.036968462
1.2.826.0.1.3680043.8.498.94393348753936295687030819683853459606,0.20652741,0.17210366,0.82923716,0.45062342,0.8915713,0.68127775,0.78616625,0.7927388,0.59550726,0.52155614,0.17999321,0.096428074
1.2.826.0.1.3680043.8.498.94433753471890306108089557761231739312,0.06758275,0.055404667,0.068788715,0.037358303,0.030478794,0.028131312,0.094555385,0.11171862,0.029593408,0.07422435,0.079131015,0.038246464
1.2.826.0.1.3680043.8.498.94447683257072169359896104855962933413,0.06568148,0.05536539,0.06597556,0.03643693,0.031059142,0.028569877,0.097244106,0.11050996,0.03038807,0.07486332,0.0782826,0.03887285
1.2.826.0.1.3680043.8.498.94448720962054029575571654250994769402,0.042775456,0.034335893,0.2987931,0.055650644,0.34942895,0.16414113,0.5245395,0.3056331,0.062244475,0.21478783,0.058464475,0.025505412
1.2.826.0.1.3680043.8.498.94553664348118184200007654265863262684,0.67185277,0.36921975,0.6007929,0.46066904,0.11157951,0.087560356,0.07625329,0.5637076,0.13546939,0.13600627,0.5431802,0.18490271
1.2.826.0.1.3680043.8.498.94590838906158914501563687877014778914,0.20813744,0.08381071,0.48863134,0.15252492,0.087323874,0.043176036,0.10948749,0.46303654,0.03702559,0.10999138,0.22324237,0.03586901
1.2.826.0.1.3680043.8.498.94594009911808653224418094594012527944,0.07049223,0.048175342,0.52949953,0.1103692,0.44806987,0.18775053,0.5029051,0.506145,0.087908514,0.23367149,0.08091354,0.024388203
1.2.826.0.1.3680043.8.498.94601583997736688762302974573903982304,0.107360065,0.07220918,0.71035296,0.17887037,0.63662696,0.28593096,0.6213973,0.5833278,0.12402015,0.2895951,0.113366164,0.0352035
1.2.826.0.1.3680043.8.498.94607524665407029611795868588964734480,0.05687466,0.046770517,0.06763125,0.035104875,0.035584316,0.03042977,0.1177113,0.12077858,0.028391685,0.08470039,0.07412503,0.031829137
1.2.826.0.1.3680043.8.498.94625454484290996254750481989036812516,0.45527413,0.21926567,0.63306904,0.37310237,0.17984359,0.09864166,0.15124513,0.61105824,0.115197115,0.18101425,0.43777162,0.12045816
1.2.826.0.1.3680043.8.498.94635110520016467882028406590905441740,0.18468326,0.12512726,0.7991959,0.35247833,0.766253,0.440461,0.6663496,0.76453173,0.340284,0.4188404,0.19296773,0.064914554
1.2.826.0.1.3680043.8.498.94658317716039594639343437780115140531,0.06534131,0.05171684,0.0690404,0.038237616,0.03207351,0.029140664,0.087297425,0.1291272,0.030016018,0.09021895,0.08789815,0.035874434
1.2.826.0.1.3680043.8.498.94677297888135961827159679484207792618,0.5076929,0.28904143,0.85149986,0.5958473,0.60968906,0.31535268,0.38657,0.8098882,0.35713413,0.31773496,0.4491765,0.1443915
1.2.826.0.1.3680043.8.498.94722363227977785887442194094888460046,0.048758283,0.037183713,0.37929967,0.07476175,0.4494231,0.21152106,0.58898884,0.37855652,0.07669238,0.26906833,0.07023183,0.027796151
1.2.826.0.1.3680043.8.498.94729634553835820944505159643192054175,0.06424303,0.055352766,0.06145151,0.038393483,0.030446239,0.028548375,0.10518522,0.112372786,0.030165669,0.07959907,0.08040873,0.038863953
1.2.826.0.1.3680043.8.498.94747403767627336827372096100476526821,0.06561931,0.055126578,0.06672968,0.03660811,0.031196922,0.028446062,0.09640306,0.11048861,0.029989671,0.07490636,0.07869145,0.03850633
1.2.826.0.1.3680043.8.498.94753144127920558221268610279343359449,0.23567145,0.116858006,0.1703906,0.09993296,0.028797116,0.027641514,0.048864655,0.2320116,0.037146445,0.07157936,0.20970403,0.060999937
1.2.826.0.1.3680043.8.498.94761755148413531477206243804832613511,0.6658356,0.35347483,0.6616017,0.49440336,0.14014502,0.09591396,0.09057999,0.625655,0.14535595,0.14505877,0.55412644,0.17010435
1.2.826.0.1.3680043.8.498.94774472240035721003264951868030913589,0.18349555,0.14176391,0.81367207,0.3812706,0.8532017,0.5772662,0.75379777,0.77694803,0.45246857,0.47796544,0.17825224,0.07696487
1.2.826.0.1.3680043.8.498.94798723424795346945893598929864335472,0.10638678,0.054531846,0.27576822,0.06724459,0.045881268,0.028927218,0.09892242,0.22529517,0.02198207,0.079178475,0.12547107,0.027361454
1.2.826.0.1.3680043.8.498.94822220672465914426995315295921716764,0.19499251,0.08382756,0.38799253,0.12040823,0.053872246,0.031981338,0.083934255,0.34391487,0.03126616,0.082749896,0.21685663,0.041560315
1.2.826.0.1.3680043.8.498.94921929374845793599006362190119159537,0.21421494,0.09029646,0.34636334,0.12386144,0.046114508,0.031409945,0.0637455,0.3275175,0.031323798,0.09825177,0.25474852,0.046974346
1.2.826.0.1.3680043.8.498.94944218313788305917509271079443871442,0.12460537,0.1080867,0.74444395,0.2735888,0.8709041,0.6520029,0.8123068,0.6353716,0.40998814,0.4765754,0.108145736,0.069400854
1.2.826.0.1.3680043.8.498.94945670991495145462605178471390637325,0.16593398,0.11259486,0.8160918,0.3133485,0.8391474,0.53687125,0.7521434,0.6974966,0.2903266,0.43397605,0.15540688,0.055532873
1.2.826.0.1.3680043.8.498.94954489705497211843190734684710878341,0.16159101,0.0784415,0.23426437,0.08448266,0.03581638,0.02552794,0.06739365,0.2772248,0.027598254,0.0813403,0.19011375,0.039713595
1.2.826.0.1.3680043.8.498.94955017957653373798729896600270551224,0.13801606,0.07892521,0.13205226,0.06550354,0.025981361,0.025128173,0.060742322,0.16377434,0.02912634,0.06824747,0.15168567,0.05020627
1.2.826.0.1.3680043.8.498.95026524886584356226576936309513335214,0.06561411,0.054876484,0.06613724,0.036303326,0.03128969,0.028655628,0.09655888,0.110949256,0.030155053,0.074878514,0.078570776,0.038733065
1.2.826.0.1.3680043.8.498.95030266788619257057351879256576338162,0.066426,0.036784686,0.23970547,0.058202136,0.07975763,0.042448066,0.17704809,0.2896057,0.02588897,0.11440693,0.09125713,0.019484479
1.2.826.0.1.3680043.8.498.95060380238431209646600378585422128745,0.11978294,0.10686523,0.735746,0.2747112,0.85403454,0.58903056,0.7775908,0.69107443,0.3909401,0.4840357,0.11226441,0.06213079
1.2.826.0.1.3680043.8.498.95080449640993916851075185393444497308,0.31450558,0.124662966,0.4032025,0.16305223,0.054543834,0.036869526,0.06796442,0.36667567,0.038852327,0.08302417,0.25036174,0.05301376
1.2.826.0.1.3680043.8.498.95091624999382167943525022414631622532,0.06561931,0.055126578,0.06672968,0.03660811,0.031196922,0.028446062,0.09640306,0.11048861,0.029989671,0.07490636,0.07869145,0.03850633
1.2.826.0.1.3680043.8.498.95113114010658169441709314948308683982,0.05768739,0.047604688,0.06686473,0.035264425,0.03495335,0.030237377,0.11503705,0.11869576,0.02859879,0.084150575,0.07455033,0.032671977
1.2.826.0.1.3680043.8.498.95142886737239438773421088967802136318,0.043353733,0.034982327,0.30338937,0.061759673,0.38529733,0.18013231,0.5471456,0.34547406,0.071009636,0.23796324,0.059191942,0.024864828
1.2.826.0.1.3680043.8.498.95193282490279394602564266574551123732,0.067506954,0.05770691,0.06788751,0.03723806,0.030160597,0.028098406,0.09999802,0.11149957,0.029878369,0.073648974,0.08259827,0.040848173
1.2.826.0.1.3680043.8.498.95196756237527666678816095708949563380,0.05230331,0.045020748,0.07121807,0.03482937,0.040233847,0.033242468,0.15551756,0.11590963,0.028652787,0.08909239,0.07098941,0.031691805
1.2.826.0.1.3680043.8.498.95223549428749744711279985897241419512,0.34994084,0.15307407,0.3186179,0.18169597,0.04907665,0.03775822,0.060618464,0.36505914,0.045459706,0.09745829,0.32229182,0.07885601
1.2.826.0.1.3680043.8.498.95256518245659249144569318023469597946,0.5895078,0.32738307,0.6941531,0.4945703,0.23709191,0.14653943,0.1694006,0.6748931,0.19778223,0.22381319,0.5610446,0.20357874
1.2.826.0.1.3680043.8.498.95262231945171099723559613554350591139,0.3102781,0.12031348,0.5375288,0.20629045,0.08444213,0.046390448,0.089962326,0.47579703,0.044690214,0.10999174,0.29436356,0.05204862
1.2.826.0.1.3680043.8.498.95321750682026667237717880394536750835,0.07760511,0.059546378,0.07397865,0.043757256,0.027368937,0.025570184,0.08822297,0.12420169,0.028300816,0.07396085,0.09420202,0.039459642
1.2.826.0.1.3680043.8.498.95324318295506605557933083155792587297,0.31976795,0.12950541,0.44815513,0.1890027,0.061765976,0.04039991,0.07793667,0.40770113,0.04028209,0.10568269,0.31582206,0.065434
1.2.826.0.1.3680043.8.498.95334149193711661424105715330320414755,0.111185275,0.06687233,0.11066992,0.054711867,0.027018381,0.024614844,0.066181324,0.16292426,0.026599467,0.06864571,0.1174513,0.03744838
1.2.826.0.1.3680043.8.498.95351925765761617117057799846763403963,0.08372215,0.06651136,0.5841251,0.1326999,0.61416376,0.3077187,0.644442,0.49744475,0.13719031,0.30222368,0.086587384,0.03806324
1.2.826.0.1.3680043.8.498.95376417067109020835342111882595126109,0.1574291,0.07167118,0.325522,0.09505296,0.04301338,0.028921228,0.072626494,0.30200848,0.026383394,0.092500605,0.20711766,0.035790402
1.2.826.0.1.3680043.8.498.95433650759419050864053270236035947981,0.082734734,0.0533474,0.11181135,0.049460553,0.031428877,0.02501671,0.090156764,0.16145416,0.02431952,0.076348044,0.105139524,0.031678736
1.2.826.0.1.3680043.8.498.95464807346156547985763374990661923815,0.08351635,0.055152453,0.11102828,0.048888996,0.03236218,0.025088828,0.083917014,0.18515521,0.026048718,0.08292585,0.11772652,0.03202938
1.2.826.0.1.3680043.8.498.95490888360439852685783476266753304657,0.051292866,0.043665595,0.36326617,0.068923384,0.3982779,0.19189718,0.5542247,0.33730835,0.07106814,0.22985853,0.06555842,0.029429803
1.2.826.0.1.3680043.8.498.95497572581157858069692837655072209020,0.23938364,0.114888065,0.20893261,0.10362913,0.030667627,0.02767134,0.05009288,0.23141918,0.034224775,0.07279913,0.21282282,0.059209026
1.2.826.0.1.3680043.8.498.95500234888498554736637315199668317948,0.30690873,0.12119074,0.6706499,0.25637284,0.14859949,0.06965814,0.13580117,0.5631567,0.05815886,0.1633282,0.3437558,0.05557689
1.2.826.0.1.3680043.8.498.95555755747044090477918262640906805885,0.28280678,0.13352516,0.7292872,0.32274354,0.37351856,0.16369109,0.31100142,0.67794263,0.1388584,0.24917361,0.29988626,0.06881819
1.2.826.0.1.3680043.8.498.95560861705581165570145459410262387310,0.17001352,0.07669341,0.33162838,0.09245996,0.052362803,0.037295274,0.0920991,0.23932715,0.02937669,0.08211438,0.16075161,0.03730029
1.2.826.0.1.3680043.8.498.95570207430778332247200880037915693375,0.17012653,0.09275379,0.158202,0.08268432,0.02876539,0.025059404,0.058974575,0.20979224,0.029741472,0.0747741,0.18188952,0.052008674
1.2.826.0.1.3680043.8.498.95586477246200285088746818821808017494,0.2516968,0.10401354,0.38425252,0.13371791,0.04500553,0.030510299,0.06287101,0.3090684,0.02979838,0.081590295,0.2406628,0.049114633
1.2.826.0.1.3680043.8.498.95588576819758266413765165887081039863,0.40214685,0.15802555,0.69595844,0.30708566,0.13689566,0.06936529,0.11370279,0.5717515,0.065645434,0.14996292,0.4107502,0.073618464
1.2.826.0.1.3680043.8.498.95601371640669355936785637162110963091,0.064589255,0.0542544,0.06621182,0.0360906,0.031604666,0.028678535,0.09802983,0.11108698,0.029998332,0.075231254,0.07829527,0.038326975
1.2.826.0.1.3680043.8.498.95621693348567815920675804584086926261,0.25146854,0.19872625,0.84612495,0.48445195,0.8703865,0.6388795,0.73305297,0.8169802,0.6119624,0.495118,0.21935332,0.10412386
1.2.826.0.1.3680043.8.498.95638601079527306640829424921455011698,0.1630842,0.067993134,0.49614897,0.124692395,0.078279726,0.04003454,0.11211402,0.40630788,0.030549595,0.11776496,0.21467154,0.031261988
1.2.826.0.1.3680043.8.498.95653228095828585867177997067051877351,0.037428465,0.031851497,0.18608339,0.045152027,0.23621061,0.11799382,0.4497967,0.23925632,0.04819197,0.19091302,0.057992585,0.02608056
1.2.826.0.1.3680043.8.498.95694598580744163428934772566469311180,0.064888924,0.054781817,0.065306604,0.036328126,0.03268171,0.030306555,0.10627176,0.10764204,0.030313637,0.07956307,0.0759635,0.037747547
1.2.826.0.1.3680043.8.498.95705755527332814775935856896567782522,0.18823268,0.0787471,0.24753776,0.08792344,0.034776058,0.027677873,0.06364113,0.22713509,0.024657832,0.0738844,0.18754764,0.040823333
1.2.826.0.1.3680043.8.498.95720534093121754146413060811354489247,0.1868295,0.080328815,0.7173072,0.19842826,0.24112268,0.08659654,0.24927233,0.56376785,0.052891046,0.1577027,0.19775827,0.032222815
1.2.826.0.1.3680043.8.498.95727100148189624148200652225439854460,0.053133804,0.04361473,0.07159547,0.03407531,0.038416672,0.031569302,0.12887129,0.12465086,0.02768132,0.087390654,0.07157991,0.029681789
1.2.826.0.1.3680043.8.498.95728724960383464194568391302477328450,0.12935945,0.07137094,0.13539489,0.06378647,0.028549066,0.024641706,0.06553012,0.17432173,0.026822578,0.071232684,0.13681416,0.039743874
1.2.826.0.1.3680043.8.498.95777611643095956714301310992151723603,0.06095326,0.050259475,0.06662268,0.036097836,0.032966178,0.02926198,0.10702281,0.116404764,0.028877927,0.081489034,0.07636197,0.0342151
1.2.826.0.1.3680043.8.498.95796009319232592137564145023096016872,0.42585027,0.17644724,0.7592863,0.35550815,0.1734561,0.08328107,0.13501708,0.617879,0.07919502,0.16393891,0.4267778,0.07801396
1.2.826.0.1.3680043.8.498.95850844945129153291759207212815927078,0.04022143,0.03085558,0.2572695,0.0533272,0.26743105,0.12891285,0.45188624,0.2983872,0.05152898,0.21224838,0.06589044,0.024283128
1.2.826.0.1.3680043.8.498.95864678405973312042815189771902289608,0.044583052,0.039991647,0.18661578,0.04617678,0.17893787,0.10217609,0.43670565,0.19367863,0.046966687,0.16430148,0.06461637,0.03090984
1.2.826.0.1.3680043.8.498.95882731821729917461275694847968503951,0.052659344,0.04347816,0.10982858,0.038377285,0.06672153,0.048717085,0.21885481,0.15500766,0.03168405,0.1082168,0.06941398,0.028251229
1.2.826.0.1.3680043.8.498.95912798959818676102590029534562878721,0.11143483,0.05528742,0.23968849,0.065163456,0.039413407,0.028099474,0.089788936,0.19636898,0.022416284,0.0746232,0.12811296,0.03134192
1.2.826.0.1.3680043.8.498.95918254432056542701730614049432316728,0.08041945,0.057159103,0.09360869,0.04403628,0.028382143,0.024492808,0.07819987,0.14567122,0.026467282,0.075008444,0.104437895,0.035200365
1.2.826.0.1.3680043.8.498.95984406324600336713471618620285270466,0.0626094,0.05283655,0.06430769,0.03646658,0.03233282,0.030087065,0.11071563,0.11195331,0.029441858,0.078808874,0.07499283,0.03519205
1.2.826.0.1.3680043.8.498.96051765028927322365509303222455708654,0.049708635,0.03941154,0.097744055,0.03436964,0.048770525,0.03578678,0.15930134,0.14547095,0.026870448,0.09146086,0.06871675,0.02533917
1.2.826.0.1.3680043.8.498.96054287426681123062488435620352206601,0.21028155,0.08251328,0.41714275,0.11553948,0.05921985,0.040208332,0.09184124,0.2791085,0.030564826,0.08449438,0.1884458,0.038331535
1.2.826.0.1.3680043.8.498.96094001324999448553107805455529187871,0.04956085,0.041692436,0.086578675,0.033555046,0.04803449,0.035953782,0.16364397,0.13621072,0.02830863,0.091613114,0.06937014,0.027365757
1.2.826.0.1.3680043.8.498.96117880374445894729658092255088269716,0.069682784,0.047717717,0.505532,0.09479509,0.38623217,0.15892757,0.5070207,0.41153482,0.059173744,0.20872171,0.08558532,0.02678693
1.2.826.0.1.3680043.8.498.96146854841734718524530740965296119916,0.05897288,0.04653273,0.08114387,0.03647488,0.035822045,0.02998235,0.120388985,0.12757203,0.027098754,0.07819168,0.0730087,0.02997791
1.2.826.0.1.3680043.8.498.96152894373838410779390571000523933753,0.068412594,0.057934392,0.07240572,0.037671622,0.031433616,0.029898444,0.10712051,0.1079765,0.03082967,0.07716611,0.08274217,0.04232359
1.2.826.0.1.3680043.8.498.96158169859491339496094295508194547199,0.18169452,0.162608,0.8121965,0.3962867,0.90354115,0.7213665,0.8226244,0.73293704,0.5742372,0.533113,0.14657219,0.096813835
1.2.826.0.1.3680043.8.498.96174494699876332875347380499122120925,0.048328165,0.03282644,0.14581107,0.042730663,0.08697465,0.049081594,0.20777953,0.24896333,0.030833121,0.11806759,0.07133935,0.02049883
1.2.826.0.1.3680043.8.498.96293531288862652713666056362328893428,0.19281839,0.08093659,0.40295967,0.1410395,0.07663475,0.04176735,0.086499296,0.4492198,0.039836362,0.13458501,0.25354835,0.042393357
1.2.826.0.1.3680043.8.498.96316229168827165128604998083731481211,0.042815793,0.03254637,0.20626083,0.04660354,0.23020259,0.116355464,0.43501598,0.22547062,0.0385188,0.18568283,0.06439794,0.024229702
1.2.826.0.1.3680043.8.498.96323485839061204012967074568679195142,0.06647498,0.054918922,0.06773538,0.03700812,0.030559178,0.028088616,0.09378526,0.11419354,0.029386899,0.07482874,0.080432124,0.03819182
1.2.826.0.1.3680043.8.498.96425049974772570897047688166336162674,0.045619313,0.037388455,0.12202367,0.036891807,0.08774026,0.0565739,0.25953695,0.17824686,0.032515667,0.11824515,0.061993577,0.024482137
1.2.826.0.1.3680043.8.498.96448229695053562621553132798380456420,0.2425872,0.15990297,0.8537449,0.38042474,0.74691796,0.38680375,0.61625105,0.7320354,0.26969916,0.35116088,0.21043725,0.06695569
1.2.826.0.1.3680043.8.498.96483513352751590579274577125356217169,0.066392265,0.04921459,0.5404545,0.120373905,0.6401175,0.31796706,0.6736181,0.514174,0.12934211,0.34493932,0.08129424,0.03310547
1.2.826.0.1.3680043.8.498.96510621665552630060821422211995212854,0.07717988,0.063486345,0.5590938,0.13224967,0.6268371,0.32493937,0.6449868,0.51016146,0.14552073,0.3174423,0.08379678,0.036773495
1.2.826.0.1.3680043.8.498.96559819562317669526803257835398470484,0.07053801,0.052082546,0.08592642,0.042119183,0.031065015,0.026935816,0.07912402,0.1494144,0.028042613,0.09137958,0.10171134,0.03439446
1.2.826.0.1.3680043.8.498.96561978771090020509310535265236331946,0.052784376,0.043236837,0.07868574,0.035171885,0.04163901,0.033727452,0.13734767,0.12087981,0.027524551,0.08905869,0.07328042,0.029818451
1.2.826.0.1.3680043.8.498.96562865861483086790615358719391771217,0.0787515,0.049742997,0.11428933,0.045823194,0.032356735,0.026382798,0.08827805,0.15041661,0.022897959,0.07719549,0.10151594,0.029483829
1.2.826.0.1.3680043.8.498.96564709711765982786409987515735443801,0.053231835,0.048355266,0.06261185,0.034476034,0.04109526,0.03485607,0.1614856,0.10606556,0.031129753,0.092277765,0.07126281,0.03518614
1.2.826.0.1.3680043.8.498.96587029379314618196381307882235433083,0.4485233,0.18805844,0.56010664,0.26426128,0.07179925,0.04674856,0.06832032,0.4578827,0.053438403,0.10394632,0.3903793,0.08721636
1.2.826.0.1.3680043.8.498.96614828054790815108190478795539254570,0.1785643,0.091594,0.20148982,0.08400144,0.029058121,0.025159318,0.05432278,0.1970643,0.028546354,0.07018413,0.17990984,0.048165943
1.2.826.0.1.3680043.8.498.96621557839848412555023112236627663339,0.1532094,0.09942578,0.78529656,0.29839465,0.7140336,0.3691742,0.613081,0.73777044,0.25641704,0.35284454,0.16065072,0.04679976
1.2.826.0.1.3680043.8.498.96657465815875587552665111166265086308,0.048713956,0.040368028,0.30893108,0.074823566,0.48097333,0.23198001,0.5891391,0.38054565,0.09424639,0.2818121,0.069345996,0.031265464
1.2.826.0.1.3680043.8.498.96791010280967772394523567484937888186,0.077977985,0.058586925,0.0908306,0.042989485,0.02872239,0.025013419,0.07878609,0.12176483,0.02660848,0.06962744,0.09333997,0.03734807
1.2.826.0.1.3680043.8.498.96818533353374094273022322108861564926,0.47944623,0.22772804,0.81796384,0.48186332,0.42193288,0.19974251,0.3015575,0.7099927,0.176855,0.2585026,0.447073,0.112771295
1.2.826.0.1.3680043.8.498.96846796615932368166905347054245013501,0.20758747,0.081738435,0.44901714,0.13618517,0.07217782,0.038210146,0.100066036,0.3999585,0.031356957,0.09728621,0.20069967,0.03291978
1.2.826.0.1.3680043.8.498.96859317329616917022799512740280754327,0.045242254,0.036969006,0.101850696,0.03417982,0.06615178,0.045955826,0.21109335,0.15601645,0.030002752,0.11019088,0.062695615,0.024935378
1.2.826.0.1.3680043.8.498.96943946564115188893954628924857155670,0.04534066,0.03141916,0.279025,0.05111546,0.19651455,0.08537819,0.3584232,0.27641338,0.03457942,0.14033666,0.06453526,0.02074662
1.2.826.0.1.3680043.8.498.96944926470854551064948200936284887742,0.060567323,0.047015894,0.5167178,0.11310432,0.5514839,0.26562977,0.63544667,0.48774663,0.11701776,0.28926992,0.07274952,0.028316254
1.2.826.0.1.3680043.8.498.96947237995559790704304892745226362883,0.042235255,0.03419374,0.21498075,0.046825577,0.2523664,0.12794058,0.46989095,0.22207534,0.041505292,0.19033717,0.061910007,0.025588505
1.2.826.0.1.3680043.8.498.96950011369238410949579095568317214261,0.18207742,0.08531173,0.7312855,0.2423048,0.3746078,0.14445484,0.3387938,0.6615108,0.09888825,0.21691969,0.18678309,0.0342784
1.2.826.0.1.3680043.8.498.97003157807630958179276831877591411623,0.16057275,0.071150824,0.28675896,0.09487779,0.055070564,0.03705337,0.09183792,0.28333518,0.028147832,0.10377284,0.18975365,0.039695587
1.2.826.0.1.3680043.8.498.97004483591331502283638578516018997228,0.17124717,0.12587133,0.8114844,0.35268068,0.82370543,0.5175285,0.70166564,0.77915883,0.4236586,0.42973265,0.15676954,0.060993545
1.2.826.0.1.3680043.8.498.97020520267554584684160936968569132254,0.053176478,0.03849182,0.34321654,0.08014749,0.41853398,0.1924262,0.5247658,0.43427736,0.0845595,0.26160768,0.07687361,0.02722735
1.2.826.0.1.3680043.8.498.97042446513400958172996637321308032556,0.1032127,0.06315711,0.72435635,0.18222293,0.63401735,0.27400416,0.6112395,0.60696745,0.11314181,0.28322536,0.11336604,0.030632773
1.2.826.0.1.3680043.8.498.97055845147740306780908051236353219644,0.066632725,0.048178058,0.0872121,0.04072299,0.032108337,0.027209774,0.08205536,0.15283272,0.026929038,0.091310546,0.09728222,0.03225978
1.2.826.0.1.3680043.8.498.97087958215554026148585108910609248523,0.04256332,0.036493372,0.27928588,0.06077603,0.4114404,0.19350642,0.56907934,0.33408612,0.07515333,0.25413448,0.05882134,0.027472742
1.2.826.0.1.3680043.8.498.97107472223824971578324157203273471706,0.06550402,0.050978694,0.07806226,0.04010245,0.029980209,0.026407648,0.10528422,0.12641719,0.026527565,0.078401215,0.08599386,0.03352909
1.2.826.0.1.3680043.8.498.97135552871905937467775630206570358085,0.10331211,0.05724883,0.2491018,0.08164388,0.0724951,0.04189648,0.13069065,0.33718368,0.034264803,0.1272576,0.15672728,0.032357953
1.2.826.0.1.3680043.8.498.97156518925820521351080132062400795929,0.13817537,0.09617425,0.7565205,0.27298003,0.7618825,0.42547452,0.69112456,0.71565276,0.28272614,0.40379342,0.14589365,0.050680857
1.2.826.0.1.3680043.8.498.97220604868276521004168045790587997687,0.13841037,0.069829665,0.72511667,0.21229248,0.43837047,0.17631987,0.42400688,0.6400078,0.093881376,0.26931176,0.18071769,0.034516875
1.2.826.0.1.3680043.8.498.97234348688223610934999923021953923903,0.23006198,0.09797278,0.38999325,0.12704675,0.04534427,0.030460268,0.0658538,0.30355346,0.028953644,0.08127838,0.22733128,0.046320096
1.2.826.0.1.3680043.8.498.97248397528214121944398119979516268902,0.092682905,0.086677864,0.59115845,0.16392565,0.7813416,0.52921957,0.7755041,0.47823036,0.2632804,0.40479708,0.085781224,0.06120867
1.2.826.0.1.3680043.8.498.97259766233250760343109933426776941754,0.39644712,0.18936898,0.7257862,0.40758967,0.32821068,0.15280488,0.261175,0.6825073,0.15233624,0.23332654,0.3776921,0.0972531
1.2.826.0.1.3680043.8.498.97259977321685658337087695233264517545,0.5607672,0.3306538,0.8687512,0.6361544,0.6166959,0.3174324,0.377257,0.8169416,0.37805226,0.30234724,0.48915306,0.16191314
1.2.826.0.1.3680043.8.498.97269744864161337523188705262974234442,0.058416627,0.048337877,0.47268412,0.10415864,0.61537784,0.30973494,0.65903974,0.46488947,0.12215972,0.3102737,0.068825774,0.031713236
1.2.826.0.1.3680043.8.498.97274720257634584071500649275217521662,0.5969392,0.361603,0.76167876,0.5710121,0.38510704,0.22401923,0.25428876,0.74218804,0.2935144,0.28131366,0.5700636,0.23448807
1.2.826.0.1.3680043.8.498.97274847570547462056218828853253311223,0.12656415,0.058004186,0.45901266,0.10498672,0.099777296,0.048594035,0.15181576,0.36558533,0.031446908,0.102920525,0.12986141,0.024175342
1.2.826.0.1.3680043.8.498.97296323335289879687414244774227160450,0.06530544,0.054032885,0.06741742,0.036415473,0.03099392,0.0284606,0.09594759,0.11367003,0.029355396,0.0753402,0.07932536,0.037606824
1.2.826.0.1.3680043.8.498.97303893645051596044169857585815133097,0.3141114,0.1341354,0.3979334,0.16256352,0.044149797,0.034377165,0.05547127,0.33419174,0.03828901,0.09378583,0.31791893,0.06754015
1.2.826.0.1.3680043.8.498.97348112008590316355392924312704081684,0.123564325,0.064597756,0.15436159,0.069813006,0.03489536,0.02739223,0.0621997,0.24215636,0.028756779,0.09501531,0.15913375,0.03719322
1.2.826.0.1.3680043.8.498.97353980946516912216109392482235435606,0.15100521,0.06539288,0.5695523,0.14012423,0.14491561,0.06048803,0.19057576,0.4803685,0.03890579,0.12873909,0.16054572,0.02553761
1.2.826.0.1.3680043.8.498.97400307568415006244714024769069514497,0.050275963,0.040802352,0.0809187,0.03302573,0.043507893,0.033509754,0.14703304,0.13340709,0.02724083,0.08969846,0.0698168,0.02739173
1.2.826.0.1.3680043.8.498.97464332941382646555656038793589898504,0.11927652,0.05582558,0.29123086,0.08793277,0.060442343,0.03362966,0.0849887,0.36348763,0.029947167,0.120581806,0.18044123,0.029814728
1.2.826.0.1.3680043.8.498.97485476951995325021464683747847126869,0.049814012,0.03348717,0.15766533,0.039591484,0.06782002,0.038381677,0.18170723,0.18573591,0.022924805,0.094397776,0.07112261,0.02108124
1.2.826.0.1.3680043.8.498.97488501634729541923597957717971376373,0.17690112,0.12270652,0.8294796,0.32937428,0.8097455,0.46256617,0.6995878,0.7267198,0.27874914,0.3980288,0.16014443,0.056563452
1.2.826.0.1.3680043.8.498.97496319463700021339637597270948309369,0.3861162,0.16613115,0.3659365,0.19438957,0.048914693,0.038666558,0.05702189,0.36615217,0.04786678,0.08517485,0.3076657,0.072858036
1.2.826.0.1.3680043.8.498.97500632594529766269369977508352975364,0.24396268,0.10642781,0.35979325,0.12896901,0.041375443,0.03144471,0.059561215,0.30794322,0.032820772,0.08866699,0.26207763,0.051807694
1.2.826.0.1.3680043.8.498.97520184067825971918316082134210579391,0.20437728,0.09248881,0.24110466,0.0983008,0.035223134,0.029030574,0.06210676,0.24947014,0.0301473,0.07462778,0.18522905,0.04411824
1.2.826.0.1.3680043.8.498.97536230315600409983600607358927775480,0.21228598,0.10186648,0.7516127,0.28479066,0.40960503,0.1739202,0.36075547,0.67255414,0.11267208,0.27876762,0.26133323,0.051669057
1.2.826.0.1.3680043.8.498.97564564380731258764291146761742841527,0.23577988,0.100469284,0.34650055,0.1241991,0.03987814,0.030078132,0.05750425,0.29923436,0.031380184,0.089928165,0.26307818,0.0512712
1.2.826.0.1.3680043.8.498.97579738268290461886850261405719501384,0.08041414,0.048707943,0.5841627,0.1357104,0.43855193,0.17567463,0.49044067,0.56810784,0.08491764,0.2603466,0.096335344,0.023872828
1.2.826.0.1.3680043.8.498.97600121574703193898619052529830275028,0.051606297,0.044200752,0.07211055,0.03370906,0.04423298,0.036246326,0.16074887,0.12211386,0.029319227,0.09112925,0.06707229,0.029432138
1.2.826.0.1.3680043.8.498.97658595748192892503053963872409769829,0.056447256,0.050772134,0.10616968,0.0396092,0.06965298,0.054346938,0.24763307,0.13169846,0.03867027,0.11759188,0.07709022,0.038488623
1.2.826.0.1.3680043.8.498.97689748704772735695349883980413529091,0.049957335,0.03233504,0.15482529,0.046743374,0.08049612,0.04515325,0.14649303,0.2894217,0.03068807,0.14234193,0.088671885,0.021095563
1.2.826.0.1.3680043.8.498.97694479664965569386338738579573728752,0.1570752,0.06987636,0.60844815,0.14289722,0.1511429,0.06418366,0.18791977,0.46067595,0.041059427,0.124997854,0.1667713,0.02858344
1.2.826.0.1.3680043.8.498.97696436660690920809826140686268769509,0.054247327,0.04743052,0.06604763,0.034225114,0.03592821,0.031174634,0.124830835,0.11065405,0.02915917,0.087931186,0.07412142,0.033682525
1.2.826.0.1.3680043.8.498.97705920250069816684861966612302390614,0.16355555,0.07925168,0.25658518,0.085259356,0.03404782,0.025973916,0.06251729,0.22277543,0.0254409,0.07287215,0.1751618,0.039974146
1.2.826.0.1.3680043.8.498.97731968872354496470096174559789586056,0.2704963,0.10951554,0.48692492,0.18600325,0.09311676,0.04803817,0.09959014,0.48843953,0.047192518,0.114869334,0.26021308,0.04625009
1.2.826.0.1.3680043.8.498.97759980486481979519068526243106370997,0.37447426,0.2138443,0.88843936,0.50354755,0.69955224,0.34321958,0.50167537,0.7809881,0.29677114,0.31651783,0.31438044,0.08491288
1.2.826.0.1.3680043.8.498.97797693721516872008302328638374252668,0.09555163,0.06532994,0.09706343,0.04842285,0.02652539,0.02456192,0.07147003,0.15389465,0.028811168,0.071675144,0.11526289,0.0397711
1.2.826.0.1.3680043.8.498.97830923192341890652952842494018952920,0.605124,0.32366323,0.54270697,0.38933232,0.09000932,0.071456224,0.06872638,0.5155446,0.11100394,0.12045,0.5018395,0.16480567
1.2.826.0.1.3680043.8.498.97849030682292314880463675622456900933,0.21791787,0.17751588,0.8386239,0.4568662,0.8834207,0.6568237,0.77048284,0.7940542,0.5887443,0.49889114,0.18150015,0.09338427
1.2.826.0.1.3680043.8.498.97909881548577311929907613359449243075,0.07249829,0.047574963,0.52726465,0.1264804,0.49892715,0.22051603,0.5410491,0.55998844,0.10604117,0.29441857,0.09976526,0.028634796
1.2.826.0.1.3680043.8.498.97944261713902372188894456162512065499,0.12210265,0.10048599,0.7652821,0.26900738,0.8508092,0.58408225,0.78152007,0.6592076,0.36066514,0.43574074,0.10725895,0.059149243
1.2.826.0.1.3680043.8.498.97964867333695657200856428936254426086,0.068412594,0.057934392,0.07240572,0.037671622,0.031433616,0.029898444,0.10712051,0.1079765,0.03082967,0.07716611,0.08274217,0.04232359
1.2.826.0.1.3680043.8.498.98022738778461179495257509215244053198,0.1906967,0.09580165,0.7426795,0.24909078,0.39113542,0.14317206,0.34005377,0.67617434,0.10436379,0.21148315,0.19456224,0.03629611
1.2.826.0.1.3680043.8.498.98027050915885651900992366068887550187,0.064838685,0.05517047,0.064655244,0.036649756,0.03129125,0.028563362,0.09750366,0.111080416,0.030414108,0.07558235,0.07844204,0.03846617
1.2.826.0.1.3680043.8.498.98028018520101798863795620289151810642,0.062841326,0.05530389,0.059919205,0.037687045,0.031405695,0.02921279,0.11105791,0.10784779,0.030634,0.07998025,0.078409776,0.03926038
1.2.826.0.1.3680043.8.498.98039072306618106705944452906395982381,0.039574496,0.031848934,0.21794014,0.046763204,0.24248143,0.11497704,0.44838074,0.26643336,0.048812583,0.17538804,0.05518935,0.022953259
1.2.826.0.1.3680043.8.498.98064941971367073978404461105852658265,0.047411505,0.03553241,0.2052238,0.04451782,0.101943225,0.057032753,0.27935448,0.20025739,0.030469276,0.117247105,0.06913892,0.022966845
1.2.826.0.1.3680043.8.498.98081486779628580946589119341754353354,0.33617267,0.14574982,0.31006458,0.15994868,0.040579993,0.03375318,0.054318313,0.3116109,0.04082839,0.081137344,0.27463406,0.06842993
1.2.826.0.1.3680043.8.498.98102475310924339032647376491442498974,0.5734197,0.27359712,0.5649066,0.33743432,0.07942539,0.06358922,0.06616915,0.46914262,0.07931241,0.119389035,0.49361542,0.13778938
1.2.826.0.1.3680043.8.498.98107112397588450345153336193341117589,0.13389747,0.09582965,0.7724776,0.2619993,0.83697325,0.5507358,0.775053,0.65194,0.269861,0.43807074,0.13109423,0.051956598
1.2.826.0.1.3680043.8.498.98112373403331748422888362310572528002,0.05970125,0.046160966,0.078676715,0.03674624,0.03453585,0.0291593,0.11200892,0.13451283,0.026618764,0.07899012,0.07615118,0.029221015
1.2.826.0.1.3680043.8.498.98143909986671737130865120569673002676,0.0774022,0.059817124,0.07223746,0.041396137,0.027719628,0.02663122,0.08411859,0.12582526,0.029514924,0.07247001,0.08664367,0.037313156
1.2.826.0.1.3680043.8.498.98146155044178593810385943365143374814,0.39032236,0.2534769,0.87977636,0.5772125,0.8099434,0.5319183,0.62724406,0.8199003,0.52535015,0.39062464,0.31626585,0.11466651
1.2.826.0.1.3680043.8.498.98151095279541278201351784048265686573,0.37391564,0.17989159,0.85550594,0.42304885,0.44559777,0.17340016,0.31757402,0.72075826,0.14904235,0.22040378,0.33484215,0.06977634
1.2.826.0.1.3680043.8.498.98181040478767526925214101502401448074,0.18229073,0.07678524,0.43639,0.115453176,0.059318997,0.03449072,0.09410826,0.31529772,0.026847046,0.09040504,0.19467583,0.035363033
1.2.826.0.1.3680043.8.498.98239758242192048511912905088391835938,0.111828245,0.05297241,0.27185225,0.07395419,0.051765442,0.030820724,0.10650627,0.273145,0.023908125,0.08305227,0.12805144,0.02517945
1.2.826.0.1.3680043.8.498.98255454187594895604610283922744869720,0.042848714,0.032199193,0.2739222,0.051826995,0.24410376,0.10987543,0.4337294,0.30699322,0.044165734,0.17070632,0.059737157,0.0208742
1.2.826.0.1.3680043.8.498.98315778542448798493600485116505234132,0.22794054,0.14685017,0.80636555,0.40645695,0.7755812,0.45448777,0.62790513,0.7945345,0.4111722,0.4083006,0.21451999,0.07492185
1.2.826.0.1.3680043.8.498.98333658788330318335997032513277632526,0.45042562,0.18041703,0.63321674,0.3054226,0.107876204,0.059928376,0.08763938,0.53548855,0.065736145,0.10795011,0.36335757,0.07203259
1.2.826.0.1.3680043.8.498.98343185597651455245996667389303915779,0.038123246,0.0310281,0.12729321,0.036378577,0.12036394,0.067062,0.31167766,0.19571601,0.034626193,0.13979906,0.05643081,0.022402605
1.2.826.0.1.3680043.8.498.98351891935507349137982199658103205287,0.32559863,0.12969767,0.482402,0.18901572,0.05870893,0.039231505,0.06536462,0.40973026,0.04034077,0.10910302,0.34749168,0.06433359
1.2.826.0.1.3680043.8.498.98400072082366198211931728015692551635,0.06317338,0.052690133,0.06669364,0.03852305,0.030589385,0.027871601,0.10746508,0.114548735,0.028886903,0.078733906,0.08044705,0.036468618
1.2.826.0.1.3680043.8.498.98454206323401382140655387224146512225,0.09777656,0.07419453,0.6936487,0.18612838,0.7584338,0.41151378,0.71960264,0.581067,0.17355841,0.35943186,0.098624334,0.042183254
1.2.826.0.1.3680043.8.498.98541661035340329000785741171799559104,0.6631361,0.35109872,0.62860924,0.46825674,0.118643686,0.08756666,0.08069698,0.5885053,0.13228527,0.1373903,0.5370536,0.16594419
1.2.826.0.1.3680043.8.498.98581537941208552065033680853629122764,0.18440303,0.11785797,0.8292992,0.330886,0.8246071,0.51315403,0.7322131,0.71875066,0.29165506,0.42042196,0.17221674,0.05396616
1.2.826.0.1.3680043.8.498.98599322992880180540967962062521615070,0.111313425,0.06393653,0.17942859,0.0630097,0.029876664,0.024650749,0.06712854,0.1912164,0.024982389,0.078834586,0.14965174,0.035473
1.2.826.0.1.3680043.8.498.98676079331571304021387833410440136393,0.5073744,0.25920057,0.45997792,0.2774218,0.06378588,0.05318338,0.06277503,0.44827923,0.078970656,0.11315457,0.4406298,0.12993951
1.2.826.0.1.3680043.8.498.98752901295449528283322564256444025625,0.20078854,0.17310207,0.8044603,0.37573585,0.83997345,0.57492846,0.73810816,0.722294,0.4468502,0.4572998,0.16643229,0.08687429
1.2.826.0.1.3680043.8.498.98781117432577714521231232440503778261,0.5262558,0.2584494,0.43247938,0.28896064,0.06470668,0.055989128,0.06102716,0.4255651,0.08004013,0.10739907,0.4159204,0.12685955
1.2.826.0.1.3680043.8.498.98795677271204502833293873138219040186,0.09005397,0.082246564,0.646501,0.17727096,0.79145193,0.5482955,0.7795689,0.51188314,0.27425477,0.41333547,0.08664744,0.056507822
1.2.826.0.1.3680043.8.498.98824066826946884510314135448574304233,0.48201317,0.19828217,0.58603036,0.3036192,0.09198672,0.05644427,0.0775623,0.52746004,0.066097945,0.11122588,0.39670807,0.08250394
1.2.826.0.1.3680043.8.498.98828753472895685940998888332947119084,0.049655505,0.034292083,0.17936361,0.04374444,0.103084356,0.057780396,0.2545262,0.23383594,0.031832628,0.12035018,0.0636653,0.020301811
1.2.826.0.1.3680043.8.498.98871650330162988912501872031191530068,0.08162458,0.057957947,0.5505987,0.1284833,0.4370569,0.19837606,0.5444528,0.4897884,0.09480601,0.25673074,0.093716994,0.030440956
1.2.826.0.1.3680043.8.498.98883718766501717651651876978607853803,0.038068518,0.03376569,0.13477735,0.040211506,0.15254001,0.08557506,0.39871228,0.1811923,0.04187438,0.15796825,0.058882862,0.02769332
1.2.826.0.1.3680043.8.498.98890851347757949328159691828768030366,0.073256046,0.041512482,0.4381249,0.09116211,0.18786062,0.08044425,0.29809883,0.4122915,0.04049392,0.17592065,0.10853533,0.022751505
1.2.826.0.1.3680043.8.498.98914528123216365374152816424181510781,0.14609525,0.07835907,0.20373844,0.075329125,0.029408706,0.026385017,0.06005075,0.19930588,0.027615905,0.077382825,0.1767198,0.043780208
1.2.826.0.1.3680043.8.498.98958651320983196982606333548522846934,0.06526314,0.057971932,0.06021577,0.036889818,0.031731755,0.03034078,0.1049141,0.10435914,0.03164779,0.07920953,0.08091718,0.042434324
1.2.826.0.1.3680043.8.498.99052905406751383674032587504235261874,0.30834228,0.16130029,0.85325176,0.43739235,0.65548486,0.31911936,0.49136,0.76028085,0.2732225,0.2796893,0.2561494,0.06666183
1.2.826.0.1.3680043.8.498.99077241529686301278201179461896593659,0.07674594,0.051111814,0.6267576,0.13751887,0.5571714,0.2449848,0.59149474,0.5665951,0.11562976,0.27254105,0.09024071,0.028542995
1.2.826.0.1.3680043.8.498.99088247184917460283293617180083591028,0.10392103,0.069239974,0.10481716,0.05197029,0.02627588,0.024586115,0.06982236,0.15686475,0.029533714,0.071832284,0.12318443,0.041830197
1.2.826.0.1.3680043.8.498.99108147913292332418681050058312852494,0.105790325,0.04992928,0.33518523,0.085710384,0.06986009,0.035245664,0.13487346,0.31188175,0.025844865,0.09509447,0.12269744,0.024093619
1.2.826.0.1.3680043.8.498.99155175553749543768821558247962844052,0.06843626,0.042604927,0.36737156,0.08990482,0.22071053,0.099820755,0.31711864,0.45626932,0.058750212,0.20345801,0.11006398,0.026131466
1.2.826.0.1.3680043.8.498.99178010550062268668346041362629896201,0.04436915,0.038374525,0.15772638,0.04192293,0.14991447,0.084897324,0.36963817,0.21178266,0.04097961,0.154198,0.061210033,0.026726473
1.2.826.0.1.3680043.8.498.99237666579371266866432031468578336182,0.20413402,0.10157608,0.5268111,0.20593819,0.21043482,0.10162468,0.22881329,0.5611983,0.08450711,0.21371754,0.26179174,0.056457963
1.2.826.0.1.3680043.8.498.99243902497374852166139435719549686908,0.068412594,0.057934403,0.07240573,0.03767161,0.031433616,0.02989844,0.10712049,0.10797655,0.03082967,0.077166125,0.08274217,0.042323582
1.2.826.0.1.3680043.8.498.99257151613846084492342083136797222759,0.19780934,0.087023854,0.7428747,0.2205329,0.29768112,0.10864419,0.2886245,0.6058499,0.06692126,0.1740134,0.20270881,0.034133274
1.2.826.0.1.3680043.8.498.99303079292320085374389086609761974820,0.27553117,0.1198831,0.5677032,0.23869105,0.15159222,0.07427603,0.12454713,0.58949304,0.07464678,0.18361787,0.33129263,0.062446475
1.2.826.0.1.3680043.8.498.99309981642816644502709148844743995902,0.10672733,0.05966539,0.6949777,0.15831383,0.45538467,0.17320354,0.47917685,0.5528531,0.073148265,0.21362601,0.12093365,0.027229907
1.2.826.0.1.3680043.8.498.99413398303724030328059886749330413303,0.6016367,0.30320394,0.49334085,0.37207896,0.08741747,0.06888422,0.06538169,0.5360455,0.10780686,0.12524867,0.50061584,0.15624098
1.2.826.0.1.3680043.8.498.99414163787650487720542840540379270468,0.2091399,0.15607572,0.827033,0.40976974,0.85691845,0.5769079,0.7468226,0.78733325,0.47785214,0.4802574,0.19028415,0.0807324
1.2.826.0.1.3680043.8.498.99438805806853675793560604625783460513,0.09757459,0.07921618,0.5850037,0.1521971,0.5965151,0.3155704,0.625195,0.5249932,0.16010715,0.31821027,0.10031268,0.04400299
1.2.826.0.1.3680043.8.498.99441773159476751698123795913150660766,0.64856523,0.39305356,0.7511534,0.6007931,0.3496051,0.20827752,0.20439987,0.74069643,0.3001909,0.23828103,0.57984394,0.23600641
1.2.826.0.1.3680043.8.498.99444110025206148999881196086066868280,0.19181433,0.089117385,0.76253396,0.22675453,0.31418136,0.11292635,0.3101227,0.5860576,0.06758229,0.17871821,0.19760044,0.035623048
1.2.826.0.1.3680043.8.498.99448612525108835020450967944392129536,0.2629609,0.12260215,0.7569491,0.32419404,0.39559537,0.16431104,0.32144055,0.69121355,0.1303604,0.24329025,0.27723047,0.056994673
1.2.826.0.1.3680043.8.498.99454657594216441037514296544803013407,0.096520305,0.059132844,0.6133629,0.15638125,0.41865832,0.1709335,0.47053498,0.56330246,0.09263267,0.2323296,0.10760706,0.026959643
1.2.826.0.1.3680043.8.498.99458163491875066451936719024359566928,0.12946646,0.088163376,0.76982015,0.24526183,0.6720861,0.3457769,0.6451734,0.6383936,0.20081662,0.30073896,0.12322225,0.039875884
1.2.826.0.1.3680043.8.498.99493257395588095270208592176887619190,0.13551502,0.07005868,0.22550686,0.08420592,0.048692007,0.031118508,0.08444814,0.29164317,0.031053895,0.10128877,0.17906398,0.03789761
1.2.826.0.1.3680043.8.498.99526998617163591447503530185291775961,0.08487205,0.05640764,0.59498984,0.12555154,0.457421,0.19485885,0.50698215,0.51488024,0.08945763,0.24302594,0.09738497,0.02698291
1.2.826.0.1.3680043.8.498.99577045720075471058329330051900767206,0.29768765,0.17800435,0.8699106,0.4471549,0.7342584,0.3992141,0.562563,0.7740296,0.3418044,0.32780558,0.24447562,0.07041583
1.2.826.0.1.3680043.8.498.99578894341571394220300473118855007095,0.046661243,0.042023942,0.28211263,0.05792447,0.37145793,0.19353743,0.5836172,0.257946,0.071811065,0.22853349,0.060262904,0.03372574
1.2.826.0.1.3680043.8.498.99635784824711754116112241806442235135,0.046856508,0.040077385,0.29368415,0.070368215,0.47262356,0.22390468,0.60929334,0.34257516,0.091405325,0.2703976,0.064859495,0.032995895
1.2.826.0.1.3680043.8.498.99651725851820083142440965238449655973,0.09434135,0.06455515,0.09326281,0.0490114,0.025967691,0.023820248,0.06975067,0.141334,0.027598677,0.07071925,0.10992054,0.039116245
1.2.826.0.1.3680043.8.498.99708702196778120583644711299950439036,0.1689864,0.08320531,0.61280215,0.19255671,0.24288172,0.10179285,0.26701504,0.5887416,0.075877175,0.20723154,0.21715605,0.041049287
1.2.826.0.1.3680043.8.498.99710592666731203419714499168506345263,0.057221577,0.045703083,0.07714638,0.03673451,0.03567177,0.029709866,0.11532567,0.13574587,0.027245302,0.08267825,0.07685943,0.029396577
1.2.826.0.1.3680043.8.498.99725523560254732094432244556623376711,0.1986924,0.081822775,0.66254467,0.17965443,0.15309098,0.061680116,0.17478709,0.51130617,0.042896654,0.12945504,0.20909594,0.03267385
1.2.826.0.1.3680043.8.498.99726731706411379395165830480890405115,0.12254203,0.083363764,0.76773894,0.23340148,0.67504436,0.3493767,0.64317715,0.63581777,0.20063552,0.2974483,0.11578461,0.036182713
1.2.826.0.1.3680043.8.498.99768154649604643975127490783989114506,0.051584903,0.040871844,0.08873412,0.033564106,0.04613661,0.036259104,0.15418535,0.120335296,0.024977144,0.09198971,0.072154775,0.028172925
1.2.826.0.1.3680043.8.498.99813269006669714758887909212386431934,0.090077676,0.045395344,0.26247266,0.063785665,0.048468094,0.02982432,0.09911847,0.2525091,0.022161122,0.094140574,0.13552286,0.024496565
1.2.826.0.1.3680043.8.498.99826037216341310731701527407057049820,0.06612979,0.055270616,0.06584747,0.03665223,0.030721258,0.028472148,0.09556302,0.11227136,0.029930646,0.07538024,0.07953096,0.038526695
1.2.826.0.1.3680043.8.498.99827460918477409069820779642161448917,0.04164372,0.0354402,0.27116174,0.06196348,0.40339133,0.18849106,0.5568881,0.33711594,0.07534923,0.251863,0.059083667,0.027191276
1.2.826.0.1.3680043.8.498.99864345386635409953374818045984558970,0.11691828,0.09501029,0.7246962,0.26317745,0.84040785,0.5507091,0.77249926,0.69793165,0.34870285,0.46043226,0.12166723,0.056817338
1.2.826.0.1.3680043.8.498.99864558747514747686151806909794288262,0.044313822,0.03172225,0.17114942,0.04187067,0.11547306,0.061774146,0.28364998,0.23717274,0.030860534,0.1309206,0.06100624,0.019727472
1.2.826.0.1.3680043.8.498.99880021280666757817587834481314366555,0.20821688,0.14649494,0.8354723,0.41362092,0.8208111,0.51473814,0.67545205,0.79712284,0.43168175,0.4397078,0.18923248,0.069642104
1.2.826.0.1.3680043.8.498.99881620336512626242732899010111041290,0.11183203,0.06757617,0.11337992,0.058201853,0.028358996,0.02587969,0.06819248,0.17401059,0.028018303,0.07795791,0.1304724,0.040997982
1.2.826.0.1.3680043.8.498.99926624968240681772735102303531613209,0.26009032,0.10520133,0.69261146,0.21827158,0.14337923,0.060739633,0.1492008,0.51864064,0.046574034,0.12506951,0.25695494,0.042747848
1.2.826.0.1.3680043.8.498.99939100657291954890286900729983287973,0.07108731,0.05715596,0.06964416,0.039366182,0.02933758,0.026577052,0.090219,0.128557,0.029383933,0.07444281,0.08503686,0.03639416
1.2.826.0.1.3680043.8.498.99957611207313098696146908027229590966,0.07135636,0.057918,0.0763172,0.03879181,0.028958866,0.026936678,0.09541429,0.112034306,0.028387971,0.07111505,0.086858384,0.040999092
